-- SmartBudget AI - Database Seed
-- Generated for PostgreSQL
BEGIN;

-- Categories
INSERT INTO categories (id, name, type, color, icon, created_at, updated_at) VALUES (1, 'Salario', 'income', '#5999e9', 'icon-salario', NOW(), NOW());
INSERT INTO categories (id, name, type, color, icon, created_at, updated_at) VALUES (2, 'Freelance', 'income', '#2b8b35', 'icon-freelance', NOW(), NOW());
INSERT INTO categories (id, name, type, color, icon, created_at, updated_at) VALUES (3, 'Dividendos', 'income', '#8f5817', 'icon-dividendos', NOW(), NOW());
INSERT INTO categories (id, name, type, color, icon, created_at, updated_at) VALUES (4, 'Bonos', 'income', '#ec1503', 'icon-bonos', NOW(), NOW());
INSERT INTO categories (id, name, type, color, icon, created_at, updated_at) VALUES (5, 'Reembolsos', 'income', '#b8e638', 'icon-reembolsos', NOW(), NOW());
INSERT INTO categories (id, name, type, color, icon, created_at, updated_at) VALUES (6, 'Comida', 'expense', '#688920', 'icon-comida', NOW(), NOW());
INSERT INTO categories (id, name, type, color, icon, created_at, updated_at) VALUES (7, 'Restaurante', 'expense', '#45c380', 'icon-restaurante', NOW(), NOW());
INSERT INTO categories (id, name, type, color, icon, created_at, updated_at) VALUES (8, 'Transporte', 'expense', '#dc9139', 'icon-transporte', NOW(), NOW());
INSERT INTO categories (id, name, type, color, icon, created_at, updated_at) VALUES (9, 'Gasolina', 'expense', '#9c8ab7', 'icon-gasolina', NOW(), NOW());
INSERT INTO categories (id, name, type, color, icon, created_at, updated_at) VALUES (10, 'Salud', 'expense', '#53fbc3', 'icon-salud', NOW(), NOW());
INSERT INTO categories (id, name, type, color, icon, created_at, updated_at) VALUES (11, 'Farmacia', 'expense', '#917a6a', 'icon-farmacia', NOW(), NOW());
INSERT INTO categories (id, name, type, color, icon, created_at, updated_at) VALUES (12, 'Gimnasio', 'expense', '#178ee9', 'icon-gimnasio', NOW(), NOW());
INSERT INTO categories (id, name, type, color, icon, created_at, updated_at) VALUES (13, 'Servicios', 'expense', '#ad46cf', 'icon-servicios', NOW(), NOW());
INSERT INTO categories (id, name, type, color, icon, created_at, updated_at) VALUES (14, 'Internet', 'expense', '#904de3', 'icon-internet', NOW(), NOW());
INSERT INTO categories (id, name, type, color, icon, created_at, updated_at) VALUES (15, 'Luz', 'expense', '#3870ed', 'icon-luz', NOW(), NOW());
INSERT INTO categories (id, name, type, color, icon, created_at, updated_at) VALUES (16, 'Agua', 'expense', '#a1c153', 'icon-agua', NOW(), NOW());
INSERT INTO categories (id, name, type, color, icon, created_at, updated_at) VALUES (17, 'Teléfono', 'expense', '#e60f28', 'icon-telfono', NOW(), NOW());
INSERT INTO categories (id, name, type, color, icon, created_at, updated_at) VALUES (18, 'Educación', 'expense', '#313562', 'icon-educacin', NOW(), NOW());
INSERT INTO categories (id, name, type, color, icon, created_at, updated_at) VALUES (19, 'Universidad', 'expense', '#a656ce', 'icon-universidad', NOW(), NOW());
INSERT INTO categories (id, name, type, color, icon, created_at, updated_at) VALUES (20, 'Streaming', 'expense', '#4b909', 'icon-streaming', NOW(), NOW());
INSERT INTO categories (id, name, type, color, icon, created_at, updated_at) VALUES (21, 'Compras', 'expense', '#f08a99', 'icon-compras', NOW(), NOW());
INSERT INTO categories (id, name, type, color, icon, created_at, updated_at) VALUES (22, 'Ropa', 'expense', '#bc231', 'icon-ropa', NOW(), NOW());
INSERT INTO categories (id, name, type, color, icon, created_at, updated_at) VALUES (23, 'Viajes', 'expense', '#b203b', 'icon-viajes', NOW(), NOW());
INSERT INTO categories (id, name, type, color, icon, created_at, updated_at) VALUES (24, 'Mascotas', 'expense', '#b56e22', 'icon-mascotas', NOW(), NOW());
INSERT INTO categories (id, name, type, color, icon, created_at, updated_at) VALUES (25, 'Hogar', 'expense', '#735d67', 'icon-hogar', NOW(), NOW());
INSERT INTO categories (id, name, type, color, icon, created_at, updated_at) VALUES (26, 'Entretenimiento', 'expense', '#44c27e', 'icon-entretenimiento', NOW(), NOW());
INSERT INTO categories (id, name, type, color, icon, created_at, updated_at) VALUES (27, 'Impuestos', 'expense', '#3cc5e3', 'icon-impuestos', NOW(), NOW());
INSERT INTO categories (id, name, type, color, icon, created_at, updated_at) VALUES (28, 'ETF', 'investment', '#932b23', 'icon-etf', NOW(), NOW());
INSERT INTO categories (id, name, type, color, icon, created_at, updated_at) VALUES (29, 'Acciones', 'investment', '#39ea92', 'icon-acciones', NOW(), NOW());
INSERT INTO categories (id, name, type, color, icon, created_at, updated_at) VALUES (30, 'Criptomonedas', 'investment', '#320494', 'icon-criptomonedas', NOW(), NOW());
SELECT setval('categories_id_seq', 31);

-- Users and related data
INSERT INTO users (id, name, last_name, email, password, created_at, updated_at) VALUES (1, 'Laura', 'Gonzalez', 'laura.gonzalez1@example.com', 'password', NOW(), NOW());
INSERT INTO settings (user_id, currency, language, theme, monthly_income, payday, ai_enabled, created_at, updated_at) VALUES (1, 'MXN', 'es', 'dark', 18217.65, 4, true, NOW(), NOW());
INSERT INTO accounts (id, user_id, name, balance, color, icon, type, currency, created_at, updated_at) VALUES (1, 1, 'Efectivo', 1546.11, '#28939d', 'icon-cash', 'cash', 'MXN', NOW(), NOW());
INSERT INTO accounts (id, user_id, name, balance, color, icon, type, currency, created_at, updated_at) VALUES (2, 1, 'Nu', 12970.77, '#49c1f1', 'icon-cash', 'cash', 'MXN', NOW(), NOW());
INSERT INTO accounts (id, user_id, name, balance, color, icon, type, currency, created_at, updated_at) VALUES (3, 1, 'Nu', 614.07, '#16951a', 'icon-wallet', 'wallet', 'MXN', NOW(), NOW());
INSERT INTO accounts (id, user_id, name, balance, color, icon, type, currency, created_at, updated_at) VALUES (4, 1, 'Banorte', 8600.79, '#9f5ca3', 'icon-bank', 'bank', 'MXN', NOW(), NOW());
INSERT INTO funds (id, user_id, name, balance, color, icon, created_at, updated_at) VALUES (1, 1, 'Gastos necesarios', 5021.16, '#f11d4b', 'icon-fund', NOW(), NOW());
INSERT INTO fund_allocations (id, fund_id, category_id, created_at, updated_at) VALUES (1, 1, 26, NOW(), NOW());
INSERT INTO fund_allocations (id, fund_id, category_id, created_at, updated_at) VALUES (2, 1, 29, NOW(), NOW());
INSERT INTO funds (id, user_id, name, balance, color, icon, created_at, updated_at) VALUES (2, 1, 'Gastos personales', 7817.56, '#87dd67', 'icon-fund', NOW(), NOW());
INSERT INTO fund_allocations (id, fund_id, category_id, created_at, updated_at) VALUES (3, 2, 17, NOW(), NOW());
INSERT INTO fund_allocations (id, fund_id, category_id, created_at, updated_at) VALUES (4, 2, 5, NOW(), NOW());
INSERT INTO fund_allocations (id, fund_id, category_id, created_at, updated_at) VALUES (5, 2, 27, NOW(), NOW());
INSERT INTO fund_allocations (id, fund_id, category_id, created_at, updated_at) VALUES (6, 2, 15, NOW(), NOW());
INSERT INTO fund_allocations (id, fund_id, category_id, created_at, updated_at) VALUES (7, 2, 4, NOW(), NOW());
INSERT INTO fund_allocations (id, fund_id, category_id, created_at, updated_at) VALUES (8, 2, 19, NOW(), NOW());
INSERT INTO funds (id, user_id, name, balance, color, icon, created_at, updated_at) VALUES (3, 1, 'Ahorro', 2007.99, '#a4dd06', 'icon-fund', NOW(), NOW());
INSERT INTO fund_allocations (id, fund_id, category_id, created_at, updated_at) VALUES (9, 3, 20, NOW(), NOW());
INSERT INTO fund_allocations (id, fund_id, category_id, created_at, updated_at) VALUES (10, 3, 5, NOW(), NOW());
INSERT INTO fund_allocations (id, fund_id, category_id, created_at, updated_at) VALUES (11, 3, 3, NOW(), NOW());
INSERT INTO fund_allocations (id, fund_id, category_id, created_at, updated_at) VALUES (12, 3, 8, NOW(), NOW());
INSERT INTO fund_allocations (id, fund_id, category_id, created_at, updated_at) VALUES (13, 3, 15, NOW(), NOW());
INSERT INTO fund_allocations (id, fund_id, category_id, created_at, updated_at) VALUES (14, 3, 6, NOW(), NOW());
INSERT INTO funds (id, user_id, name, balance, color, icon, created_at, updated_at) VALUES (4, 1, 'Inversión', 12938.80, '#50b291', 'icon-fund', NOW(), NOW());
INSERT INTO fund_allocations (id, fund_id, category_id, created_at, updated_at) VALUES (15, 4, 8, NOW(), NOW());
INSERT INTO fund_allocations (id, fund_id, category_id, created_at, updated_at) VALUES (16, 4, 13, NOW(), NOW());
INSERT INTO fund_allocations (id, fund_id, category_id, created_at, updated_at) VALUES (17, 4, 9, NOW(), NOW());
INSERT INTO funds (id, user_id, name, balance, color, icon, created_at, updated_at) VALUES (5, 1, 'Fondo de emergencia', 18742.04, '#2a2df0', 'icon-fund', NOW(), NOW());
INSERT INTO fund_allocations (id, fund_id, category_id, created_at, updated_at) VALUES (18, 5, 11, NOW(), NOW());
INSERT INTO fund_allocations (id, fund_id, category_id, created_at, updated_at) VALUES (19, 5, 24, NOW(), NOW());
INSERT INTO fund_allocations (id, fund_id, category_id, created_at, updated_at) VALUES (20, 5, 30, NOW(), NOW());
INSERT INTO fund_allocations (id, fund_id, category_id, created_at, updated_at) VALUES (21, 5, 29, NOW(), NOW());
INSERT INTO funds (id, user_id, name, balance, color, icon, created_at, updated_at) VALUES (6, 1, 'Vacaciones', 13996.81, '#f7b4f9', 'icon-fund', NOW(), NOW());
INSERT INTO fund_allocations (id, fund_id, category_id, created_at, updated_at) VALUES (22, 6, 17, NOW(), NOW());
INSERT INTO fund_allocations (id, fund_id, category_id, created_at, updated_at) VALUES (23, 6, 10, NOW(), NOW());
INSERT INTO fund_allocations (id, fund_id, category_id, created_at, updated_at) VALUES (24, 6, 23, NOW(), NOW());
INSERT INTO fund_allocations (id, fund_id, category_id, created_at, updated_at) VALUES (25, 6, 29, NOW(), NOW());
INSERT INTO fund_allocations (id, fund_id, category_id, created_at, updated_at) VALUES (26, 6, 20, NOW(), NOW());
INSERT INTO transactions (id, user_id, account_id, category_id, type, amount, description, notes, date, created_at, updated_at) VALUES (1, 1, 2, 27, 'expense', 736.13, 'Telcel', 'Nota de prueba', '2025-09-02 08:14:05', NOW(), NOW());
INSERT INTO transactions (id, user_id, account_id, category_id, type, amount, description, notes, date, created_at, updated_at) VALUES (2, 1, 4, 30, 'investment', 3743.11, 'Interactive Brokers', 'Nota de prueba', '2026-04-22 14:46:20', NOW(), NOW());
INSERT INTO transactions (id, user_id, account_id, category_id, type, amount, description, notes, date, created_at, updated_at) VALUES (3, 1, 2, 10, 'expense', 3412.94, 'Domino''s', 'Nota de prueba', '2026-05-01 04:00:10', NOW(), NOW());
INSERT INTO transactions (id, user_id, account_id, category_id, type, amount, description, notes, date, created_at, updated_at) VALUES (4, 1, 4, 6, 'expense', 3377.38, 'Mercado Libre', 'Nota de prueba', '2026-07-02 01:10:56', NOW(), NOW());
INSERT INTO transactions (id, user_id, account_id, category_id, type, amount, description, notes, date, created_at, updated_at) VALUES (5, 1, 2, 12, 'expense', 1733.25, 'McDonald''s', 'Nota de prueba', '2026-06-27 11:16:17', NOW(), NOW());
INSERT INTO transactions (id, user_id, account_id, category_id, type, amount, description, notes, date, created_at, updated_at) VALUES (6, 1, 3, 17, 'expense', 290.20, 'Didi', 'Nota de prueba', '2026-05-09 06:50:55', NOW(), NOW());
INSERT INTO transactions (id, user_id, account_id, category_id, type, amount, description, notes, date, created_at, updated_at) VALUES (7, 1, 3, 6, 'expense', 879.07, 'Izzi', 'Nota de prueba', '2025-07-13 11:18:53', NOW(), NOW());
INSERT INTO transactions (id, user_id, account_id, category_id, type, amount, description, notes, date, created_at, updated_at) VALUES (8, 1, 4, 26, 'expense', 4337.34, 'Walmart', 'Nota de prueba', '2025-07-28 22:29:00', NOW(), NOW());
INSERT INTO transactions (id, user_id, account_id, category_id, type, amount, description, notes, date, created_at, updated_at) VALUES (9, 1, 3, 18, 'expense', 904.48, 'Amazon', 'Nota de prueba', '2025-11-02 21:32:27', NOW(), NOW());
INSERT INTO transactions (id, user_id, account_id, category_id, type, amount, description, notes, date, created_at, updated_at) VALUES (10, 1, 4, 17, 'expense', 4186.61, 'Apple', 'Nota de prueba', '2026-06-29 05:52:23', NOW(), NOW());
INSERT INTO transactions (id, user_id, account_id, category_id, type, amount, description, notes, date, created_at, updated_at) VALUES (11, 1, 1, 19, 'expense', 1832.99, 'Steam', 'Nota de prueba', '2026-04-11 06:26:53', NOW(), NOW());
INSERT INTO transactions (id, user_id, account_id, category_id, type, amount, description, notes, date, created_at, updated_at) VALUES (12, 1, 1, 23, 'expense', 258.09, 'Mercado Libre', 'Nota de prueba', '2026-03-09 21:38:12', NOW(), NOW());
INSERT INTO transactions (id, user_id, account_id, category_id, type, amount, description, notes, date, created_at, updated_at) VALUES (13, 1, 1, 5, 'income', 3087.21, 'Upwork', 'Nota de prueba', '2026-03-11 06:53:55', NOW(), NOW());
INSERT INTO transactions (id, user_id, account_id, category_id, type, amount, description, notes, date, created_at, updated_at) VALUES (14, 1, 2, 15, 'expense', 4395.21, 'Amazon', 'Nota de prueba', '2025-09-19 20:50:24', NOW(), NOW());
INSERT INTO transactions (id, user_id, account_id, category_id, type, amount, description, notes, date, created_at, updated_at) VALUES (15, 1, 1, 25, 'expense', 1324.68, 'Soriana', 'Nota de prueba', '2025-09-03 13:15:44', NOW(), NOW());
INSERT INTO transactions (id, user_id, account_id, category_id, type, amount, description, notes, date, created_at, updated_at) VALUES (16, 1, 4, 24, 'expense', 1385.72, 'Amazon', 'Nota de prueba', '2025-11-27 17:34:42', NOW(), NOW());
INSERT INTO transactions (id, user_id, account_id, category_id, type, amount, description, notes, date, created_at, updated_at) VALUES (17, 1, 1, 28, 'investment', 3609.93, 'Binance', 'Nota de prueba', '2025-09-26 23:20:57', NOW(), NOW());
INSERT INTO transactions (id, user_id, account_id, category_id, type, amount, description, notes, date, created_at, updated_at) VALUES (18, 1, 3, 3, 'income', 3252.04, 'SAT Reembolso', 'Nota de prueba', '2025-10-30 06:14:46', NOW(), NOW());
INSERT INTO transactions (id, user_id, account_id, category_id, type, amount, description, notes, date, created_at, updated_at) VALUES (19, 1, 2, 19, 'expense', 2362.43, 'Spotify', 'Nota de prueba', '2026-04-20 18:18:04', NOW(), NOW());
INSERT INTO transactions (id, user_id, account_id, category_id, type, amount, description, notes, date, created_at, updated_at) VALUES (20, 1, 4, 23, 'expense', 3546.54, 'Telcel', 'Nota de prueba', '2026-01-20 07:32:11', NOW(), NOW());
INSERT INTO transactions (id, user_id, account_id, category_id, type, amount, description, notes, date, created_at, updated_at) VALUES (21, 1, 1, 10, 'expense', 3948.54, 'Apple', 'Nota de prueba', '2025-10-31 12:04:42', NOW(), NOW());
INSERT INTO transactions (id, user_id, account_id, category_id, type, amount, description, notes, date, created_at, updated_at) VALUES (22, 1, 3, 10, 'expense', 1129.06, 'OXXO', 'Nota de prueba', '2025-09-13 15:33:19', NOW(), NOW());
INSERT INTO transactions (id, user_id, account_id, category_id, type, amount, description, notes, date, created_at, updated_at) VALUES (23, 1, 3, 19, 'expense', 1574.28, 'Apple', 'Nota de prueba', '2026-03-12 07:15:25', NOW(), NOW());
INSERT INTO transactions (id, user_id, account_id, category_id, type, amount, description, notes, date, created_at, updated_at) VALUES (24, 1, 2, 13, 'expense', 2325.13, 'Gasolinera Pemex', 'Nota de prueba', '2026-05-17 18:26:36', NOW(), NOW());
INSERT INTO transactions (id, user_id, account_id, category_id, type, amount, description, notes, date, created_at, updated_at) VALUES (25, 1, 2, 23, 'expense', 265.38, 'Izzi', 'Nota de prueba', '2026-04-26 22:04:21', NOW(), NOW());
INSERT INTO transactions (id, user_id, account_id, category_id, type, amount, description, notes, date, created_at, updated_at) VALUES (26, 1, 1, 15, 'expense', 1226.80, 'Amazon', 'Nota de prueba', '2026-04-03 11:23:09', NOW(), NOW());
INSERT INTO transactions (id, user_id, account_id, category_id, type, amount, description, notes, date, created_at, updated_at) VALUES (27, 1, 1, 24, 'expense', 3363.69, 'Didi', 'Nota de prueba', '2026-01-29 04:58:32', NOW(), NOW());
INSERT INTO transactions (id, user_id, account_id, category_id, type, amount, description, notes, date, created_at, updated_at) VALUES (28, 1, 1, 10, 'expense', 1842.67, 'Costco', 'Nota de prueba', '2025-11-06 18:27:07', NOW(), NOW());
INSERT INTO transactions (id, user_id, account_id, category_id, type, amount, description, notes, date, created_at, updated_at) VALUES (29, 1, 2, 21, 'expense', 4048.45, 'Costco', 'Nota de prueba', '2026-03-01 02:27:37', NOW(), NOW());
INSERT INTO transactions (id, user_id, account_id, category_id, type, amount, description, notes, date, created_at, updated_at) VALUES (30, 1, 4, 1, 'income', 3835.56, 'Fiverr', 'Nota de prueba', '2025-09-09 11:27:48', NOW(), NOW());
INSERT INTO transactions (id, user_id, account_id, category_id, type, amount, description, notes, date, created_at, updated_at) VALUES (31, 1, 2, 26, 'expense', 1387.72, 'Starbucks', 'Nota de prueba', '2026-06-01 21:18:54', NOW(), NOW());
INSERT INTO transactions (id, user_id, account_id, category_id, type, amount, description, notes, date, created_at, updated_at) VALUES (32, 1, 1, 7, 'expense', 2171.33, 'Cinépolis', 'Nota de prueba', '2026-03-26 05:15:01', NOW(), NOW());
INSERT INTO transactions (id, user_id, account_id, category_id, type, amount, description, notes, date, created_at, updated_at) VALUES (33, 1, 1, 3, 'income', 1116.23, 'Fiverr', 'Nota de prueba', '2025-09-29 21:43:11', NOW(), NOW());
INSERT INTO transactions (id, user_id, account_id, category_id, type, amount, description, notes, date, created_at, updated_at) VALUES (34, 1, 3, 13, 'expense', 2086.67, 'Spotify', 'Nota de prueba', '2026-05-19 10:36:59', NOW(), NOW());
INSERT INTO transactions (id, user_id, account_id, category_id, type, amount, description, notes, date, created_at, updated_at) VALUES (35, 1, 3, 14, 'expense', 992.79, 'Telcel', 'Nota de prueba', '2025-11-21 16:34:01', NOW(), NOW());
INSERT INTO transactions (id, user_id, account_id, category_id, type, amount, description, notes, date, created_at, updated_at) VALUES (36, 1, 1, 9, 'expense', 3848.21, 'Amazon', 'Nota de prueba', '2025-11-17 23:25:01', NOW(), NOW());
INSERT INTO transactions (id, user_id, account_id, category_id, type, amount, description, notes, date, created_at, updated_at) VALUES (37, 1, 2, 24, 'expense', 3111.10, 'Gasolinera Pemex', 'Nota de prueba', '2025-08-29 13:06:34', NOW(), NOW());
INSERT INTO transactions (id, user_id, account_id, category_id, type, amount, description, notes, date, created_at, updated_at) VALUES (38, 1, 1, 22, 'expense', 3210.10, 'Steam', 'Nota de prueba', '2026-01-14 12:47:23', NOW(), NOW());
INSERT INTO transactions (id, user_id, account_id, category_id, type, amount, description, notes, date, created_at, updated_at) VALUES (39, 1, 2, 29, 'investment', 4475.17, 'Interactive Brokers', 'Nota de prueba', '2026-06-21 12:59:20', NOW(), NOW());
INSERT INTO transactions (id, user_id, account_id, category_id, type, amount, description, notes, date, created_at, updated_at) VALUES (40, 1, 3, 12, 'expense', 3740.64, 'Cinépolis', 'Nota de prueba', '2026-05-01 14:12:05', NOW(), NOW());
INSERT INTO transactions (id, user_id, account_id, category_id, type, amount, description, notes, date, created_at, updated_at) VALUES (41, 1, 3, 23, 'expense', 1967.66, 'Telcel', 'Nota de prueba', '2025-11-09 16:34:30', NOW(), NOW());
INSERT INTO transactions (id, user_id, account_id, category_id, type, amount, description, notes, date, created_at, updated_at) VALUES (42, 1, 3, 21, 'expense', 1858.61, 'Steam', 'Nota de prueba', '2025-09-10 05:15:11', NOW(), NOW());
INSERT INTO transactions (id, user_id, account_id, category_id, type, amount, description, notes, date, created_at, updated_at) VALUES (43, 1, 1, 20, 'expense', 3125.52, 'Telcel', 'Nota de prueba', '2026-06-07 08:23:17', NOW(), NOW());
INSERT INTO transactions (id, user_id, account_id, category_id, type, amount, description, notes, date, created_at, updated_at) VALUES (44, 1, 4, 12, 'expense', 3726.17, 'McDonald''s', 'Nota de prueba', '2025-08-14 20:08:40', NOW(), NOW());
INSERT INTO transactions (id, user_id, account_id, category_id, type, amount, description, notes, date, created_at, updated_at) VALUES (45, 1, 2, 30, 'investment', 3993.94, 'Binance', 'Nota de prueba', '2026-03-07 18:37:57', NOW(), NOW());
INSERT INTO transactions (id, user_id, account_id, category_id, type, amount, description, notes, date, created_at, updated_at) VALUES (46, 1, 4, 19, 'expense', 2201.86, 'Telcel', 'Nota de prueba', '2026-06-27 00:52:11', NOW(), NOW());
INSERT INTO transactions (id, user_id, account_id, category_id, type, amount, description, notes, date, created_at, updated_at) VALUES (47, 1, 4, 8, 'expense', 3891.43, 'OXXO', 'Nota de prueba', '2025-09-13 02:26:56', NOW(), NOW());
INSERT INTO transactions (id, user_id, account_id, category_id, type, amount, description, notes, date, created_at, updated_at) VALUES (48, 1, 2, 24, 'expense', 990.34, 'Soriana', 'Nota de prueba', '2026-05-01 06:53:38', NOW(), NOW());
INSERT INTO transactions (id, user_id, account_id, category_id, type, amount, description, notes, date, created_at, updated_at) VALUES (49, 1, 1, 27, 'expense', 2311.05, 'Starbucks', 'Nota de prueba', '2025-12-04 12:52:21', NOW(), NOW());
INSERT INTO transactions (id, user_id, account_id, category_id, type, amount, description, notes, date, created_at, updated_at) VALUES (50, 1, 4, 3, 'income', 509.38, 'SAT Reembolso', 'Nota de prueba', '2026-05-09 23:57:39', NOW(), NOW());
INSERT INTO budgets (id, user_id, category_id, amount, month, created_at, updated_at) VALUES (1, 1, 15, 4048.01, '2026-07-01', NOW(), NOW());
INSERT INTO budgets (id, user_id, category_id, amount, month, created_at, updated_at) VALUES (2, 1, 24, 4963.34, '2026-07-01', NOW(), NOW());
INSERT INTO budgets (id, user_id, category_id, amount, month, created_at, updated_at) VALUES (3, 1, 14, 1880.61, '2026-07-01', NOW(), NOW());
INSERT INTO budgets (id, user_id, category_id, amount, month, created_at, updated_at) VALUES (4, 1, 27, 1504.56, '2026-07-01', NOW(), NOW());
INSERT INTO budgets (id, user_id, category_id, amount, month, created_at, updated_at) VALUES (5, 1, 7, 1993.33, '2026-07-01', NOW(), NOW());
INSERT INTO goals (id, user_id, name, target_amount, current_amount, status, deadline, created_at, updated_at) VALUES (1, 1, 'Fondo de emergencia', 74205.23, 5865.59, 'paused', '2026-08-12', NOW(), NOW());
INSERT INTO goals (id, user_id, name, target_amount, current_amount, status, deadline, created_at, updated_at) VALUES (2, 1, 'Comprar automóvil', 80528.69, 13794.85, 'active', '2026-10-19', NOW(), NOW());
INSERT INTO goals (id, user_id, name, target_amount, current_amount, status, deadline, created_at, updated_at) VALUES (3, 1, 'Invertir 100,000', 90187.47, 48957.23, 'active', '2026-10-03', NOW(), NOW());
INSERT INTO subscriptions (id, user_id, name, amount, billing_cycle, next_billing_date, category_id, account_id, created_at, updated_at) VALUES (1, 1, 'Disney+', 247.22, 'monthly', '2026-07-10', 21, 1, NOW(), NOW());
INSERT INTO subscriptions (id, user_id, name, amount, billing_cycle, next_billing_date, category_id, account_id, created_at, updated_at) VALUES (2, 1, 'YouTube Premium', 100.58, 'monthly', '2026-07-14', 22, 3, NOW(), NOW());
INSERT INTO subscriptions (id, user_id, name, amount, billing_cycle, next_billing_date, category_id, account_id, created_at, updated_at) VALUES (3, 1, 'Crunchyroll', 294.66, 'monthly', '2026-07-21', 26, 1, NOW(), NOW());
INSERT INTO subscriptions (id, user_id, name, amount, billing_cycle, next_billing_date, category_id, account_id, created_at, updated_at) VALUES (4, 1, 'Microsoft 365', 176.17, 'monthly', '2026-07-27', 15, 4, NOW(), NOW());
INSERT INTO subscriptions (id, user_id, name, amount, billing_cycle, next_billing_date, category_id, account_id, created_at, updated_at) VALUES (5, 1, 'iCloud', 247.62, 'monthly', '2026-07-26', 17, 4, NOW(), NOW());
INSERT INTO subscriptions (id, user_id, name, amount, billing_cycle, next_billing_date, category_id, account_id, created_at, updated_at) VALUES (6, 1, 'Spotify', 275.64, 'monthly', '2026-07-11', 16, 3, NOW(), NOW());
INSERT INTO subscriptions (id, user_id, name, amount, billing_cycle, next_billing_date, category_id, account_id, created_at, updated_at) VALUES (7, 1, 'Amazon Prime', 211.16, 'monthly', '2026-07-19', 8, 4, NOW(), NOW());
INSERT INTO subscriptions (id, user_id, name, amount, billing_cycle, next_billing_date, category_id, account_id, created_at, updated_at) VALUES (8, 1, 'Google One', 161.36, 'monthly', '2026-07-07', 27, 3, NOW(), NOW());
INSERT INTO subscriptions (id, user_id, name, amount, billing_cycle, next_billing_date, category_id, account_id, created_at, updated_at) VALUES (9, 1, 'ChatGPT Plus', 184.52, 'monthly', '2026-07-20', 19, 2, NOW(), NOW());
INSERT INTO subscriptions (id, user_id, name, amount, billing_cycle, next_billing_date, category_id, account_id, created_at, updated_at) VALUES (10, 1, 'Netflix', 118.88, 'monthly', '2026-07-28', 13, 4, NOW(), NOW());
INSERT INTO investments (id, user_id, account_id, symbol, quantity, average_price, currency, type, created_at, updated_at) VALUES (1, 1, 1, 'QQQ', 5.13, 224.11, 'USD', 'etf', NOW(), NOW());
INSERT INTO investment_prices (id, investment_id, price, date, created_at, updated_at) VALUES (1, 1, 225.02, '2025-07-14 06:34:37', NOW(), NOW());
INSERT INTO investment_prices (id, investment_id, price, date, created_at, updated_at) VALUES (2, 1, 229.69, '2025-07-26 06:34:37', NOW(), NOW());
INSERT INTO investment_prices (id, investment_id, price, date, created_at, updated_at) VALUES (3, 1, 226.25, '2025-08-07 06:34:37', NOW(), NOW());
INSERT INTO investment_prices (id, investment_id, price, date, created_at, updated_at) VALUES (4, 1, 234.34, '2025-08-19 06:34:37', NOW(), NOW());
INSERT INTO investment_prices (id, investment_id, price, date, created_at, updated_at) VALUES (5, 1, 238.35, '2025-08-31 06:34:37', NOW(), NOW());
INSERT INTO investment_prices (id, investment_id, price, date, created_at, updated_at) VALUES (6, 1, 235.75, '2025-09-12 06:34:37', NOW(), NOW());
INSERT INTO investment_prices (id, investment_id, price, date, created_at, updated_at) VALUES (7, 1, 233.32, '2025-09-24 06:34:37', NOW(), NOW());
INSERT INTO investment_prices (id, investment_id, price, date, created_at, updated_at) VALUES (8, 1, 244.05, '2025-10-06 06:34:37', NOW(), NOW());
INSERT INTO investment_prices (id, investment_id, price, date, created_at, updated_at) VALUES (9, 1, 256.65, '2025-10-18 06:34:37', NOW(), NOW());
INSERT INTO investment_prices (id, investment_id, price, date, created_at, updated_at) VALUES (10, 1, 271.86, '2025-10-30 06:34:37', NOW(), NOW());
INSERT INTO investment_prices (id, investment_id, price, date, created_at, updated_at) VALUES (11, 1, 277.58, '2025-11-11 06:34:37', NOW(), NOW());
INSERT INTO investment_prices (id, investment_id, price, date, created_at, updated_at) VALUES (12, 1, 270.91, '2025-11-23 06:34:37', NOW(), NOW());
INSERT INTO investment_prices (id, investment_id, price, date, created_at, updated_at) VALUES (13, 1, 278.90, '2025-12-05 06:34:37', NOW(), NOW());
INSERT INTO investment_prices (id, investment_id, price, date, created_at, updated_at) VALUES (14, 1, 285.64, '2025-12-17 06:34:37', NOW(), NOW());
INSERT INTO investment_prices (id, investment_id, price, date, created_at, updated_at) VALUES (15, 1, 296.49, '2025-12-29 06:34:37', NOW(), NOW());
INSERT INTO investment_prices (id, investment_id, price, date, created_at, updated_at) VALUES (16, 1, 288.53, '2026-01-10 06:34:37', NOW(), NOW());
INSERT INTO investment_prices (id, investment_id, price, date, created_at, updated_at) VALUES (17, 1, 299.74, '2026-01-22 06:34:37', NOW(), NOW());
INSERT INTO investment_prices (id, investment_id, price, date, created_at, updated_at) VALUES (18, 1, 300.13, '2026-02-03 06:34:37', NOW(), NOW());
INSERT INTO investment_prices (id, investment_id, price, date, created_at, updated_at) VALUES (19, 1, 300.29, '2026-02-15 06:34:37', NOW(), NOW());
INSERT INTO investment_prices (id, investment_id, price, date, created_at, updated_at) VALUES (20, 1, 302.79, '2026-02-27 06:34:37', NOW(), NOW());
INSERT INTO investment_prices (id, investment_id, price, date, created_at, updated_at) VALUES (21, 1, 316.76, '2026-03-11 06:34:37', NOW(), NOW());
INSERT INTO investment_prices (id, investment_id, price, date, created_at, updated_at) VALUES (22, 1, 313.20, '2026-03-23 06:34:37', NOW(), NOW());
INSERT INTO investment_prices (id, investment_id, price, date, created_at, updated_at) VALUES (23, 1, 327.67, '2026-04-04 06:34:37', NOW(), NOW());
INSERT INTO investment_prices (id, investment_id, price, date, created_at, updated_at) VALUES (24, 1, 329.78, '2026-04-16 06:34:37', NOW(), NOW());
INSERT INTO investment_prices (id, investment_id, price, date, created_at, updated_at) VALUES (25, 1, 342.97, '2026-04-28 06:34:37', NOW(), NOW());
INSERT INTO investment_prices (id, investment_id, price, date, created_at, updated_at) VALUES (26, 1, 344.00, '2026-05-10 06:34:37', NOW(), NOW());
INSERT INTO investment_prices (id, investment_id, price, date, created_at, updated_at) VALUES (27, 1, 351.51, '2026-05-22 06:34:37', NOW(), NOW());
INSERT INTO investment_prices (id, investment_id, price, date, created_at, updated_at) VALUES (28, 1, 356.28, '2026-06-03 06:34:37', NOW(), NOW());
INSERT INTO investment_prices (id, investment_id, price, date, created_at, updated_at) VALUES (29, 1, 373.99, '2026-06-15 06:34:37', NOW(), NOW());
INSERT INTO investment_prices (id, investment_id, price, date, created_at, updated_at) VALUES (30, 1, 373.78, '2026-06-27 06:34:37', NOW(), NOW());
INSERT INTO investments (id, user_id, account_id, symbol, quantity, average_price, currency, type, created_at, updated_at) VALUES (2, 1, 1, 'NVDA', 1.91, 190.55, 'USD', 'stock', NOW(), NOW());
INSERT INTO investment_prices (id, investment_id, price, date, created_at, updated_at) VALUES (31, 2, 191.62, '2025-07-14 06:34:37', NOW(), NOW());
INSERT INTO investment_prices (id, investment_id, price, date, created_at, updated_at) VALUES (32, 2, 184.79, '2025-07-26 06:34:37', NOW(), NOW());
INSERT INTO investment_prices (id, investment_id, price, date, created_at, updated_at) VALUES (33, 2, 186.44, '2025-08-07 06:34:37', NOW(), NOW());
INSERT INTO investment_prices (id, investment_id, price, date, created_at, updated_at) VALUES (34, 2, 186.05, '2025-08-19 06:34:37', NOW(), NOW());
INSERT INTO investment_prices (id, investment_id, price, date, created_at, updated_at) VALUES (35, 2, 181.67, '2025-08-31 06:34:37', NOW(), NOW());
INSERT INTO investment_prices (id, investment_id, price, date, created_at, updated_at) VALUES (36, 2, 189.33, '2025-09-12 06:34:37', NOW(), NOW());
INSERT INTO investment_prices (id, investment_id, price, date, created_at, updated_at) VALUES (37, 2, 183.05, '2025-09-24 06:34:37', NOW(), NOW());
INSERT INTO investment_prices (id, investment_id, price, date, created_at, updated_at) VALUES (38, 2, 182.18, '2025-10-06 06:34:37', NOW(), NOW());
INSERT INTO investment_prices (id, investment_id, price, date, created_at, updated_at) VALUES (39, 2, 187.46, '2025-10-18 06:34:37', NOW(), NOW());
INSERT INTO investment_prices (id, investment_id, price, date, created_at, updated_at) VALUES (40, 2, 192.37, '2025-10-30 06:34:37', NOW(), NOW());
INSERT INTO investment_prices (id, investment_id, price, date, created_at, updated_at) VALUES (41, 2, 203.34, '2025-11-11 06:34:37', NOW(), NOW());
INSERT INTO investment_prices (id, investment_id, price, date, created_at, updated_at) VALUES (42, 2, 215.02, '2025-11-23 06:34:37', NOW(), NOW());
INSERT INTO investment_prices (id, investment_id, price, date, created_at, updated_at) VALUES (43, 2, 219.45, '2025-12-05 06:34:37', NOW(), NOW());
INSERT INTO investment_prices (id, investment_id, price, date, created_at, updated_at) VALUES (44, 2, 215.82, '2025-12-17 06:34:37', NOW(), NOW());
INSERT INTO investment_prices (id, investment_id, price, date, created_at, updated_at) VALUES (45, 2, 222.47, '2025-12-29 06:34:37', NOW(), NOW());
INSERT INTO investment_prices (id, investment_id, price, date, created_at, updated_at) VALUES (46, 2, 231.42, '2026-01-10 06:34:37', NOW(), NOW());
INSERT INTO investment_prices (id, investment_id, price, date, created_at, updated_at) VALUES (47, 2, 227.81, '2026-01-22 06:34:37', NOW(), NOW());
INSERT INTO investment_prices (id, investment_id, price, date, created_at, updated_at) VALUES (48, 2, 232.24, '2026-02-03 06:34:37', NOW(), NOW());
INSERT INTO investment_prices (id, investment_id, price, date, created_at, updated_at) VALUES (49, 2, 229.38, '2026-02-15 06:34:37', NOW(), NOW());
INSERT INTO investment_prices (id, investment_id, price, date, created_at, updated_at) VALUES (50, 2, 222.07, '2026-02-27 06:34:37', NOW(), NOW());
INSERT INTO investment_prices (id, investment_id, price, date, created_at, updated_at) VALUES (51, 2, 232.44, '2026-03-11 06:34:37', NOW(), NOW());
INSERT INTO investment_prices (id, investment_id, price, date, created_at, updated_at) VALUES (52, 2, 231.38, '2026-03-23 06:34:37', NOW(), NOW());
INSERT INTO investment_prices (id, investment_id, price, date, created_at, updated_at) VALUES (53, 2, 228.88, '2026-04-04 06:34:37', NOW(), NOW());
INSERT INTO investment_prices (id, investment_id, price, date, created_at, updated_at) VALUES (54, 2, 224.44, '2026-04-16 06:34:37', NOW(), NOW());
INSERT INTO investment_prices (id, investment_id, price, date, created_at, updated_at) VALUES (55, 2, 235.87, '2026-04-28 06:34:37', NOW(), NOW());
INSERT INTO investment_prices (id, investment_id, price, date, created_at, updated_at) VALUES (56, 2, 245.80, '2026-05-10 06:34:37', NOW(), NOW());
INSERT INTO investment_prices (id, investment_id, price, date, created_at, updated_at) VALUES (57, 2, 248.27, '2026-05-22 06:34:37', NOW(), NOW());
INSERT INTO investment_prices (id, investment_id, price, date, created_at, updated_at) VALUES (58, 2, 251.94, '2026-06-03 06:34:37', NOW(), NOW());
INSERT INTO investment_prices (id, investment_id, price, date, created_at, updated_at) VALUES (59, 2, 253.47, '2026-06-15 06:34:37', NOW(), NOW());
INSERT INTO investment_prices (id, investment_id, price, date, created_at, updated_at) VALUES (60, 2, 259.17, '2026-06-27 06:34:37', NOW(), NOW());
INSERT INTO investments (id, user_id, account_id, symbol, quantity, average_price, currency, type, created_at, updated_at) VALUES (3, 1, 3, 'XRP', 35.82, 453.76, 'USD', 'crypto', NOW(), NOW());
INSERT INTO investment_prices (id, investment_id, price, date, created_at, updated_at) VALUES (61, 3, 448.18, '2025-07-14 06:34:37', NOW(), NOW());
INSERT INTO investment_prices (id, investment_id, price, date, created_at, updated_at) VALUES (62, 3, 444.64, '2025-07-26 06:34:37', NOW(), NOW());
INSERT INTO investment_prices (id, investment_id, price, date, created_at, updated_at) VALUES (63, 3, 431.07, '2025-08-07 06:34:37', NOW(), NOW());
INSERT INTO investment_prices (id, investment_id, price, date, created_at, updated_at) VALUES (64, 3, 440.56, '2025-08-19 06:34:37', NOW(), NOW());
INSERT INTO investment_prices (id, investment_id, price, date, created_at, updated_at) VALUES (65, 3, 457.06, '2025-08-31 06:34:37', NOW(), NOW());
INSERT INTO investment_prices (id, investment_id, price, date, created_at, updated_at) VALUES (66, 3, 458.73, '2025-09-12 06:34:37', NOW(), NOW());
INSERT INTO investment_prices (id, investment_id, price, date, created_at, updated_at) VALUES (67, 3, 450.55, '2025-09-24 06:34:37', NOW(), NOW());
INSERT INTO investment_prices (id, investment_id, price, date, created_at, updated_at) VALUES (68, 3, 459.67, '2025-10-06 06:34:37', NOW(), NOW());
INSERT INTO investment_prices (id, investment_id, price, date, created_at, updated_at) VALUES (69, 3, 454.90, '2025-10-18 06:34:37', NOW(), NOW());
INSERT INTO investment_prices (id, investment_id, price, date, created_at, updated_at) VALUES (70, 3, 471.65, '2025-10-30 06:34:37', NOW(), NOW());
INSERT INTO investment_prices (id, investment_id, price, date, created_at, updated_at) VALUES (71, 3, 488.89, '2025-11-11 06:34:37', NOW(), NOW());
INSERT INTO investment_prices (id, investment_id, price, date, created_at, updated_at) VALUES (72, 3, 503.51, '2025-11-23 06:34:37', NOW(), NOW());
INSERT INTO investment_prices (id, investment_id, price, date, created_at, updated_at) VALUES (73, 3, 518.60, '2025-12-05 06:34:37', NOW(), NOW());
INSERT INTO investment_prices (id, investment_id, price, date, created_at, updated_at) VALUES (74, 3, 542.10, '2025-12-17 06:34:37', NOW(), NOW());
INSERT INTO investment_prices (id, investment_id, price, date, created_at, updated_at) VALUES (75, 3, 543.34, '2025-12-29 06:34:37', NOW(), NOW());
INSERT INTO investment_prices (id, investment_id, price, date, created_at, updated_at) VALUES (76, 3, 526.64, '2026-01-10 06:34:37', NOW(), NOW());
INSERT INTO investment_prices (id, investment_id, price, date, created_at, updated_at) VALUES (77, 3, 551.09, '2026-01-22 06:34:37', NOW(), NOW());
INSERT INTO investment_prices (id, investment_id, price, date, created_at, updated_at) VALUES (78, 3, 563.34, '2026-02-03 06:34:37', NOW(), NOW());
INSERT INTO investment_prices (id, investment_id, price, date, created_at, updated_at) VALUES (79, 3, 553.03, '2026-02-15 06:34:37', NOW(), NOW());
INSERT INTO investment_prices (id, investment_id, price, date, created_at, updated_at) VALUES (80, 3, 577.08, '2026-02-27 06:34:37', NOW(), NOW());
INSERT INTO investment_prices (id, investment_id, price, date, created_at, updated_at) VALUES (81, 3, 590.42, '2026-03-11 06:34:37', NOW(), NOW());
INSERT INTO investment_prices (id, investment_id, price, date, created_at, updated_at) VALUES (82, 3, 613.29, '2026-03-23 06:34:37', NOW(), NOW());
INSERT INTO investment_prices (id, investment_id, price, date, created_at, updated_at) VALUES (83, 3, 610.23, '2026-04-04 06:34:37', NOW(), NOW());
INSERT INTO investment_prices (id, investment_id, price, date, created_at, updated_at) VALUES (84, 3, 637.65, '2026-04-16 06:34:37', NOW(), NOW());
INSERT INTO investment_prices (id, investment_id, price, date, created_at, updated_at) VALUES (85, 3, 641.91, '2026-04-28 06:34:37', NOW(), NOW());
INSERT INTO investment_prices (id, investment_id, price, date, created_at, updated_at) VALUES (86, 3, 636.13, '2026-05-10 06:34:37', NOW(), NOW());
INSERT INTO investment_prices (id, investment_id, price, date, created_at, updated_at) VALUES (87, 3, 660.67, '2026-05-22 06:34:37', NOW(), NOW());
INSERT INTO investment_prices (id, investment_id, price, date, created_at, updated_at) VALUES (88, 3, 647.75, '2026-06-03 06:34:37', NOW(), NOW());
INSERT INTO investment_prices (id, investment_id, price, date, created_at, updated_at) VALUES (89, 3, 682.59, '2026-06-15 06:34:37', NOW(), NOW());
INSERT INTO investment_prices (id, investment_id, price, date, created_at, updated_at) VALUES (90, 3, 710.18, '2026-06-27 06:34:37', NOW(), NOW());
INSERT INTO reminders (id, user_id, title, description, due_date, status, created_at, updated_at) VALUES (1, 1, 'Invertir este mes', 'Recordatorio generado automáticamente', '2026-07-22 09:13:49', 'completed', NOW(), NOW());
INSERT INTO reminders (id, user_id, title, description, due_date, status, created_at, updated_at) VALUES (2, 1, 'Comprar gasolina', 'Recordatorio generado automáticamente', '2026-08-04 02:23:05', 'completed', NOW(), NOW());
INSERT INTO reminders (id, user_id, title, description, due_date, status, created_at, updated_at) VALUES (3, 1, 'Invertir este mes', 'Recordatorio generado automáticamente', '2026-07-10 11:21:22', 'completed', NOW(), NOW());
INSERT INTO reminders (id, user_id, title, description, due_date, status, created_at, updated_at) VALUES (4, 1, 'Pagar tarjeta', 'Recordatorio generado automáticamente', '2026-08-11 19:25:19', 'completed', NOW(), NOW());
INSERT INTO reminders (id, user_id, title, description, due_date, status, created_at, updated_at) VALUES (5, 1, 'Comprar gasolina', 'Recordatorio generado automáticamente', '2026-07-04 17:44:10', 'pending', NOW(), NOW());
INSERT INTO reminders (id, user_id, title, description, due_date, status, created_at, updated_at) VALUES (6, 1, 'Comprar gasolina', 'Recordatorio generado automáticamente', '2026-07-06 17:17:29', 'pending', NOW(), NOW());
INSERT INTO reminders (id, user_id, title, description, due_date, status, created_at, updated_at) VALUES (7, 1, 'Renovar seguro', 'Recordatorio generado automáticamente', '2026-08-10 16:19:13', 'pending', NOW(), NOW());
INSERT INTO reminders (id, user_id, title, description, due_date, status, created_at, updated_at) VALUES (8, 1, 'Comprar gasolina', 'Recordatorio generado automáticamente', '2026-08-13 18:00:30', 'completed', NOW(), NOW());
INSERT INTO receipts (id, user_id, transaction_id, merchant, total_amount, date, image_url, created_at, updated_at) VALUES (1, 1, 34, 'Spotify', 2086.67, '2026-05-19 10:36:59', 'https://example.com/receipt_34.jpg', NOW(), NOW());
INSERT INTO receipts (id, user_id, transaction_id, merchant, total_amount, date, image_url, created_at, updated_at) VALUES (2, 1, 27, 'Didi', 3363.69, '2026-01-29 04:58:32', 'https://example.com/receipt_27.jpg', NOW(), NOW());
INSERT INTO receipts (id, user_id, transaction_id, merchant, total_amount, date, image_url, created_at, updated_at) VALUES (3, 1, 14, 'Amazon', 4395.21, '2025-09-19 20:50:24', 'https://example.com/receipt_14.jpg', NOW(), NOW());
INSERT INTO receipts (id, user_id, transaction_id, merchant, total_amount, date, image_url, created_at, updated_at) VALUES (4, 1, 19, 'Spotify', 2362.43, '2026-04-20 18:18:04', 'https://example.com/receipt_19.jpg', NOW(), NOW());
INSERT INTO receipts (id, user_id, transaction_id, merchant, total_amount, date, image_url, created_at, updated_at) VALUES (5, 1, 20, 'Telcel', 3546.54, '2026-01-20 07:32:11', 'https://example.com/receipt_20.jpg', NOW(), NOW());
INSERT INTO receipts (id, user_id, transaction_id, merchant, total_amount, date, image_url, created_at, updated_at) VALUES (6, 1, 46, 'Telcel', 2201.86, '2026-06-27 00:52:11', 'https://example.com/receipt_46.jpg', NOW(), NOW());
INSERT INTO receipts (id, user_id, transaction_id, merchant, total_amount, date, image_url, created_at, updated_at) VALUES (7, 1, 9, 'Amazon', 904.48, '2025-11-02 21:32:27', 'https://example.com/receipt_9.jpg', NOW(), NOW());
INSERT INTO receipts (id, user_id, transaction_id, merchant, total_amount, date, image_url, created_at, updated_at) VALUES (8, 1, 19, 'Spotify', 2362.43, '2026-04-20 18:18:04', 'https://example.com/receipt_19.jpg', NOW(), NOW());
INSERT INTO receipts (id, user_id, transaction_id, merchant, total_amount, date, image_url, created_at, updated_at) VALUES (9, 1, 37, 'Gasolinera Pemex', 3111.10, '2025-08-29 13:06:34', 'https://example.com/receipt_37.jpg', NOW(), NOW());
INSERT INTO receipts (id, user_id, transaction_id, merchant, total_amount, date, image_url, created_at, updated_at) VALUES (10, 1, 38, 'Steam', 3210.10, '2026-01-14 12:47:23', 'https://example.com/receipt_38.jpg', NOW(), NOW());
INSERT INTO receipts (id, user_id, transaction_id, merchant, total_amount, date, image_url, created_at, updated_at) VALUES (11, 1, 21, 'Apple', 3948.54, '2025-10-31 12:04:42', 'https://example.com/receipt_21.jpg', NOW(), NOW());
INSERT INTO receipts (id, user_id, transaction_id, merchant, total_amount, date, image_url, created_at, updated_at) VALUES (12, 1, 13, 'Upwork', 3087.21, '2026-03-11 06:53:55', 'https://example.com/receipt_13.jpg', NOW(), NOW());
INSERT INTO receipts (id, user_id, transaction_id, merchant, total_amount, date, image_url, created_at, updated_at) VALUES (13, 1, 42, 'Steam', 1858.61, '2025-09-10 05:15:11', 'https://example.com/receipt_42.jpg', NOW(), NOW());
INSERT INTO receipts (id, user_id, transaction_id, merchant, total_amount, date, image_url, created_at, updated_at) VALUES (14, 1, 4, 'Mercado Libre', 3377.38, '2026-07-02 01:10:56', 'https://example.com/receipt_4.jpg', NOW(), NOW());
INSERT INTO receipts (id, user_id, transaction_id, merchant, total_amount, date, image_url, created_at, updated_at) VALUES (15, 1, 10, 'Apple', 4186.61, '2026-06-29 05:52:23', 'https://example.com/receipt_10.jpg', NOW(), NOW());
INSERT INTO receipts (id, user_id, transaction_id, merchant, total_amount, date, image_url, created_at, updated_at) VALUES (16, 1, 40, 'Cinépolis', 3740.64, '2026-05-01 14:12:05', 'https://example.com/receipt_40.jpg', NOW(), NOW());
INSERT INTO receipts (id, user_id, transaction_id, merchant, total_amount, date, image_url, created_at, updated_at) VALUES (17, 1, 4, 'Mercado Libre', 3377.38, '2026-07-02 01:10:56', 'https://example.com/receipt_4.jpg', NOW(), NOW());
INSERT INTO receipts (id, user_id, transaction_id, merchant, total_amount, date, image_url, created_at, updated_at) VALUES (18, 1, 36, 'Amazon', 3848.21, '2025-11-17 23:25:01', 'https://example.com/receipt_36.jpg', NOW(), NOW());
INSERT INTO receipts (id, user_id, transaction_id, merchant, total_amount, date, image_url, created_at, updated_at) VALUES (19, 1, 48, 'Soriana', 990.34, '2026-05-01 06:53:38', 'https://example.com/receipt_48.jpg', NOW(), NOW());
INSERT INTO receipts (id, user_id, transaction_id, merchant, total_amount, date, image_url, created_at, updated_at) VALUES (20, 1, 46, 'Telcel', 2201.86, '2026-06-27 00:52:11', 'https://example.com/receipt_46.jpg', NOW(), NOW());
INSERT INTO financial_snapshots (id, user_id, date, net_worth, total_assets, total_liabilities, created_at, updated_at) VALUES (1, 1, '2025-07-02', 18153.50, 21784.20, 3630.70, NOW(), NOW());
INSERT INTO financial_snapshots (id, user_id, date, net_worth, total_assets, total_liabilities, created_at, updated_at) VALUES (2, 1, '2025-07-09', 18966.60, 22759.92, 3793.32, NOW(), NOW());
INSERT INTO financial_snapshots (id, user_id, date, net_worth, total_assets, total_liabilities, created_at, updated_at) VALUES (3, 1, '2025-07-16', 19346.95, 23216.34, 3869.39, NOW(), NOW());
INSERT INTO financial_snapshots (id, user_id, date, net_worth, total_assets, total_liabilities, created_at, updated_at) VALUES (4, 1, '2025-07-23', 20812.37, 24974.84, 4162.47, NOW(), NOW());
INSERT INTO financial_snapshots (id, user_id, date, net_worth, total_assets, total_liabilities, created_at, updated_at) VALUES (5, 1, '2025-07-30', 20653.27, 24783.92, 4130.65, NOW(), NOW());
INSERT INTO financial_snapshots (id, user_id, date, net_worth, total_assets, total_liabilities, created_at, updated_at) VALUES (6, 1, '2025-08-06', 21276.45, 25531.74, 4255.29, NOW(), NOW());
INSERT INTO financial_snapshots (id, user_id, date, net_worth, total_assets, total_liabilities, created_at, updated_at) VALUES (7, 1, '2025-08-13', 22575.09, 27090.11, 4515.02, NOW(), NOW());
INSERT INTO financial_snapshots (id, user_id, date, net_worth, total_assets, total_liabilities, created_at, updated_at) VALUES (8, 1, '2025-08-20', 23806.53, 28567.84, 4761.31, NOW(), NOW());
INSERT INTO financial_snapshots (id, user_id, date, net_worth, total_assets, total_liabilities, created_at, updated_at) VALUES (9, 1, '2025-08-27', 23492.12, 28190.54, 4698.42, NOW(), NOW());
INSERT INTO financial_snapshots (id, user_id, date, net_worth, total_assets, total_liabilities, created_at, updated_at) VALUES (10, 1, '2025-09-03', 24250.47, 29100.56, 4850.09, NOW(), NOW());
INSERT INTO financial_snapshots (id, user_id, date, net_worth, total_assets, total_liabilities, created_at, updated_at) VALUES (11, 1, '2025-09-10', 25406.74, 30488.09, 5081.35, NOW(), NOW());
INSERT INTO financial_snapshots (id, user_id, date, net_worth, total_assets, total_liabilities, created_at, updated_at) VALUES (12, 1, '2025-09-17', 25897.37, 31076.84, 5179.47, NOW(), NOW());
INSERT INTO financial_snapshots (id, user_id, date, net_worth, total_assets, total_liabilities, created_at, updated_at) VALUES (13, 1, '2025-09-24', 26765.47, 32118.56, 5353.09, NOW(), NOW());
INSERT INTO financial_snapshots (id, user_id, date, net_worth, total_assets, total_liabilities, created_at, updated_at) VALUES (14, 1, '2025-10-01', 27768.27, 33321.92, 5553.65, NOW(), NOW());
INSERT INTO financial_snapshots (id, user_id, date, net_worth, total_assets, total_liabilities, created_at, updated_at) VALUES (15, 1, '2025-10-08', 28346.83, 34016.20, 5669.37, NOW(), NOW());
INSERT INTO financial_snapshots (id, user_id, date, net_worth, total_assets, total_liabilities, created_at, updated_at) VALUES (16, 1, '2025-10-15', 29074.03, 34888.84, 5814.81, NOW(), NOW());
INSERT INTO financial_snapshots (id, user_id, date, net_worth, total_assets, total_liabilities, created_at, updated_at) VALUES (17, 1, '2025-10-22', 29212.54, 35055.05, 5842.51, NOW(), NOW());
INSERT INTO financial_snapshots (id, user_id, date, net_worth, total_assets, total_liabilities, created_at, updated_at) VALUES (18, 1, '2025-10-29', 29766.19, 35719.43, 5953.24, NOW(), NOW());
INSERT INTO financial_snapshots (id, user_id, date, net_worth, total_assets, total_liabilities, created_at, updated_at) VALUES (19, 1, '2025-11-05', 30128.45, 36154.14, 6025.69, NOW(), NOW());
INSERT INTO financial_snapshots (id, user_id, date, net_worth, total_assets, total_liabilities, created_at, updated_at) VALUES (20, 1, '2025-11-12', 30176.43, 36211.72, 6035.29, NOW(), NOW());
INSERT INTO financial_snapshots (id, user_id, date, net_worth, total_assets, total_liabilities, created_at, updated_at) VALUES (21, 1, '2025-11-19', 30213.78, 36256.54, 6042.76, NOW(), NOW());
INSERT INTO financial_snapshots (id, user_id, date, net_worth, total_assets, total_liabilities, created_at, updated_at) VALUES (22, 1, '2025-11-26', 30655.42, 36786.50, 6131.08, NOW(), NOW());
INSERT INTO financial_snapshots (id, user_id, date, net_worth, total_assets, total_liabilities, created_at, updated_at) VALUES (23, 1, '2025-12-03', 30749.05, 36898.86, 6149.81, NOW(), NOW());
INSERT INTO financial_snapshots (id, user_id, date, net_worth, total_assets, total_liabilities, created_at, updated_at) VALUES (24, 1, '2025-12-10', 30771.72, 36926.06, 6154.34, NOW(), NOW());
INSERT INTO financial_snapshots (id, user_id, date, net_worth, total_assets, total_liabilities, created_at, updated_at) VALUES (25, 1, '2025-12-17', 31091.23, 37309.48, 6218.25, NOW(), NOW());
INSERT INTO financial_snapshots (id, user_id, date, net_worth, total_assets, total_liabilities, created_at, updated_at) VALUES (26, 1, '2025-12-24', 31226.04, 37471.25, 6245.21, NOW(), NOW());
INSERT INTO financial_snapshots (id, user_id, date, net_worth, total_assets, total_liabilities, created_at, updated_at) VALUES (27, 1, '2025-12-31', 31308.23, 37569.88, 6261.65, NOW(), NOW());
INSERT INTO financial_snapshots (id, user_id, date, net_worth, total_assets, total_liabilities, created_at, updated_at) VALUES (28, 1, '2026-01-07', 32579.20, 39095.04, 6515.84, NOW(), NOW());
INSERT INTO financial_snapshots (id, user_id, date, net_worth, total_assets, total_liabilities, created_at, updated_at) VALUES (29, 1, '2026-01-14', 33905.70, 40686.84, 6781.14, NOW(), NOW());
INSERT INTO financial_snapshots (id, user_id, date, net_worth, total_assets, total_liabilities, created_at, updated_at) VALUES (30, 1, '2026-01-21', 35388.84, 42466.61, 7077.77, NOW(), NOW());
INSERT INTO financial_snapshots (id, user_id, date, net_worth, total_assets, total_liabilities, created_at, updated_at) VALUES (31, 1, '2026-01-28', 35081.92, 42098.30, 7016.38, NOW(), NOW());
INSERT INTO financial_snapshots (id, user_id, date, net_worth, total_assets, total_liabilities, created_at, updated_at) VALUES (32, 1, '2026-02-04', 34808.72, 41770.46, 6961.74, NOW(), NOW());
INSERT INTO financial_snapshots (id, user_id, date, net_worth, total_assets, total_liabilities, created_at, updated_at) VALUES (33, 1, '2026-02-11', 34958.84, 41950.61, 6991.77, NOW(), NOW());
INSERT INTO financial_snapshots (id, user_id, date, net_worth, total_assets, total_liabilities, created_at, updated_at) VALUES (34, 1, '2026-02-18', 35140.97, 42169.16, 7028.19, NOW(), NOW());
INSERT INTO financial_snapshots (id, user_id, date, net_worth, total_assets, total_liabilities, created_at, updated_at) VALUES (35, 1, '2026-02-25', 35558.99, 42670.79, 7111.80, NOW(), NOW());
INSERT INTO financial_snapshots (id, user_id, date, net_worth, total_assets, total_liabilities, created_at, updated_at) VALUES (36, 1, '2026-03-04', 35723.18, 42867.82, 7144.64, NOW(), NOW());
INSERT INTO financial_snapshots (id, user_id, date, net_worth, total_assets, total_liabilities, created_at, updated_at) VALUES (37, 1, '2026-03-11', 35897.18, 43076.62, 7179.44, NOW(), NOW());
INSERT INTO financial_snapshots (id, user_id, date, net_worth, total_assets, total_liabilities, created_at, updated_at) VALUES (38, 1, '2026-03-18', 35990.10, 43188.12, 7198.02, NOW(), NOW());
INSERT INTO financial_snapshots (id, user_id, date, net_worth, total_assets, total_liabilities, created_at, updated_at) VALUES (39, 1, '2026-03-25', 35971.79, 43166.15, 7194.36, NOW(), NOW());
INSERT INTO financial_snapshots (id, user_id, date, net_worth, total_assets, total_liabilities, created_at, updated_at) VALUES (40, 1, '2026-04-01', 35807.13, 42968.56, 7161.43, NOW(), NOW());
INSERT INTO financial_snapshots (id, user_id, date, net_worth, total_assets, total_liabilities, created_at, updated_at) VALUES (41, 1, '2026-04-08', 36277.78, 43533.34, 7255.56, NOW(), NOW());
INSERT INTO financial_snapshots (id, user_id, date, net_worth, total_assets, total_liabilities, created_at, updated_at) VALUES (42, 1, '2026-04-15', 37620.47, 45144.56, 7524.09, NOW(), NOW());
INSERT INTO financial_snapshots (id, user_id, date, net_worth, total_assets, total_liabilities, created_at, updated_at) VALUES (43, 1, '2026-04-22', 38045.69, 45654.83, 7609.14, NOW(), NOW());
INSERT INTO financial_snapshots (id, user_id, date, net_worth, total_assets, total_liabilities, created_at, updated_at) VALUES (44, 1, '2026-04-29', 38545.93, 46255.12, 7709.19, NOW(), NOW());
INSERT INTO financial_snapshots (id, user_id, date, net_worth, total_assets, total_liabilities, created_at, updated_at) VALUES (45, 1, '2026-05-06', 38269.11, 45922.93, 7653.82, NOW(), NOW());
INSERT INTO financial_snapshots (id, user_id, date, net_worth, total_assets, total_liabilities, created_at, updated_at) VALUES (46, 1, '2026-05-13', 37911.20, 45493.44, 7582.24, NOW(), NOW());
INSERT INTO financial_snapshots (id, user_id, date, net_worth, total_assets, total_liabilities, created_at, updated_at) VALUES (47, 1, '2026-05-20', 38124.47, 45749.36, 7624.89, NOW(), NOW());
INSERT INTO financial_snapshots (id, user_id, date, net_worth, total_assets, total_liabilities, created_at, updated_at) VALUES (48, 1, '2026-05-27', 38328.28, 45993.94, 7665.66, NOW(), NOW());
INSERT INTO financial_snapshots (id, user_id, date, net_worth, total_assets, total_liabilities, created_at, updated_at) VALUES (49, 1, '2026-06-03', 38437.75, 46125.30, 7687.55, NOW(), NOW());
INSERT INTO financial_snapshots (id, user_id, date, net_worth, total_assets, total_liabilities, created_at, updated_at) VALUES (50, 1, '2026-06-10', 38806.21, 46567.45, 7761.24, NOW(), NOW());
INSERT INTO financial_snapshots (id, user_id, date, net_worth, total_assets, total_liabilities, created_at, updated_at) VALUES (51, 1, '2026-06-17', 38375.74, 46050.89, 7675.15, NOW(), NOW());
INSERT INTO financial_snapshots (id, user_id, date, net_worth, total_assets, total_liabilities, created_at, updated_at) VALUES (52, 1, '2026-06-24', 38771.73, 46526.08, 7754.35, NOW(), NOW());
INSERT INTO conversations (id, user_id, title, created_at, updated_at) VALUES (1, 1, '¿Cuánto puedo invertir este mes?', NOW(), NOW());
INSERT INTO messages (id, conversation_id, sender, content, created_at, updated_at) VALUES (1, 1, 'user', 'Pregunta sobre ¿Cuánto puedo invertir este mes?', '2026-06-27 06:39:37', NOW());
INSERT INTO messages (id, conversation_id, sender, content, created_at, updated_at) VALUES (2, 1, 'assistant', 'Respuesta del asistente a ¿Cuánto puedo invertir este mes? con análisis detallado.', '2026-06-27 06:47:37', NOW());
INSERT INTO messages (id, conversation_id, sender, content, created_at, updated_at) VALUES (3, 1, 'user', 'Pregunta sobre ¿Cuánto puedo invertir este mes?', '2026-06-27 06:57:37', NOW());
INSERT INTO messages (id, conversation_id, sender, content, created_at, updated_at) VALUES (4, 1, 'assistant', 'Respuesta del asistente a ¿Cuánto puedo invertir este mes? con análisis detallado.', '2026-06-27 07:02:37', NOW());
INSERT INTO messages (id, conversation_id, sender, content, created_at, updated_at) VALUES (5, 1, 'user', 'Pregunta sobre ¿Cuánto puedo invertir este mes?', '2026-06-27 07:05:37', NOW());
INSERT INTO messages (id, conversation_id, sender, content, created_at, updated_at) VALUES (6, 1, 'assistant', 'Respuesta del asistente a ¿Cuánto puedo invertir este mes? con análisis detallado.', '2026-06-27 07:15:37', NOW());
INSERT INTO messages (id, conversation_id, sender, content, created_at, updated_at) VALUES (7, 1, 'user', 'Pregunta sobre ¿Cuánto puedo invertir este mes?', '2026-06-27 07:17:37', NOW());
INSERT INTO messages (id, conversation_id, sender, content, created_at, updated_at) VALUES (8, 1, 'assistant', 'Respuesta del asistente a ¿Cuánto puedo invertir este mes? con análisis detallado.', '2026-06-27 07:27:37', NOW());
INSERT INTO messages (id, conversation_id, sender, content, created_at, updated_at) VALUES (9, 1, 'user', 'Pregunta sobre ¿Cuánto puedo invertir este mes?', '2026-06-27 07:28:37', NOW());
INSERT INTO messages (id, conversation_id, sender, content, created_at, updated_at) VALUES (10, 1, 'assistant', 'Respuesta del asistente a ¿Cuánto puedo invertir este mes? con análisis detallado.', '2026-06-27 07:31:37', NOW());
INSERT INTO messages (id, conversation_id, sender, content, created_at, updated_at) VALUES (11, 1, 'user', 'Pregunta sobre ¿Cuánto puedo invertir este mes?', '2026-06-27 07:32:37', NOW());
INSERT INTO messages (id, conversation_id, sender, content, created_at, updated_at) VALUES (12, 1, 'assistant', 'Respuesta del asistente a ¿Cuánto puedo invertir este mes? con análisis detallado.', '2026-06-27 07:37:37', NOW());
INSERT INTO messages (id, conversation_id, sender, content, created_at, updated_at) VALUES (13, 1, 'user', 'Pregunta sobre ¿Cuánto puedo invertir este mes?', '2026-06-27 07:42:37', NOW());
INSERT INTO messages (id, conversation_id, sender, content, created_at, updated_at) VALUES (14, 1, 'assistant', 'Respuesta del asistente a ¿Cuánto puedo invertir este mes? con análisis detallado.', '2026-06-27 07:47:37', NOW());
INSERT INTO messages (id, conversation_id, sender, content, created_at, updated_at) VALUES (15, 1, 'user', 'Pregunta sobre ¿Cuánto puedo invertir este mes?', '2026-06-27 07:57:37', NOW());
INSERT INTO messages (id, conversation_id, sender, content, created_at, updated_at) VALUES (16, 1, 'assistant', 'Respuesta del asistente a ¿Cuánto puedo invertir este mes? con análisis detallado.', '2026-06-27 08:01:37', NOW());
INSERT INTO messages (id, conversation_id, sender, content, created_at, updated_at) VALUES (17, 1, 'user', 'Pregunta sobre ¿Cuánto puedo invertir este mes?', '2026-06-27 08:02:37', NOW());
INSERT INTO messages (id, conversation_id, sender, content, created_at, updated_at) VALUES (18, 1, 'assistant', 'Respuesta del asistente a ¿Cuánto puedo invertir este mes? con análisis detallado.', '2026-06-27 08:09:37', NOW());
INSERT INTO messages (id, conversation_id, sender, content, created_at, updated_at) VALUES (19, 1, 'user', 'Pregunta sobre ¿Cuánto puedo invertir este mes?', '2026-06-27 08:16:37', NOW());
INSERT INTO conversations (id, user_id, title, created_at, updated_at) VALUES (2, 1, '¿En qué gasto más?', NOW(), NOW());
INSERT INTO messages (id, conversation_id, sender, content, created_at, updated_at) VALUES (20, 2, 'user', 'Pregunta sobre ¿En qué gasto más?', '2026-06-27 06:37:37', NOW());
INSERT INTO messages (id, conversation_id, sender, content, created_at, updated_at) VALUES (21, 2, 'assistant', 'Respuesta del asistente a ¿En qué gasto más? con análisis detallado.', '2026-06-27 06:40:37', NOW());
INSERT INTO messages (id, conversation_id, sender, content, created_at, updated_at) VALUES (22, 2, 'user', 'Pregunta sobre ¿En qué gasto más?', '2026-06-27 06:50:37', NOW());
INSERT INTO messages (id, conversation_id, sender, content, created_at, updated_at) VALUES (23, 2, 'assistant', 'Respuesta del asistente a ¿En qué gasto más? con análisis detallado.', '2026-06-27 06:58:37', NOW());
INSERT INTO messages (id, conversation_id, sender, content, created_at, updated_at) VALUES (24, 2, 'user', 'Pregunta sobre ¿En qué gasto más?', '2026-06-27 07:05:37', NOW());
INSERT INTO messages (id, conversation_id, sender, content, created_at, updated_at) VALUES (25, 2, 'assistant', 'Respuesta del asistente a ¿En qué gasto más? con análisis detallado.', '2026-06-27 07:11:37', NOW());
INSERT INTO messages (id, conversation_id, sender, content, created_at, updated_at) VALUES (26, 2, 'user', 'Pregunta sobre ¿En qué gasto más?', '2026-06-27 07:14:37', NOW());
INSERT INTO messages (id, conversation_id, sender, content, created_at, updated_at) VALUES (27, 2, 'assistant', 'Respuesta del asistente a ¿En qué gasto más? con análisis detallado.', '2026-06-27 07:23:37', NOW());
INSERT INTO messages (id, conversation_id, sender, content, created_at, updated_at) VALUES (28, 2, 'user', 'Pregunta sobre ¿En qué gasto más?', '2026-06-27 07:30:37', NOW());
INSERT INTO messages (id, conversation_id, sender, content, created_at, updated_at) VALUES (29, 2, 'assistant', 'Respuesta del asistente a ¿En qué gasto más? con análisis detallado.', '2026-06-27 07:38:37', NOW());
INSERT INTO messages (id, conversation_id, sender, content, created_at, updated_at) VALUES (30, 2, 'user', 'Pregunta sobre ¿En qué gasto más?', '2026-06-27 07:42:37', NOW());
INSERT INTO messages (id, conversation_id, sender, content, created_at, updated_at) VALUES (31, 2, 'assistant', 'Respuesta del asistente a ¿En qué gasto más? con análisis detallado.', '2026-06-27 07:43:37', NOW());
INSERT INTO messages (id, conversation_id, sender, content, created_at, updated_at) VALUES (32, 2, 'user', 'Pregunta sobre ¿En qué gasto más?', '2026-06-27 07:50:37', NOW());
INSERT INTO messages (id, conversation_id, sender, content, created_at, updated_at) VALUES (33, 2, 'assistant', 'Respuesta del asistente a ¿En qué gasto más? con análisis detallado.', '2026-06-27 07:52:37', NOW());
INSERT INTO messages (id, conversation_id, sender, content, created_at, updated_at) VALUES (34, 2, 'user', 'Pregunta sobre ¿En qué gasto más?', '2026-06-27 08:00:37', NOW());
INSERT INTO messages (id, conversation_id, sender, content, created_at, updated_at) VALUES (35, 2, 'assistant', 'Respuesta del asistente a ¿En qué gasto más? con análisis detallado.', '2026-06-27 08:10:37', NOW());
INSERT INTO messages (id, conversation_id, sender, content, created_at, updated_at) VALUES (36, 2, 'user', 'Pregunta sobre ¿En qué gasto más?', '2026-06-27 08:17:37', NOW());
INSERT INTO messages (id, conversation_id, sender, content, created_at, updated_at) VALUES (37, 2, 'assistant', 'Respuesta del asistente a ¿En qué gasto más? con análisis detallado.', '2026-06-27 08:21:37', NOW());
INSERT INTO conversations (id, user_id, title, created_at, updated_at) VALUES (3, 1, 'Analiza mi portafolio', NOW(), NOW());
INSERT INTO messages (id, conversation_id, sender, content, created_at, updated_at) VALUES (38, 3, 'user', 'Pregunta sobre Analiza mi portafolio', '2026-06-27 06:42:37', NOW());
INSERT INTO messages (id, conversation_id, sender, content, created_at, updated_at) VALUES (39, 3, 'assistant', 'Respuesta del asistente a Analiza mi portafolio con análisis detallado.', '2026-06-27 06:52:37', NOW());
INSERT INTO messages (id, conversation_id, sender, content, created_at, updated_at) VALUES (40, 3, 'user', 'Pregunta sobre Analiza mi portafolio', '2026-06-27 06:56:37', NOW());
INSERT INTO messages (id, conversation_id, sender, content, created_at, updated_at) VALUES (41, 3, 'assistant', 'Respuesta del asistente a Analiza mi portafolio con análisis detallado.', '2026-06-27 07:01:37', NOW());
INSERT INTO messages (id, conversation_id, sender, content, created_at, updated_at) VALUES (42, 3, 'user', 'Pregunta sobre Analiza mi portafolio', '2026-06-27 07:04:37', NOW());
INSERT INTO messages (id, conversation_id, sender, content, created_at, updated_at) VALUES (43, 3, 'assistant', 'Respuesta del asistente a Analiza mi portafolio con análisis detallado.', '2026-06-27 07:09:37', NOW());
INSERT INTO messages (id, conversation_id, sender, content, created_at, updated_at) VALUES (44, 3, 'user', 'Pregunta sobre Analiza mi portafolio', '2026-06-27 07:19:37', NOW());
INSERT INTO messages (id, conversation_id, sender, content, created_at, updated_at) VALUES (45, 3, 'assistant', 'Respuesta del asistente a Analiza mi portafolio con análisis detallado.', '2026-06-27 07:27:37', NOW());
INSERT INTO messages (id, conversation_id, sender, content, created_at, updated_at) VALUES (46, 3, 'user', 'Pregunta sobre Analiza mi portafolio', '2026-06-27 07:33:37', NOW());
INSERT INTO messages (id, conversation_id, sender, content, created_at, updated_at) VALUES (47, 3, 'assistant', 'Respuesta del asistente a Analiza mi portafolio con análisis detallado.', '2026-06-27 07:35:37', NOW());
INSERT INTO messages (id, conversation_id, sender, content, created_at, updated_at) VALUES (48, 3, 'user', 'Pregunta sobre Analiza mi portafolio', '2026-06-27 07:39:37', NOW());
INSERT INTO messages (id, conversation_id, sender, content, created_at, updated_at) VALUES (49, 3, 'assistant', 'Respuesta del asistente a Analiza mi portafolio con análisis detallado.', '2026-06-27 07:47:37', NOW());
INSERT INTO messages (id, conversation_id, sender, content, created_at, updated_at) VALUES (50, 3, 'user', 'Pregunta sobre Analiza mi portafolio', '2026-06-27 07:51:37', NOW());
INSERT INTO conversations (id, user_id, title, created_at, updated_at) VALUES (4, 1, 'Analiza mi portafolio', NOW(), NOW());
INSERT INTO messages (id, conversation_id, sender, content, created_at, updated_at) VALUES (51, 4, 'user', 'Pregunta sobre Analiza mi portafolio', '2026-06-27 06:37:37', NOW());
INSERT INTO messages (id, conversation_id, sender, content, created_at, updated_at) VALUES (52, 4, 'assistant', 'Respuesta del asistente a Analiza mi portafolio con análisis detallado.', '2026-06-27 06:43:37', NOW());
INSERT INTO messages (id, conversation_id, sender, content, created_at, updated_at) VALUES (53, 4, 'user', 'Pregunta sobre Analiza mi portafolio', '2026-06-27 06:47:37', NOW());
INSERT INTO messages (id, conversation_id, sender, content, created_at, updated_at) VALUES (54, 4, 'assistant', 'Respuesta del asistente a Analiza mi portafolio con análisis detallado.', '2026-06-27 06:56:37', NOW());
INSERT INTO messages (id, conversation_id, sender, content, created_at, updated_at) VALUES (55, 4, 'user', 'Pregunta sobre Analiza mi portafolio', '2026-06-27 07:00:37', NOW());
INSERT INTO messages (id, conversation_id, sender, content, created_at, updated_at) VALUES (56, 4, 'assistant', 'Respuesta del asistente a Analiza mi portafolio con análisis detallado.', '2026-06-27 07:05:37', NOW());
INSERT INTO messages (id, conversation_id, sender, content, created_at, updated_at) VALUES (57, 4, 'user', 'Pregunta sobre Analiza mi portafolio', '2026-06-27 07:13:37', NOW());
INSERT INTO messages (id, conversation_id, sender, content, created_at, updated_at) VALUES (58, 4, 'assistant', 'Respuesta del asistente a Analiza mi portafolio con análisis detallado.', '2026-06-27 07:14:37', NOW());
INSERT INTO messages (id, conversation_id, sender, content, created_at, updated_at) VALUES (59, 4, 'user', 'Pregunta sobre Analiza mi portafolio', '2026-06-27 07:22:37', NOW());
INSERT INTO messages (id, conversation_id, sender, content, created_at, updated_at) VALUES (60, 4, 'assistant', 'Respuesta del asistente a Analiza mi portafolio con análisis detallado.', '2026-06-27 07:29:37', NOW());
INSERT INTO messages (id, conversation_id, sender, content, created_at, updated_at) VALUES (61, 4, 'user', 'Pregunta sobre Analiza mi portafolio', '2026-06-27 07:30:37', NOW());
INSERT INTO messages (id, conversation_id, sender, content, created_at, updated_at) VALUES (62, 4, 'assistant', 'Respuesta del asistente a Analiza mi portafolio con análisis detallado.', '2026-06-27 07:37:37', NOW());
INSERT INTO messages (id, conversation_id, sender, content, created_at, updated_at) VALUES (63, 4, 'user', 'Pregunta sobre Analiza mi portafolio', '2026-06-27 07:40:37', NOW());
INSERT INTO conversations (id, user_id, title, created_at, updated_at) VALUES (5, 1, '¿Cuánto puedo invertir este mes?', NOW(), NOW());
INSERT INTO messages (id, conversation_id, sender, content, created_at, updated_at) VALUES (64, 5, 'user', 'Pregunta sobre ¿Cuánto puedo invertir este mes?', '2026-06-27 06:41:37', NOW());
INSERT INTO messages (id, conversation_id, sender, content, created_at, updated_at) VALUES (65, 5, 'assistant', 'Respuesta del asistente a ¿Cuánto puedo invertir este mes? con análisis detallado.', '2026-06-27 06:49:37', NOW());
INSERT INTO messages (id, conversation_id, sender, content, created_at, updated_at) VALUES (66, 5, 'user', 'Pregunta sobre ¿Cuánto puedo invertir este mes?', '2026-06-27 06:51:37', NOW());
INSERT INTO messages (id, conversation_id, sender, content, created_at, updated_at) VALUES (67, 5, 'assistant', 'Respuesta del asistente a ¿Cuánto puedo invertir este mes? con análisis detallado.', '2026-06-27 06:52:37', NOW());
INSERT INTO messages (id, conversation_id, sender, content, created_at, updated_at) VALUES (68, 5, 'user', 'Pregunta sobre ¿Cuánto puedo invertir este mes?', '2026-06-27 06:59:37', NOW());
INSERT INTO messages (id, conversation_id, sender, content, created_at, updated_at) VALUES (69, 5, 'assistant', 'Respuesta del asistente a ¿Cuánto puedo invertir este mes? con análisis detallado.', '2026-06-27 07:07:37', NOW());
INSERT INTO messages (id, conversation_id, sender, content, created_at, updated_at) VALUES (70, 5, 'user', 'Pregunta sobre ¿Cuánto puedo invertir este mes?', '2026-06-27 07:09:37', NOW());
INSERT INTO messages (id, conversation_id, sender, content, created_at, updated_at) VALUES (71, 5, 'assistant', 'Respuesta del asistente a ¿Cuánto puedo invertir este mes? con análisis detallado.', '2026-06-27 07:18:37', NOW());
INSERT INTO messages (id, conversation_id, sender, content, created_at, updated_at) VALUES (72, 5, 'user', 'Pregunta sobre ¿Cuánto puedo invertir este mes?', '2026-06-27 07:24:37', NOW());
INSERT INTO messages (id, conversation_id, sender, content, created_at, updated_at) VALUES (73, 5, 'assistant', 'Respuesta del asistente a ¿Cuánto puedo invertir este mes? con análisis detallado.', '2026-06-27 07:27:37', NOW());
INSERT INTO messages (id, conversation_id, sender, content, created_at, updated_at) VALUES (74, 5, 'user', 'Pregunta sobre ¿Cuánto puedo invertir este mes?', '2026-06-27 07:35:37', NOW());
INSERT INTO messages (id, conversation_id, sender, content, created_at, updated_at) VALUES (75, 5, 'assistant', 'Respuesta del asistente a ¿Cuánto puedo invertir este mes? con análisis detallado.', '2026-06-27 07:43:37', NOW());
INSERT INTO messages (id, conversation_id, sender, content, created_at, updated_at) VALUES (76, 5, 'user', 'Pregunta sobre ¿Cuánto puedo invertir este mes?', '2026-06-27 07:50:37', NOW());
INSERT INTO users (id, name, last_name, email, password, created_at, updated_at) VALUES (2, 'Daniela', 'Hernandez', 'daniela.hernandez2@example.com', 'password', NOW(), NOW());
INSERT INTO settings (user_id, currency, language, theme, monthly_income, payday, ai_enabled, created_at, updated_at) VALUES (2, 'USD', 'es', 'dark', 74800.14, 11, true, NOW(), NOW());
INSERT INTO accounts (id, user_id, name, balance, color, icon, type, currency, created_at, updated_at) VALUES (5, 2, 'HSBC', 16952.75, '#55f570', 'icon-bank', 'bank', 'MXN', NOW(), NOW());
INSERT INTO accounts (id, user_id, name, balance, color, icon, type, currency, created_at, updated_at) VALUES (6, 2, 'Efectivo', 33505.68, '#a8cc01', 'icon-bank', 'bank', 'MXN', NOW(), NOW());
INSERT INTO accounts (id, user_id, name, balance, color, icon, type, currency, created_at, updated_at) VALUES (7, 2, 'HSBC', 27091.50, '#16fc54', 'icon-wallet', 'wallet', 'MXN', NOW(), NOW());
INSERT INTO accounts (id, user_id, name, balance, color, icon, type, currency, created_at, updated_at) VALUES (8, 2, 'Nu', 7819.16, '#969702', 'icon-investment', 'investment', 'MXN', NOW(), NOW());
INSERT INTO accounts (id, user_id, name, balance, color, icon, type, currency, created_at, updated_at) VALUES (9, 2, 'Santander', 47951.11, '#5df76b', 'icon-cash', 'cash', 'MXN', NOW(), NOW());
INSERT INTO accounts (id, user_id, name, balance, color, icon, type, currency, created_at, updated_at) VALUES (10, 2, 'Santander', 13170.93, '#93f2b6', 'icon-wallet', 'wallet', 'MXN', NOW(), NOW());
INSERT INTO funds (id, user_id, name, balance, color, icon, created_at, updated_at) VALUES (7, 2, 'Gastos necesarios', 15264.30, '#121460', 'icon-fund', NOW(), NOW());
INSERT INTO fund_allocations (id, fund_id, category_id, created_at, updated_at) VALUES (27, 7, 16, NOW(), NOW());
INSERT INTO fund_allocations (id, fund_id, category_id, created_at, updated_at) VALUES (28, 7, 23, NOW(), NOW());
INSERT INTO fund_allocations (id, fund_id, category_id, created_at, updated_at) VALUES (29, 7, 27, NOW(), NOW());
INSERT INTO fund_allocations (id, fund_id, category_id, created_at, updated_at) VALUES (30, 7, 11, NOW(), NOW());
INSERT INTO fund_allocations (id, fund_id, category_id, created_at, updated_at) VALUES (31, 7, 8, NOW(), NOW());
INSERT INTO funds (id, user_id, name, balance, color, icon, created_at, updated_at) VALUES (8, 2, 'Gastos personales', 11709.85, '#ae84bf', 'icon-fund', NOW(), NOW());
INSERT INTO fund_allocations (id, fund_id, category_id, created_at, updated_at) VALUES (32, 8, 6, NOW(), NOW());
INSERT INTO fund_allocations (id, fund_id, category_id, created_at, updated_at) VALUES (33, 8, 12, NOW(), NOW());
INSERT INTO funds (id, user_id, name, balance, color, icon, created_at, updated_at) VALUES (9, 2, 'Ahorro', 12158.70, '#4c4c61', 'icon-fund', NOW(), NOW());
INSERT INTO fund_allocations (id, fund_id, category_id, created_at, updated_at) VALUES (34, 9, 7, NOW(), NOW());
INSERT INTO fund_allocations (id, fund_id, category_id, created_at, updated_at) VALUES (35, 9, 18, NOW(), NOW());
INSERT INTO funds (id, user_id, name, balance, color, icon, created_at, updated_at) VALUES (10, 2, 'Inversión', 12362.38, '#22ae63', 'icon-fund', NOW(), NOW());
INSERT INTO fund_allocations (id, fund_id, category_id, created_at, updated_at) VALUES (36, 10, 12, NOW(), NOW());
INSERT INTO fund_allocations (id, fund_id, category_id, created_at, updated_at) VALUES (37, 10, 25, NOW(), NOW());
INSERT INTO fund_allocations (id, fund_id, category_id, created_at, updated_at) VALUES (38, 10, 9, NOW(), NOW());
INSERT INTO fund_allocations (id, fund_id, category_id, created_at, updated_at) VALUES (39, 10, 6, NOW(), NOW());
INSERT INTO fund_allocations (id, fund_id, category_id, created_at, updated_at) VALUES (40, 10, 2, NOW(), NOW());
INSERT INTO funds (id, user_id, name, balance, color, icon, created_at, updated_at) VALUES (11, 2, 'Fondo de emergencia', 5307.70, '#bb5c17', 'icon-fund', NOW(), NOW());
INSERT INTO fund_allocations (id, fund_id, category_id, created_at, updated_at) VALUES (41, 11, 18, NOW(), NOW());
INSERT INTO fund_allocations (id, fund_id, category_id, created_at, updated_at) VALUES (42, 11, 12, NOW(), NOW());
INSERT INTO fund_allocations (id, fund_id, category_id, created_at, updated_at) VALUES (43, 11, 23, NOW(), NOW());
INSERT INTO funds (id, user_id, name, balance, color, icon, created_at, updated_at) VALUES (12, 2, 'Vacaciones', 5397.80, '#fcd406', 'icon-fund', NOW(), NOW());
INSERT INTO fund_allocations (id, fund_id, category_id, created_at, updated_at) VALUES (44, 12, 2, NOW(), NOW());
INSERT INTO fund_allocations (id, fund_id, category_id, created_at, updated_at) VALUES (45, 12, 6, NOW(), NOW());
INSERT INTO fund_allocations (id, fund_id, category_id, created_at, updated_at) VALUES (46, 12, 21, NOW(), NOW());
INSERT INTO fund_allocations (id, fund_id, category_id, created_at, updated_at) VALUES (47, 12, 11, NOW(), NOW());
INSERT INTO fund_allocations (id, fund_id, category_id, created_at, updated_at) VALUES (48, 12, 14, NOW(), NOW());
INSERT INTO fund_allocations (id, fund_id, category_id, created_at, updated_at) VALUES (49, 12, 18, NOW(), NOW());
INSERT INTO transactions (id, user_id, account_id, category_id, type, amount, description, notes, date, created_at, updated_at) VALUES (51, 2, 9, 11, 'expense', 203.99, 'Mercado Libre', 'Nota de prueba', '2025-11-23 12:43:07', NOW(), NOW());
INSERT INTO transactions (id, user_id, account_id, category_id, type, amount, description, notes, date, created_at, updated_at) VALUES (52, 2, 9, 14, 'expense', 891.60, 'Soriana', 'Nota de prueba', '2026-04-03 17:26:08', NOW(), NOW());
INSERT INTO transactions (id, user_id, account_id, category_id, type, amount, description, notes, date, created_at, updated_at) VALUES (53, 2, 5, 21, 'expense', 3753.86, 'Izzi', 'Nota de prueba', '2025-07-18 15:19:53', NOW(), NOW());
INSERT INTO transactions (id, user_id, account_id, category_id, type, amount, description, notes, date, created_at, updated_at) VALUES (54, 2, 7, 8, 'expense', 2153.12, 'Steam', 'Nota de prueba', '2026-03-15 22:45:40', NOW(), NOW());
INSERT INTO transactions (id, user_id, account_id, category_id, type, amount, description, notes, date, created_at, updated_at) VALUES (55, 2, 10, 11, 'expense', 1976.78, 'Didi', 'Nota de prueba', '2026-03-15 12:16:38', NOW(), NOW());
INSERT INTO transactions (id, user_id, account_id, category_id, type, amount, description, notes, date, created_at, updated_at) VALUES (56, 2, 8, 14, 'expense', 1333.22, 'Uber', 'Nota de prueba', '2025-11-09 09:58:52', NOW(), NOW());
INSERT INTO transactions (id, user_id, account_id, category_id, type, amount, description, notes, date, created_at, updated_at) VALUES (57, 2, 7, 20, 'expense', 2884.44, 'Uber', 'Nota de prueba', '2026-05-06 22:05:32', NOW(), NOW());
INSERT INTO transactions (id, user_id, account_id, category_id, type, amount, description, notes, date, created_at, updated_at) VALUES (58, 2, 9, 26, 'expense', 4926.91, 'Walmart', 'Nota de prueba', '2026-04-05 17:09:57', NOW(), NOW());
INSERT INTO transactions (id, user_id, account_id, category_id, type, amount, description, notes, date, created_at, updated_at) VALUES (59, 2, 9, 9, 'expense', 3383.20, 'Spotify', 'Nota de prueba', '2025-07-20 09:04:37', NOW(), NOW());
INSERT INTO transactions (id, user_id, account_id, category_id, type, amount, description, notes, date, created_at, updated_at) VALUES (60, 2, 10, 13, 'expense', 4639.88, 'Starbucks', 'Nota de prueba', '2026-03-01 14:55:32', NOW(), NOW());
INSERT INTO transactions (id, user_id, account_id, category_id, type, amount, description, notes, date, created_at, updated_at) VALUES (61, 2, 6, 28, 'investment', 164.29, 'GBM', 'Nota de prueba', '2025-10-31 22:33:47', NOW(), NOW());
INSERT INTO transactions (id, user_id, account_id, category_id, type, amount, description, notes, date, created_at, updated_at) VALUES (62, 2, 8, 28, 'investment', 3727.76, 'Binance', 'Nota de prueba', '2025-09-04 03:47:15', NOW(), NOW());
INSERT INTO transactions (id, user_id, account_id, category_id, type, amount, description, notes, date, created_at, updated_at) VALUES (63, 2, 9, 12, 'expense', 4142.85, 'OXXO', 'Nota de prueba', '2026-02-01 11:08:37', NOW(), NOW());
INSERT INTO transactions (id, user_id, account_id, category_id, type, amount, description, notes, date, created_at, updated_at) VALUES (64, 2, 10, 10, 'expense', 3095.82, 'Didi', 'Nota de prueba', '2026-06-14 10:46:48', NOW(), NOW());
INSERT INTO transactions (id, user_id, account_id, category_id, type, amount, description, notes, date, created_at, updated_at) VALUES (65, 2, 6, 6, 'expense', 2824.82, 'OXXO', 'Nota de prueba', '2025-07-15 17:03:06', NOW(), NOW());
INSERT INTO transactions (id, user_id, account_id, category_id, type, amount, description, notes, date, created_at, updated_at) VALUES (66, 2, 6, 25, 'expense', 4092.93, 'Cinépolis', 'Nota de prueba', '2026-06-11 20:17:16', NOW(), NOW());
INSERT INTO transactions (id, user_id, account_id, category_id, type, amount, description, notes, date, created_at, updated_at) VALUES (67, 2, 6, 27, 'expense', 2029.19, 'Costco', 'Nota de prueba', '2025-09-29 09:01:44', NOW(), NOW());
INSERT INTO transactions (id, user_id, account_id, category_id, type, amount, description, notes, date, created_at, updated_at) VALUES (68, 2, 7, 22, 'expense', 103.70, 'Soriana', 'Nota de prueba', '2025-09-22 01:53:22', NOW(), NOW());
INSERT INTO transactions (id, user_id, account_id, category_id, type, amount, description, notes, date, created_at, updated_at) VALUES (69, 2, 5, 22, 'expense', 457.06, 'Steam', 'Nota de prueba', '2025-07-07 15:25:59', NOW(), NOW());
INSERT INTO transactions (id, user_id, account_id, category_id, type, amount, description, notes, date, created_at, updated_at) VALUES (70, 2, 9, 26, 'expense', 767.69, 'Uber', 'Nota de prueba', '2025-11-24 15:12:17', NOW(), NOW());
INSERT INTO transactions (id, user_id, account_id, category_id, type, amount, description, notes, date, created_at, updated_at) VALUES (71, 2, 10, 27, 'expense', 250.96, 'Amazon', 'Nota de prueba', '2026-04-28 10:54:17', NOW(), NOW());
INSERT INTO transactions (id, user_id, account_id, category_id, type, amount, description, notes, date, created_at, updated_at) VALUES (72, 2, 10, 23, 'expense', 4632.57, 'Amazon', 'Nota de prueba', '2025-11-24 23:19:16', NOW(), NOW());
INSERT INTO transactions (id, user_id, account_id, category_id, type, amount, description, notes, date, created_at, updated_at) VALUES (73, 2, 7, 5, 'income', 3094.34, 'Fiverr', 'Nota de prueba', '2025-08-26 15:21:09', NOW(), NOW());
INSERT INTO transactions (id, user_id, account_id, category_id, type, amount, description, notes, date, created_at, updated_at) VALUES (74, 2, 6, 8, 'expense', 1186.08, 'Liverpool', 'Nota de prueba', '2025-10-15 18:44:42', NOW(), NOW());
INSERT INTO transactions (id, user_id, account_id, category_id, type, amount, description, notes, date, created_at, updated_at) VALUES (75, 2, 6, 5, 'income', 3242.13, 'Empresa S.A. de C.V.', 'Nota de prueba', '2026-06-14 16:40:38', NOW(), NOW());
INSERT INTO transactions (id, user_id, account_id, category_id, type, amount, description, notes, date, created_at, updated_at) VALUES (76, 2, 7, 25, 'expense', 592.86, 'Steam', 'Nota de prueba', '2026-03-06 11:13:24', NOW(), NOW());
INSERT INTO transactions (id, user_id, account_id, category_id, type, amount, description, notes, date, created_at, updated_at) VALUES (77, 2, 8, 6, 'expense', 4081.80, 'McDonald''s', 'Nota de prueba', '2026-02-10 23:15:31', NOW(), NOW());
INSERT INTO transactions (id, user_id, account_id, category_id, type, amount, description, notes, date, created_at, updated_at) VALUES (78, 2, 7, 19, 'expense', 1494.88, 'Starbucks', 'Nota de prueba', '2026-05-03 03:03:12', NOW(), NOW());
INSERT INTO transactions (id, user_id, account_id, category_id, type, amount, description, notes, date, created_at, updated_at) VALUES (79, 2, 7, 5, 'income', 3470.02, 'Fiverr', 'Nota de prueba', '2025-09-10 23:07:02', NOW(), NOW());
INSERT INTO transactions (id, user_id, account_id, category_id, type, amount, description, notes, date, created_at, updated_at) VALUES (80, 2, 10, 14, 'expense', 2983.99, 'Didi', 'Nota de prueba', '2026-02-17 18:38:53', NOW(), NOW());
INSERT INTO transactions (id, user_id, account_id, category_id, type, amount, description, notes, date, created_at, updated_at) VALUES (81, 2, 5, 22, 'expense', 1309.71, 'Spotify', 'Nota de prueba', '2025-12-27 03:53:30', NOW(), NOW());
INSERT INTO transactions (id, user_id, account_id, category_id, type, amount, description, notes, date, created_at, updated_at) VALUES (82, 2, 6, 25, 'expense', 680.08, 'Telcel', 'Nota de prueba', '2025-12-26 02:21:05', NOW(), NOW());
INSERT INTO transactions (id, user_id, account_id, category_id, type, amount, description, notes, date, created_at, updated_at) VALUES (83, 2, 8, 21, 'expense', 1052.23, 'Spotify', 'Nota de prueba', '2026-01-16 06:23:31', NOW(), NOW());
INSERT INTO transactions (id, user_id, account_id, category_id, type, amount, description, notes, date, created_at, updated_at) VALUES (84, 2, 7, 30, 'investment', 4426.81, 'Interactive Brokers', 'Nota de prueba', '2025-07-09 16:04:10', NOW(), NOW());
INSERT INTO transactions (id, user_id, account_id, category_id, type, amount, description, notes, date, created_at, updated_at) VALUES (85, 2, 5, 14, 'expense', 1099.09, 'Soriana', 'Nota de prueba', '2026-05-23 14:26:19', NOW(), NOW());
INSERT INTO transactions (id, user_id, account_id, category_id, type, amount, description, notes, date, created_at, updated_at) VALUES (86, 2, 6, 18, 'expense', 3045.33, 'Steam', 'Nota de prueba', '2025-09-06 07:41:12', NOW(), NOW());
INSERT INTO transactions (id, user_id, account_id, category_id, type, amount, description, notes, date, created_at, updated_at) VALUES (87, 2, 10, 9, 'expense', 1788.09, 'Liverpool', 'Nota de prueba', '2026-05-23 02:18:56', NOW(), NOW());
INSERT INTO transactions (id, user_id, account_id, category_id, type, amount, description, notes, date, created_at, updated_at) VALUES (88, 2, 6, 10, 'expense', 4076.55, 'Uber', 'Nota de prueba', '2025-12-22 01:21:36', NOW(), NOW());
INSERT INTO transactions (id, user_id, account_id, category_id, type, amount, description, notes, date, created_at, updated_at) VALUES (89, 2, 10, 25, 'expense', 1342.47, 'Didi', 'Nota de prueba', '2026-05-10 21:20:02', NOW(), NOW());
INSERT INTO transactions (id, user_id, account_id, category_id, type, amount, description, notes, date, created_at, updated_at) VALUES (90, 2, 9, 14, 'expense', 1273.33, 'Spotify', 'Nota de prueba', '2026-03-21 23:28:30', NOW(), NOW());
INSERT INTO transactions (id, user_id, account_id, category_id, type, amount, description, notes, date, created_at, updated_at) VALUES (91, 2, 7, 2, 'income', 4959.42, 'Dividendos GBM', 'Nota de prueba', '2026-02-06 12:20:22', NOW(), NOW());
INSERT INTO transactions (id, user_id, account_id, category_id, type, amount, description, notes, date, created_at, updated_at) VALUES (92, 2, 9, 9, 'expense', 4405.36, 'Steam', 'Nota de prueba', '2025-11-15 16:50:01', NOW(), NOW());
INSERT INTO transactions (id, user_id, account_id, category_id, type, amount, description, notes, date, created_at, updated_at) VALUES (93, 2, 9, 6, 'expense', 4014.93, 'Walmart', 'Nota de prueba', '2026-05-09 09:40:27', NOW(), NOW());
INSERT INTO transactions (id, user_id, account_id, category_id, type, amount, description, notes, date, created_at, updated_at) VALUES (94, 2, 5, 16, 'expense', 1633.08, 'Netflix', 'Nota de prueba', '2026-06-23 23:43:28', NOW(), NOW());
INSERT INTO transactions (id, user_id, account_id, category_id, type, amount, description, notes, date, created_at, updated_at) VALUES (95, 2, 8, 3, 'income', 4854.61, 'SAT Reembolso', 'Nota de prueba', '2026-06-09 12:58:37', NOW(), NOW());
INSERT INTO transactions (id, user_id, account_id, category_id, type, amount, description, notes, date, created_at, updated_at) VALUES (96, 2, 6, 29, 'investment', 4147.09, 'Binance', 'Nota de prueba', '2026-01-01 21:34:15', NOW(), NOW());
INSERT INTO transactions (id, user_id, account_id, category_id, type, amount, description, notes, date, created_at, updated_at) VALUES (97, 2, 10, 30, 'investment', 1564.59, 'GBM', 'Nota de prueba', '2025-09-20 22:33:40', NOW(), NOW());
INSERT INTO transactions (id, user_id, account_id, category_id, type, amount, description, notes, date, created_at, updated_at) VALUES (98, 2, 10, 10, 'expense', 784.03, 'OXXO', 'Nota de prueba', '2025-07-22 07:06:29', NOW(), NOW());
INSERT INTO transactions (id, user_id, account_id, category_id, type, amount, description, notes, date, created_at, updated_at) VALUES (99, 2, 8, 22, 'expense', 4876.11, 'Costco', 'Nota de prueba', '2025-09-07 19:13:28', NOW(), NOW());
INSERT INTO transactions (id, user_id, account_id, category_id, type, amount, description, notes, date, created_at, updated_at) VALUES (100, 2, 9, 25, 'expense', 3595.20, 'Liverpool', 'Nota de prueba', '2025-11-18 23:00:41', NOW(), NOW());
INSERT INTO transactions (id, user_id, account_id, category_id, type, amount, description, notes, date, created_at, updated_at) VALUES (101, 2, 8, 9, 'expense', 3182.94, 'Apple', 'Nota de prueba', '2026-03-23 02:06:45', NOW(), NOW());
INSERT INTO transactions (id, user_id, account_id, category_id, type, amount, description, notes, date, created_at, updated_at) VALUES (102, 2, 9, 7, 'expense', 4243.70, 'CFE', 'Nota de prueba', '2026-03-21 13:38:55', NOW(), NOW());
INSERT INTO transactions (id, user_id, account_id, category_id, type, amount, description, notes, date, created_at, updated_at) VALUES (103, 2, 6, 5, 'income', 3392.47, 'Fiverr', 'Nota de prueba', '2026-01-21 23:55:37', NOW(), NOW());
INSERT INTO transactions (id, user_id, account_id, category_id, type, amount, description, notes, date, created_at, updated_at) VALUES (104, 2, 5, 2, 'income', 2911.86, 'Fiverr', 'Nota de prueba', '2025-11-21 17:03:22', NOW(), NOW());
INSERT INTO transactions (id, user_id, account_id, category_id, type, amount, description, notes, date, created_at, updated_at) VALUES (105, 2, 5, 14, 'expense', 2578.83, 'CFE', 'Nota de prueba', '2025-09-07 21:33:29', NOW(), NOW());
INSERT INTO transactions (id, user_id, account_id, category_id, type, amount, description, notes, date, created_at, updated_at) VALUES (106, 2, 5, 12, 'expense', 974.54, 'Spotify', 'Nota de prueba', '2026-04-19 11:53:50', NOW(), NOW());
INSERT INTO transactions (id, user_id, account_id, category_id, type, amount, description, notes, date, created_at, updated_at) VALUES (107, 2, 7, 14, 'expense', 4731.05, 'OXXO', 'Nota de prueba', '2026-06-07 00:02:18', NOW(), NOW());
INSERT INTO transactions (id, user_id, account_id, category_id, type, amount, description, notes, date, created_at, updated_at) VALUES (108, 2, 5, 6, 'expense', 1462.61, 'Cinépolis', 'Nota de prueba', '2026-07-02 01:56:48', NOW(), NOW());
INSERT INTO transactions (id, user_id, account_id, category_id, type, amount, description, notes, date, created_at, updated_at) VALUES (109, 2, 7, 13, 'expense', 4493.02, 'Starbucks', 'Nota de prueba', '2026-04-21 21:22:16', NOW(), NOW());
INSERT INTO transactions (id, user_id, account_id, category_id, type, amount, description, notes, date, created_at, updated_at) VALUES (110, 2, 7, 10, 'expense', 1963.09, 'Apple', 'Nota de prueba', '2025-08-25 03:35:27', NOW(), NOW());
INSERT INTO transactions (id, user_id, account_id, category_id, type, amount, description, notes, date, created_at, updated_at) VALUES (111, 2, 5, 21, 'expense', 553.91, 'Domino''s', 'Nota de prueba', '2025-07-28 18:19:30', NOW(), NOW());
INSERT INTO transactions (id, user_id, account_id, category_id, type, amount, description, notes, date, created_at, updated_at) VALUES (112, 2, 5, 24, 'expense', 2170.67, 'Domino''s', 'Nota de prueba', '2026-04-22 01:52:17', NOW(), NOW());
INSERT INTO transactions (id, user_id, account_id, category_id, type, amount, description, notes, date, created_at, updated_at) VALUES (113, 2, 6, 6, 'expense', 2082.95, 'Mercado Libre', 'Nota de prueba', '2026-06-15 14:52:14', NOW(), NOW());
INSERT INTO budgets (id, user_id, category_id, amount, month, created_at, updated_at) VALUES (6, 2, 6, 4743.20, '2026-07-01', NOW(), NOW());
INSERT INTO budgets (id, user_id, category_id, amount, month, created_at, updated_at) VALUES (7, 2, 21, 4921.25, '2026-07-01', NOW(), NOW());
INSERT INTO budgets (id, user_id, category_id, amount, month, created_at, updated_at) VALUES (8, 2, 17, 1291.91, '2026-07-01', NOW(), NOW());
INSERT INTO budgets (id, user_id, category_id, amount, month, created_at, updated_at) VALUES (9, 2, 22, 2514.46, '2026-07-01', NOW(), NOW());
INSERT INTO budgets (id, user_id, category_id, amount, month, created_at, updated_at) VALUES (10, 2, 15, 3962.65, '2026-07-01', NOW(), NOW());
INSERT INTO goals (id, user_id, name, target_amount, current_amount, status, deadline, created_at, updated_at) VALUES (4, 2, 'Casa', 76739.20, 26399.65, 'completed', '2027-04-09', NOW(), NOW());
INSERT INTO goals (id, user_id, name, target_amount, current_amount, status, deadline, created_at, updated_at) VALUES (5, 2, 'Laptop nueva', 25673.97, 10353.20, 'paused', '2027-04-15', NOW(), NOW());
INSERT INTO goals (id, user_id, name, target_amount, current_amount, status, deadline, created_at, updated_at) VALUES (6, 2, 'Fondo de emergencia', 72205.46, 14265.98, 'active', '2026-08-01', NOW(), NOW());
INSERT INTO subscriptions (id, user_id, name, amount, billing_cycle, next_billing_date, category_id, account_id, created_at, updated_at) VALUES (11, 2, 'Netflix', 396.92, 'monthly', '2026-07-13', 15, 6, NOW(), NOW());
INSERT INTO subscriptions (id, user_id, name, amount, billing_cycle, next_billing_date, category_id, account_id, created_at, updated_at) VALUES (12, 2, 'ChatGPT Plus', 376.53, 'monthly', '2026-07-17', 11, 7, NOW(), NOW());
INSERT INTO subscriptions (id, user_id, name, amount, billing_cycle, next_billing_date, category_id, account_id, created_at, updated_at) VALUES (13, 2, 'Microsoft 365', 102.56, 'monthly', '2026-07-30', 13, 6, NOW(), NOW());
INSERT INTO subscriptions (id, user_id, name, amount, billing_cycle, next_billing_date, category_id, account_id, created_at, updated_at) VALUES (14, 2, 'Crunchyroll', 296.76, 'monthly', '2026-07-05', 11, 10, NOW(), NOW());
INSERT INTO subscriptions (id, user_id, name, amount, billing_cycle, next_billing_date, category_id, account_id, created_at, updated_at) VALUES (15, 2, 'YouTube Premium', 244.34, 'monthly', '2026-07-17', 24, 9, NOW(), NOW());
INSERT INTO investments (id, user_id, account_id, symbol, quantity, average_price, currency, type, created_at, updated_at) VALUES (4, 2, 5, 'VTI', 12.47, 381.55, 'USD', 'etf', NOW(), NOW());
INSERT INTO investment_prices (id, investment_id, price, date, created_at, updated_at) VALUES (91, 4, 401.20, '2025-07-14 06:34:37', NOW(), NOW());
INSERT INTO investment_prices (id, investment_id, price, date, created_at, updated_at) VALUES (92, 4, 394.58, '2025-07-26 06:34:37', NOW(), NOW());
INSERT INTO investment_prices (id, investment_id, price, date, created_at, updated_at) VALUES (93, 4, 392.30, '2025-08-07 06:34:37', NOW(), NOW());
INSERT INTO investment_prices (id, investment_id, price, date, created_at, updated_at) VALUES (94, 4, 396.99, '2025-08-19 06:34:37', NOW(), NOW());
INSERT INTO investment_prices (id, investment_id, price, date, created_at, updated_at) VALUES (95, 4, 392.42, '2025-08-31 06:34:37', NOW(), NOW());
INSERT INTO investment_prices (id, investment_id, price, date, created_at, updated_at) VALUES (96, 4, 403.24, '2025-09-12 06:34:37', NOW(), NOW());
INSERT INTO investment_prices (id, investment_id, price, date, created_at, updated_at) VALUES (97, 4, 411.49, '2025-09-24 06:34:37', NOW(), NOW());
INSERT INTO investment_prices (id, investment_id, price, date, created_at, updated_at) VALUES (98, 4, 401.39, '2025-10-06 06:34:37', NOW(), NOW());
INSERT INTO investment_prices (id, investment_id, price, date, created_at, updated_at) VALUES (99, 4, 406.87, '2025-10-18 06:34:37', NOW(), NOW());
INSERT INTO investment_prices (id, investment_id, price, date, created_at, updated_at) VALUES (100, 4, 419.64, '2025-10-30 06:34:37', NOW(), NOW());
INSERT INTO investment_prices (id, investment_id, price, date, created_at, updated_at) VALUES (101, 4, 409.95, '2025-11-11 06:34:37', NOW(), NOW());
INSERT INTO investment_prices (id, investment_id, price, date, created_at, updated_at) VALUES (102, 4, 417.86, '2025-11-23 06:34:37', NOW(), NOW());
INSERT INTO investment_prices (id, investment_id, price, date, created_at, updated_at) VALUES (103, 4, 440.50, '2025-12-05 06:34:37', NOW(), NOW());
INSERT INTO investment_prices (id, investment_id, price, date, created_at, updated_at) VALUES (104, 4, 443.35, '2025-12-17 06:34:37', NOW(), NOW());
INSERT INTO investment_prices (id, investment_id, price, date, created_at, updated_at) VALUES (105, 4, 456.52, '2025-12-29 06:34:37', NOW(), NOW());
INSERT INTO investment_prices (id, investment_id, price, date, created_at, updated_at) VALUES (106, 4, 475.41, '2026-01-10 06:34:37', NOW(), NOW());
INSERT INTO investment_prices (id, investment_id, price, date, created_at, updated_at) VALUES (107, 4, 485.35, '2026-01-22 06:34:37', NOW(), NOW());
INSERT INTO investment_prices (id, investment_id, price, date, created_at, updated_at) VALUES (108, 4, 468.54, '2026-02-03 06:34:37', NOW(), NOW());
INSERT INTO investment_prices (id, investment_id, price, date, created_at, updated_at) VALUES (109, 4, 479.17, '2026-02-15 06:34:37', NOW(), NOW());
INSERT INTO investment_prices (id, investment_id, price, date, created_at, updated_at) VALUES (110, 4, 498.78, '2026-02-27 06:34:37', NOW(), NOW());
INSERT INTO investment_prices (id, investment_id, price, date, created_at, updated_at) VALUES (111, 4, 510.91, '2026-03-11 06:34:37', NOW(), NOW());
INSERT INTO investment_prices (id, investment_id, price, date, created_at, updated_at) VALUES (112, 4, 517.21, '2026-03-23 06:34:37', NOW(), NOW());
INSERT INTO investment_prices (id, investment_id, price, date, created_at, updated_at) VALUES (113, 4, 538.51, '2026-04-04 06:34:37', NOW(), NOW());
INSERT INTO investment_prices (id, investment_id, price, date, created_at, updated_at) VALUES (114, 4, 526.51, '2026-04-16 06:34:37', NOW(), NOW());
INSERT INTO investment_prices (id, investment_id, price, date, created_at, updated_at) VALUES (115, 4, 536.88, '2026-04-28 06:34:37', NOW(), NOW());
INSERT INTO investment_prices (id, investment_id, price, date, created_at, updated_at) VALUES (116, 4, 542.97, '2026-05-10 06:34:37', NOW(), NOW());
INSERT INTO investment_prices (id, investment_id, price, date, created_at, updated_at) VALUES (117, 4, 524.41, '2026-05-22 06:34:37', NOW(), NOW());
INSERT INTO investment_prices (id, investment_id, price, date, created_at, updated_at) VALUES (118, 4, 512.41, '2026-06-03 06:34:37', NOW(), NOW());
INSERT INTO investment_prices (id, investment_id, price, date, created_at, updated_at) VALUES (119, 4, 498.61, '2026-06-15 06:34:37', NOW(), NOW());
INSERT INTO investment_prices (id, investment_id, price, date, created_at, updated_at) VALUES (120, 4, 488.60, '2026-06-27 06:34:37', NOW(), NOW());
INSERT INTO investments (id, user_id, account_id, symbol, quantity, average_price, currency, type, created_at, updated_at) VALUES (5, 2, 8, 'GOOGL', 18.97, 257.00, 'USD', 'stock', NOW(), NOW());
INSERT INTO investment_prices (id, investment_id, price, date, created_at, updated_at) VALUES (121, 5, 265.19, '2025-07-14 06:34:37', NOW(), NOW());
INSERT INTO investment_prices (id, investment_id, price, date, created_at, updated_at) VALUES (122, 5, 270.51, '2025-07-26 06:34:37', NOW(), NOW());
INSERT INTO investment_prices (id, investment_id, price, date, created_at, updated_at) VALUES (123, 5, 269.61, '2025-08-07 06:34:37', NOW(), NOW());
INSERT INTO investment_prices (id, investment_id, price, date, created_at, updated_at) VALUES (124, 5, 264.57, '2025-08-19 06:34:37', NOW(), NOW());
INSERT INTO investment_prices (id, investment_id, price, date, created_at, updated_at) VALUES (125, 5, 278.58, '2025-08-31 06:34:37', NOW(), NOW());
INSERT INTO investment_prices (id, investment_id, price, date, created_at, updated_at) VALUES (126, 5, 272.02, '2025-09-12 06:34:37', NOW(), NOW());
INSERT INTO investment_prices (id, investment_id, price, date, created_at, updated_at) VALUES (127, 5, 279.40, '2025-09-24 06:34:37', NOW(), NOW());
INSERT INTO investment_prices (id, investment_id, price, date, created_at, updated_at) VALUES (128, 5, 274.49, '2025-10-06 06:34:37', NOW(), NOW());
INSERT INTO investment_prices (id, investment_id, price, date, created_at, updated_at) VALUES (129, 5, 286.07, '2025-10-18 06:34:37', NOW(), NOW());
INSERT INTO investment_prices (id, investment_id, price, date, created_at, updated_at) VALUES (130, 5, 298.23, '2025-10-30 06:34:37', NOW(), NOW());
INSERT INTO investment_prices (id, investment_id, price, date, created_at, updated_at) VALUES (131, 5, 308.53, '2025-11-11 06:34:37', NOW(), NOW());
INSERT INTO investment_prices (id, investment_id, price, date, created_at, updated_at) VALUES (132, 5, 298.31, '2025-11-23 06:34:37', NOW(), NOW());
INSERT INTO investment_prices (id, investment_id, price, date, created_at, updated_at) VALUES (133, 5, 300.85, '2025-12-05 06:34:37', NOW(), NOW());
INSERT INTO investment_prices (id, investment_id, price, date, created_at, updated_at) VALUES (134, 5, 302.19, '2025-12-17 06:34:37', NOW(), NOW());
INSERT INTO investment_prices (id, investment_id, price, date, created_at, updated_at) VALUES (135, 5, 304.87, '2025-12-29 06:34:37', NOW(), NOW());
INSERT INTO investment_prices (id, investment_id, price, date, created_at, updated_at) VALUES (136, 5, 316.24, '2026-01-10 06:34:37', NOW(), NOW());
INSERT INTO investment_prices (id, investment_id, price, date, created_at, updated_at) VALUES (137, 5, 318.97, '2026-01-22 06:34:37', NOW(), NOW());
INSERT INTO investment_prices (id, investment_id, price, date, created_at, updated_at) VALUES (138, 5, 330.69, '2026-02-03 06:34:37', NOW(), NOW());
INSERT INTO investment_prices (id, investment_id, price, date, created_at, updated_at) VALUES (139, 5, 340.48, '2026-02-15 06:34:37', NOW(), NOW());
INSERT INTO investment_prices (id, investment_id, price, date, created_at, updated_at) VALUES (140, 5, 349.61, '2026-02-27 06:34:37', NOW(), NOW());
INSERT INTO investment_prices (id, investment_id, price, date, created_at, updated_at) VALUES (141, 5, 362.04, '2026-03-11 06:34:37', NOW(), NOW());
INSERT INTO investment_prices (id, investment_id, price, date, created_at, updated_at) VALUES (142, 5, 371.38, '2026-03-23 06:34:37', NOW(), NOW());
INSERT INTO investment_prices (id, investment_id, price, date, created_at, updated_at) VALUES (143, 5, 357.51, '2026-04-04 06:34:37', NOW(), NOW());
INSERT INTO investment_prices (id, investment_id, price, date, created_at, updated_at) VALUES (144, 5, 377.08, '2026-04-16 06:34:37', NOW(), NOW());
INSERT INTO investment_prices (id, investment_id, price, date, created_at, updated_at) VALUES (145, 5, 366.51, '2026-04-28 06:34:37', NOW(), NOW());
INSERT INTO investment_prices (id, investment_id, price, date, created_at, updated_at) VALUES (146, 5, 373.44, '2026-05-10 06:34:37', NOW(), NOW());
INSERT INTO investment_prices (id, investment_id, price, date, created_at, updated_at) VALUES (147, 5, 385.17, '2026-05-22 06:34:37', NOW(), NOW());
INSERT INTO investment_prices (id, investment_id, price, date, created_at, updated_at) VALUES (148, 5, 405.64, '2026-06-03 06:34:37', NOW(), NOW());
INSERT INTO investment_prices (id, investment_id, price, date, created_at, updated_at) VALUES (149, 5, 390.95, '2026-06-15 06:34:37', NOW(), NOW());
INSERT INTO investment_prices (id, investment_id, price, date, created_at, updated_at) VALUES (150, 5, 398.22, '2026-06-27 06:34:37', NOW(), NOW());
INSERT INTO investments (id, user_id, account_id, symbol, quantity, average_price, currency, type, created_at, updated_at) VALUES (6, 2, 8, 'ETH', 29.68, 155.18, 'USD', 'crypto', NOW(), NOW());
INSERT INTO investment_prices (id, investment_id, price, date, created_at, updated_at) VALUES (151, 6, 158.75, '2025-07-14 06:34:37', NOW(), NOW());
INSERT INTO investment_prices (id, investment_id, price, date, created_at, updated_at) VALUES (152, 6, 161.95, '2025-07-26 06:34:37', NOW(), NOW());
INSERT INTO investment_prices (id, investment_id, price, date, created_at, updated_at) VALUES (153, 6, 167.52, '2025-08-07 06:34:37', NOW(), NOW());
INSERT INTO investment_prices (id, investment_id, price, date, created_at, updated_at) VALUES (154, 6, 166.09, '2025-08-19 06:34:37', NOW(), NOW());
INSERT INTO investment_prices (id, investment_id, price, date, created_at, updated_at) VALUES (155, 6, 169.23, '2025-08-31 06:34:37', NOW(), NOW());
INSERT INTO investment_prices (id, investment_id, price, date, created_at, updated_at) VALUES (156, 6, 170.93, '2025-09-12 06:34:37', NOW(), NOW());
INSERT INTO investment_prices (id, investment_id, price, date, created_at, updated_at) VALUES (157, 6, 176.23, '2025-09-24 06:34:37', NOW(), NOW());
INSERT INTO investment_prices (id, investment_id, price, date, created_at, updated_at) VALUES (158, 6, 178.91, '2025-10-06 06:34:37', NOW(), NOW());
INSERT INTO investment_prices (id, investment_id, price, date, created_at, updated_at) VALUES (159, 6, 172.49, '2025-10-18 06:34:37', NOW(), NOW());
INSERT INTO investment_prices (id, investment_id, price, date, created_at, updated_at) VALUES (160, 6, 180.02, '2025-10-30 06:34:37', NOW(), NOW());
INSERT INTO investment_prices (id, investment_id, price, date, created_at, updated_at) VALUES (161, 6, 184.49, '2025-11-11 06:34:37', NOW(), NOW());
INSERT INTO investment_prices (id, investment_id, price, date, created_at, updated_at) VALUES (162, 6, 188.23, '2025-11-23 06:34:37', NOW(), NOW());
INSERT INTO investment_prices (id, investment_id, price, date, created_at, updated_at) VALUES (163, 6, 185.83, '2025-12-05 06:34:37', NOW(), NOW());
INSERT INTO investment_prices (id, investment_id, price, date, created_at, updated_at) VALUES (164, 6, 183.69, '2025-12-17 06:34:37', NOW(), NOW());
INSERT INTO investment_prices (id, investment_id, price, date, created_at, updated_at) VALUES (165, 6, 187.14, '2025-12-29 06:34:37', NOW(), NOW());
INSERT INTO investment_prices (id, investment_id, price, date, created_at, updated_at) VALUES (166, 6, 189.07, '2026-01-10 06:34:37', NOW(), NOW());
INSERT INTO investment_prices (id, investment_id, price, date, created_at, updated_at) VALUES (167, 6, 182.13, '2026-01-22 06:34:37', NOW(), NOW());
INSERT INTO investment_prices (id, investment_id, price, date, created_at, updated_at) VALUES (168, 6, 186.20, '2026-02-03 06:34:37', NOW(), NOW());
INSERT INTO investment_prices (id, investment_id, price, date, created_at, updated_at) VALUES (169, 6, 193.72, '2026-02-15 06:34:37', NOW(), NOW());
INSERT INTO investment_prices (id, investment_id, price, date, created_at, updated_at) VALUES (170, 6, 198.53, '2026-02-27 06:34:37', NOW(), NOW());
INSERT INTO investment_prices (id, investment_id, price, date, created_at, updated_at) VALUES (171, 6, 200.00, '2026-03-11 06:34:37', NOW(), NOW());
INSERT INTO investment_prices (id, investment_id, price, date, created_at, updated_at) VALUES (172, 6, 207.75, '2026-03-23 06:34:37', NOW(), NOW());
INSERT INTO investment_prices (id, investment_id, price, date, created_at, updated_at) VALUES (173, 6, 202.11, '2026-04-04 06:34:37', NOW(), NOW());
INSERT INTO investment_prices (id, investment_id, price, date, created_at, updated_at) VALUES (174, 6, 213.47, '2026-04-16 06:34:37', NOW(), NOW());
INSERT INTO investment_prices (id, investment_id, price, date, created_at, updated_at) VALUES (175, 6, 217.17, '2026-04-28 06:34:37', NOW(), NOW());
INSERT INTO investment_prices (id, investment_id, price, date, created_at, updated_at) VALUES (176, 6, 221.90, '2026-05-10 06:34:37', NOW(), NOW());
INSERT INTO investment_prices (id, investment_id, price, date, created_at, updated_at) VALUES (177, 6, 214.91, '2026-05-22 06:34:37', NOW(), NOW());
INSERT INTO investment_prices (id, investment_id, price, date, created_at, updated_at) VALUES (178, 6, 220.16, '2026-06-03 06:34:37', NOW(), NOW());
INSERT INTO investment_prices (id, investment_id, price, date, created_at, updated_at) VALUES (179, 6, 213.23, '2026-06-15 06:34:37', NOW(), NOW());
INSERT INTO investment_prices (id, investment_id, price, date, created_at, updated_at) VALUES (180, 6, 212.99, '2026-06-27 06:34:37', NOW(), NOW());
INSERT INTO reminders (id, user_id, title, description, due_date, status, created_at, updated_at) VALUES (9, 2, 'Comprar gasolina', 'Recordatorio generado automáticamente', '2026-07-22 01:53:20', 'completed', NOW(), NOW());
INSERT INTO reminders (id, user_id, title, description, due_date, status, created_at, updated_at) VALUES (10, 2, 'Pagar universidad', 'Recordatorio generado automáticamente', '2026-08-23 21:23:09', 'pending', NOW(), NOW());
INSERT INTO reminders (id, user_id, title, description, due_date, status, created_at, updated_at) VALUES (11, 2, 'Pagar universidad', 'Recordatorio generado automáticamente', '2026-07-28 05:34:33', 'pending', NOW(), NOW());
INSERT INTO reminders (id, user_id, title, description, due_date, status, created_at, updated_at) VALUES (12, 2, 'Pagar tarjeta', 'Recordatorio generado automáticamente', '2026-07-06 23:01:23', 'pending', NOW(), NOW());
INSERT INTO reminders (id, user_id, title, description, due_date, status, created_at, updated_at) VALUES (13, 2, 'Pagar tarjeta', 'Recordatorio generado automáticamente', '2026-08-20 21:52:50', 'pending', NOW(), NOW());
INSERT INTO receipts (id, user_id, transaction_id, merchant, total_amount, date, image_url, created_at, updated_at) VALUES (21, 2, 86, 'Steam', 3045.33, '2025-09-06 07:41:12', 'https://example.com/receipt_86.jpg', NOW(), NOW());
INSERT INTO receipts (id, user_id, transaction_id, merchant, total_amount, date, image_url, created_at, updated_at) VALUES (22, 2, 88, 'Uber', 4076.55, '2025-12-22 01:21:36', 'https://example.com/receipt_88.jpg', NOW(), NOW());
INSERT INTO receipts (id, user_id, transaction_id, merchant, total_amount, date, image_url, created_at, updated_at) VALUES (23, 2, 98, 'OXXO', 784.03, '2025-07-22 07:06:29', 'https://example.com/receipt_98.jpg', NOW(), NOW());
INSERT INTO receipts (id, user_id, transaction_id, merchant, total_amount, date, image_url, created_at, updated_at) VALUES (24, 2, 62, 'Binance', 3727.76, '2025-09-04 03:47:15', 'https://example.com/receipt_62.jpg', NOW(), NOW());
INSERT INTO receipts (id, user_id, transaction_id, merchant, total_amount, date, image_url, created_at, updated_at) VALUES (25, 2, 108, 'Cinépolis', 1462.61, '2026-07-02 01:56:48', 'https://example.com/receipt_108.jpg', NOW(), NOW());
INSERT INTO receipts (id, user_id, transaction_id, merchant, total_amount, date, image_url, created_at, updated_at) VALUES (26, 2, 109, 'Starbucks', 4493.02, '2026-04-21 21:22:16', 'https://example.com/receipt_109.jpg', NOW(), NOW());
INSERT INTO receipts (id, user_id, transaction_id, merchant, total_amount, date, image_url, created_at, updated_at) VALUES (27, 2, 100, 'Liverpool', 3595.20, '2025-11-18 23:00:41', 'https://example.com/receipt_100.jpg', NOW(), NOW());
INSERT INTO receipts (id, user_id, transaction_id, merchant, total_amount, date, image_url, created_at, updated_at) VALUES (28, 2, 100, 'Liverpool', 3595.20, '2025-11-18 23:00:41', 'https://example.com/receipt_100.jpg', NOW(), NOW());
INSERT INTO receipts (id, user_id, transaction_id, merchant, total_amount, date, image_url, created_at, updated_at) VALUES (29, 2, 64, 'Didi', 3095.82, '2026-06-14 10:46:48', 'https://example.com/receipt_64.jpg', NOW(), NOW());
INSERT INTO receipts (id, user_id, transaction_id, merchant, total_amount, date, image_url, created_at, updated_at) VALUES (30, 2, 72, 'Amazon', 4632.57, '2025-11-24 23:19:16', 'https://example.com/receipt_72.jpg', NOW(), NOW());
INSERT INTO receipts (id, user_id, transaction_id, merchant, total_amount, date, image_url, created_at, updated_at) VALUES (31, 2, 94, 'Netflix', 1633.08, '2026-06-23 23:43:28', 'https://example.com/receipt_94.jpg', NOW(), NOW());
INSERT INTO receipts (id, user_id, transaction_id, merchant, total_amount, date, image_url, created_at, updated_at) VALUES (32, 2, 56, 'Uber', 1333.22, '2025-11-09 09:58:52', 'https://example.com/receipt_56.jpg', NOW(), NOW());
INSERT INTO receipts (id, user_id, transaction_id, merchant, total_amount, date, image_url, created_at, updated_at) VALUES (33, 2, 110, 'Apple', 1963.09, '2025-08-25 03:35:27', 'https://example.com/receipt_110.jpg', NOW(), NOW());
INSERT INTO receipts (id, user_id, transaction_id, merchant, total_amount, date, image_url, created_at, updated_at) VALUES (34, 2, 75, 'Empresa S.A. de C.V.', 3242.13, '2026-06-14 16:40:38', 'https://example.com/receipt_75.jpg', NOW(), NOW());
INSERT INTO receipts (id, user_id, transaction_id, merchant, total_amount, date, image_url, created_at, updated_at) VALUES (35, 2, 54, 'Steam', 2153.12, '2026-03-15 22:45:40', 'https://example.com/receipt_54.jpg', NOW(), NOW());
INSERT INTO receipts (id, user_id, transaction_id, merchant, total_amount, date, image_url, created_at, updated_at) VALUES (36, 2, 103, 'Fiverr', 3392.47, '2026-01-21 23:55:37', 'https://example.com/receipt_103.jpg', NOW(), NOW());
INSERT INTO receipts (id, user_id, transaction_id, merchant, total_amount, date, image_url, created_at, updated_at) VALUES (37, 2, 80, 'Didi', 2983.99, '2026-02-17 18:38:53', 'https://example.com/receipt_80.jpg', NOW(), NOW());
INSERT INTO receipts (id, user_id, transaction_id, merchant, total_amount, date, image_url, created_at, updated_at) VALUES (38, 2, 111, 'Domino''s', 553.91, '2025-07-28 18:19:30', 'https://example.com/receipt_111.jpg', NOW(), NOW());
INSERT INTO receipts (id, user_id, transaction_id, merchant, total_amount, date, image_url, created_at, updated_at) VALUES (39, 2, 51, 'Mercado Libre', 203.99, '2025-11-23 12:43:07', 'https://example.com/receipt_51.jpg', NOW(), NOW());
INSERT INTO receipts (id, user_id, transaction_id, merchant, total_amount, date, image_url, created_at, updated_at) VALUES (40, 2, 74, 'Liverpool', 1186.08, '2025-10-15 18:44:42', 'https://example.com/receipt_74.jpg', NOW(), NOW());
INSERT INTO receipts (id, user_id, transaction_id, merchant, total_amount, date, image_url, created_at, updated_at) VALUES (41, 2, 60, 'Starbucks', 4639.88, '2026-03-01 14:55:32', 'https://example.com/receipt_60.jpg', NOW(), NOW());
INSERT INTO receipts (id, user_id, transaction_id, merchant, total_amount, date, image_url, created_at, updated_at) VALUES (42, 2, 113, 'Mercado Libre', 2082.95, '2026-06-15 14:52:14', 'https://example.com/receipt_113.jpg', NOW(), NOW());
INSERT INTO receipts (id, user_id, transaction_id, merchant, total_amount, date, image_url, created_at, updated_at) VALUES (43, 2, 63, 'OXXO', 4142.85, '2026-02-01 11:08:37', 'https://example.com/receipt_63.jpg', NOW(), NOW());
INSERT INTO financial_snapshots (id, user_id, date, net_worth, total_assets, total_liabilities, created_at, updated_at) VALUES (53, 2, '2025-07-02', 40151.40, 48181.68, 8030.28, NOW(), NOW());
INSERT INTO financial_snapshots (id, user_id, date, net_worth, total_assets, total_liabilities, created_at, updated_at) VALUES (54, 2, '2025-07-09', 40330.64, 48396.77, 8066.13, NOW(), NOW());
INSERT INTO financial_snapshots (id, user_id, date, net_worth, total_assets, total_liabilities, created_at, updated_at) VALUES (55, 2, '2025-07-16', 40127.65, 48153.18, 8025.53, NOW(), NOW());
INSERT INTO financial_snapshots (id, user_id, date, net_worth, total_assets, total_liabilities, created_at, updated_at) VALUES (56, 2, '2025-07-23', 41562.97, 49875.56, 8312.59, NOW(), NOW());
INSERT INTO financial_snapshots (id, user_id, date, net_worth, total_assets, total_liabilities, created_at, updated_at) VALUES (57, 2, '2025-07-30', 41449.37, 49739.24, 8289.87, NOW(), NOW());
INSERT INTO financial_snapshots (id, user_id, date, net_worth, total_assets, total_liabilities, created_at, updated_at) VALUES (58, 2, '2025-08-06', 40991.71, 49190.05, 8198.34, NOW(), NOW());
INSERT INTO financial_snapshots (id, user_id, date, net_worth, total_assets, total_liabilities, created_at, updated_at) VALUES (59, 2, '2025-08-13', 41707.36, 50048.83, 8341.47, NOW(), NOW());
INSERT INTO financial_snapshots (id, user_id, date, net_worth, total_assets, total_liabilities, created_at, updated_at) VALUES (60, 2, '2025-08-20', 41843.19, 50211.83, 8368.64, NOW(), NOW());
INSERT INTO financial_snapshots (id, user_id, date, net_worth, total_assets, total_liabilities, created_at, updated_at) VALUES (61, 2, '2025-08-27', 41563.38, 49876.06, 8312.68, NOW(), NOW());
INSERT INTO financial_snapshots (id, user_id, date, net_worth, total_assets, total_liabilities, created_at, updated_at) VALUES (62, 2, '2025-09-03', 42079.03, 50494.84, 8415.81, NOW(), NOW());
INSERT INTO financial_snapshots (id, user_id, date, net_worth, total_assets, total_liabilities, created_at, updated_at) VALUES (63, 2, '2025-09-10', 41645.29, 49974.35, 8329.06, NOW(), NOW());
INSERT INTO financial_snapshots (id, user_id, date, net_worth, total_assets, total_liabilities, created_at, updated_at) VALUES (64, 2, '2025-09-17', 42045.39, 50454.47, 8409.08, NOW(), NOW());
INSERT INTO financial_snapshots (id, user_id, date, net_worth, total_assets, total_liabilities, created_at, updated_at) VALUES (65, 2, '2025-09-24', 42931.27, 51517.52, 8586.25, NOW(), NOW());
INSERT INTO financial_snapshots (id, user_id, date, net_worth, total_assets, total_liabilities, created_at, updated_at) VALUES (66, 2, '2025-10-01', 44393.14, 53271.77, 8878.63, NOW(), NOW());
INSERT INTO financial_snapshots (id, user_id, date, net_worth, total_assets, total_liabilities, created_at, updated_at) VALUES (67, 2, '2025-10-08', 44402.58, 53283.10, 8880.52, NOW(), NOW());
INSERT INTO financial_snapshots (id, user_id, date, net_worth, total_assets, total_liabilities, created_at, updated_at) VALUES (68, 2, '2025-10-15', 44273.75, 53128.50, 8854.75, NOW(), NOW());
INSERT INTO financial_snapshots (id, user_id, date, net_worth, total_assets, total_liabilities, created_at, updated_at) VALUES (69, 2, '2025-10-22', 44076.73, 52892.08, 8815.35, NOW(), NOW());
INSERT INTO financial_snapshots (id, user_id, date, net_worth, total_assets, total_liabilities, created_at, updated_at) VALUES (70, 2, '2025-10-29', 44761.29, 53713.55, 8952.26, NOW(), NOW());
INSERT INTO financial_snapshots (id, user_id, date, net_worth, total_assets, total_liabilities, created_at, updated_at) VALUES (71, 2, '2025-11-05', 44414.61, 53297.53, 8882.92, NOW(), NOW());
INSERT INTO financial_snapshots (id, user_id, date, net_worth, total_assets, total_liabilities, created_at, updated_at) VALUES (72, 2, '2025-11-12', 44553.91, 53464.69, 8910.78, NOW(), NOW());
INSERT INTO financial_snapshots (id, user_id, date, net_worth, total_assets, total_liabilities, created_at, updated_at) VALUES (73, 2, '2025-11-19', 45681.24, 54817.49, 9136.25, NOW(), NOW());
INSERT INTO financial_snapshots (id, user_id, date, net_worth, total_assets, total_liabilities, created_at, updated_at) VALUES (74, 2, '2025-11-26', 46219.79, 55463.75, 9243.96, NOW(), NOW());
INSERT INTO financial_snapshots (id, user_id, date, net_worth, total_assets, total_liabilities, created_at, updated_at) VALUES (75, 2, '2025-12-03', 46899.77, 56279.72, 9379.95, NOW(), NOW());
INSERT INTO financial_snapshots (id, user_id, date, net_worth, total_assets, total_liabilities, created_at, updated_at) VALUES (76, 2, '2025-12-10', 47314.31, 56777.17, 9462.86, NOW(), NOW());
INSERT INTO financial_snapshots (id, user_id, date, net_worth, total_assets, total_liabilities, created_at, updated_at) VALUES (77, 2, '2025-12-17', 48792.33, 58550.80, 9758.47, NOW(), NOW());
INSERT INTO financial_snapshots (id, user_id, date, net_worth, total_assets, total_liabilities, created_at, updated_at) VALUES (78, 2, '2025-12-24', 48347.99, 58017.59, 9669.60, NOW(), NOW());
INSERT INTO financial_snapshots (id, user_id, date, net_worth, total_assets, total_liabilities, created_at, updated_at) VALUES (79, 2, '2025-12-31', 49333.88, 59200.66, 9866.78, NOW(), NOW());
INSERT INTO financial_snapshots (id, user_id, date, net_worth, total_assets, total_liabilities, created_at, updated_at) VALUES (80, 2, '2026-01-07', 50361.74, 60434.09, 10072.35, NOW(), NOW());
INSERT INTO financial_snapshots (id, user_id, date, net_worth, total_assets, total_liabilities, created_at, updated_at) VALUES (81, 2, '2026-01-14', 50969.43, 61163.32, 10193.89, NOW(), NOW());
INSERT INTO financial_snapshots (id, user_id, date, net_worth, total_assets, total_liabilities, created_at, updated_at) VALUES (82, 2, '2026-01-21', 51865.55, 62238.66, 10373.11, NOW(), NOW());
INSERT INTO financial_snapshots (id, user_id, date, net_worth, total_assets, total_liabilities, created_at, updated_at) VALUES (83, 2, '2026-01-28', 52801.42, 63361.70, 10560.28, NOW(), NOW());
INSERT INTO financial_snapshots (id, user_id, date, net_worth, total_assets, total_liabilities, created_at, updated_at) VALUES (84, 2, '2026-02-04', 53710.56, 64452.67, 10742.11, NOW(), NOW());
INSERT INTO financial_snapshots (id, user_id, date, net_worth, total_assets, total_liabilities, created_at, updated_at) VALUES (85, 2, '2026-02-11', 54149.27, 64979.12, 10829.85, NOW(), NOW());
INSERT INTO financial_snapshots (id, user_id, date, net_worth, total_assets, total_liabilities, created_at, updated_at) VALUES (86, 2, '2026-02-18', 54831.23, 65797.48, 10966.25, NOW(), NOW());
INSERT INTO financial_snapshots (id, user_id, date, net_worth, total_assets, total_liabilities, created_at, updated_at) VALUES (87, 2, '2026-02-25', 54561.56, 65473.87, 10912.31, NOW(), NOW());
INSERT INTO financial_snapshots (id, user_id, date, net_worth, total_assets, total_liabilities, created_at, updated_at) VALUES (88, 2, '2026-03-04', 54298.28, 65157.94, 10859.66, NOW(), NOW());
INSERT INTO financial_snapshots (id, user_id, date, net_worth, total_assets, total_liabilities, created_at, updated_at) VALUES (89, 2, '2026-03-11', 54089.37, 64907.24, 10817.87, NOW(), NOW());
INSERT INTO financial_snapshots (id, user_id, date, net_worth, total_assets, total_liabilities, created_at, updated_at) VALUES (90, 2, '2026-03-18', 55483.74, 66580.49, 11096.75, NOW(), NOW());
INSERT INTO financial_snapshots (id, user_id, date, net_worth, total_assets, total_liabilities, created_at, updated_at) VALUES (91, 2, '2026-03-25', 56439.42, 67727.30, 11287.88, NOW(), NOW());
INSERT INTO financial_snapshots (id, user_id, date, net_worth, total_assets, total_liabilities, created_at, updated_at) VALUES (92, 2, '2026-04-01', 57601.63, 69121.96, 11520.33, NOW(), NOW());
INSERT INTO financial_snapshots (id, user_id, date, net_worth, total_assets, total_liabilities, created_at, updated_at) VALUES (93, 2, '2026-04-08', 58206.65, 69847.98, 11641.33, NOW(), NOW());
INSERT INTO financial_snapshots (id, user_id, date, net_worth, total_assets, total_liabilities, created_at, updated_at) VALUES (94, 2, '2026-04-15', 57996.09, 69595.31, 11599.22, NOW(), NOW());
INSERT INTO financial_snapshots (id, user_id, date, net_worth, total_assets, total_liabilities, created_at, updated_at) VALUES (95, 2, '2026-04-22', 58185.07, 69822.08, 11637.01, NOW(), NOW());
INSERT INTO financial_snapshots (id, user_id, date, net_worth, total_assets, total_liabilities, created_at, updated_at) VALUES (96, 2, '2026-04-29', 57834.32, 69401.18, 11566.86, NOW(), NOW());
INSERT INTO financial_snapshots (id, user_id, date, net_worth, total_assets, total_liabilities, created_at, updated_at) VALUES (97, 2, '2026-05-06', 59108.29, 70929.95, 11821.66, NOW(), NOW());
INSERT INTO financial_snapshots (id, user_id, date, net_worth, total_assets, total_liabilities, created_at, updated_at) VALUES (98, 2, '2026-05-13', 60465.53, 72558.64, 12093.11, NOW(), NOW());
INSERT INTO financial_snapshots (id, user_id, date, net_worth, total_assets, total_liabilities, created_at, updated_at) VALUES (99, 2, '2026-05-20', 60724.72, 72869.66, 12144.94, NOW(), NOW());
INSERT INTO financial_snapshots (id, user_id, date, net_worth, total_assets, total_liabilities, created_at, updated_at) VALUES (100, 2, '2026-05-27', 60726.27, 72871.52, 12145.25, NOW(), NOW());
INSERT INTO financial_snapshots (id, user_id, date, net_worth, total_assets, total_liabilities, created_at, updated_at) VALUES (101, 2, '2026-06-03', 60693.49, 72832.19, 12138.70, NOW(), NOW());
INSERT INTO financial_snapshots (id, user_id, date, net_worth, total_assets, total_liabilities, created_at, updated_at) VALUES (102, 2, '2026-06-10', 60488.86, 72586.63, 12097.77, NOW(), NOW());
INSERT INTO financial_snapshots (id, user_id, date, net_worth, total_assets, total_liabilities, created_at, updated_at) VALUES (103, 2, '2026-06-17', 61126.37, 73351.64, 12225.27, NOW(), NOW());
INSERT INTO financial_snapshots (id, user_id, date, net_worth, total_assets, total_liabilities, created_at, updated_at) VALUES (104, 2, '2026-06-24', 62582.43, 75098.92, 12516.49, NOW(), NOW());
INSERT INTO conversations (id, user_id, title, created_at, updated_at) VALUES (6, 2, '¿Cuánto puedo invertir este mes?', NOW(), NOW());
INSERT INTO messages (id, conversation_id, sender, content, created_at, updated_at) VALUES (77, 6, 'user', 'Pregunta sobre ¿Cuánto puedo invertir este mes?', '2026-06-29 06:44:37', NOW());
INSERT INTO messages (id, conversation_id, sender, content, created_at, updated_at) VALUES (78, 6, 'assistant', 'Respuesta del asistente a ¿Cuánto puedo invertir este mes? con análisis detallado.', '2026-06-29 06:50:37', NOW());
INSERT INTO messages (id, conversation_id, sender, content, created_at, updated_at) VALUES (79, 6, 'user', 'Pregunta sobre ¿Cuánto puedo invertir este mes?', '2026-06-29 06:57:37', NOW());
INSERT INTO messages (id, conversation_id, sender, content, created_at, updated_at) VALUES (80, 6, 'assistant', 'Respuesta del asistente a ¿Cuánto puedo invertir este mes? con análisis detallado.', '2026-06-29 07:04:37', NOW());
INSERT INTO messages (id, conversation_id, sender, content, created_at, updated_at) VALUES (81, 6, 'user', 'Pregunta sobre ¿Cuánto puedo invertir este mes?', '2026-06-29 07:11:37', NOW());
INSERT INTO messages (id, conversation_id, sender, content, created_at, updated_at) VALUES (82, 6, 'assistant', 'Respuesta del asistente a ¿Cuánto puedo invertir este mes? con análisis detallado.', '2026-06-29 07:14:37', NOW());
INSERT INTO messages (id, conversation_id, sender, content, created_at, updated_at) VALUES (83, 6, 'user', 'Pregunta sobre ¿Cuánto puedo invertir este mes?', '2026-06-29 07:20:37', NOW());
INSERT INTO messages (id, conversation_id, sender, content, created_at, updated_at) VALUES (84, 6, 'assistant', 'Respuesta del asistente a ¿Cuánto puedo invertir este mes? con análisis detallado.', '2026-06-29 07:29:37', NOW());
INSERT INTO messages (id, conversation_id, sender, content, created_at, updated_at) VALUES (85, 6, 'user', 'Pregunta sobre ¿Cuánto puedo invertir este mes?', '2026-06-29 07:37:37', NOW());
INSERT INTO messages (id, conversation_id, sender, content, created_at, updated_at) VALUES (86, 6, 'assistant', 'Respuesta del asistente a ¿Cuánto puedo invertir este mes? con análisis detallado.', '2026-06-29 07:42:37', NOW());
INSERT INTO messages (id, conversation_id, sender, content, created_at, updated_at) VALUES (87, 6, 'user', 'Pregunta sobre ¿Cuánto puedo invertir este mes?', '2026-06-29 07:46:37', NOW());
INSERT INTO messages (id, conversation_id, sender, content, created_at, updated_at) VALUES (88, 6, 'assistant', 'Respuesta del asistente a ¿Cuánto puedo invertir este mes? con análisis detallado.', '2026-06-29 07:50:37', NOW());
INSERT INTO messages (id, conversation_id, sender, content, created_at, updated_at) VALUES (89, 6, 'user', 'Pregunta sobre ¿Cuánto puedo invertir este mes?', '2026-06-29 08:00:37', NOW());
INSERT INTO messages (id, conversation_id, sender, content, created_at, updated_at) VALUES (90, 6, 'assistant', 'Respuesta del asistente a ¿Cuánto puedo invertir este mes? con análisis detallado.', '2026-06-29 08:08:37', NOW());
INSERT INTO conversations (id, user_id, title, created_at, updated_at) VALUES (7, 2, 'Analiza mi portafolio', NOW(), NOW());
INSERT INTO messages (id, conversation_id, sender, content, created_at, updated_at) VALUES (91, 7, 'user', 'Pregunta sobre Analiza mi portafolio', '2026-06-29 06:41:37', NOW());
INSERT INTO messages (id, conversation_id, sender, content, created_at, updated_at) VALUES (92, 7, 'assistant', 'Respuesta del asistente a Analiza mi portafolio con análisis detallado.', '2026-06-29 06:46:37', NOW());
INSERT INTO messages (id, conversation_id, sender, content, created_at, updated_at) VALUES (93, 7, 'user', 'Pregunta sobre Analiza mi portafolio', '2026-06-29 06:47:37', NOW());
INSERT INTO messages (id, conversation_id, sender, content, created_at, updated_at) VALUES (94, 7, 'assistant', 'Respuesta del asistente a Analiza mi portafolio con análisis detallado.', '2026-06-29 06:57:37', NOW());
INSERT INTO messages (id, conversation_id, sender, content, created_at, updated_at) VALUES (95, 7, 'user', 'Pregunta sobre Analiza mi portafolio', '2026-06-29 07:00:37', NOW());
INSERT INTO messages (id, conversation_id, sender, content, created_at, updated_at) VALUES (96, 7, 'assistant', 'Respuesta del asistente a Analiza mi portafolio con análisis detallado.', '2026-06-29 07:03:37', NOW());
INSERT INTO messages (id, conversation_id, sender, content, created_at, updated_at) VALUES (97, 7, 'user', 'Pregunta sobre Analiza mi portafolio', '2026-06-29 07:12:37', NOW());
INSERT INTO messages (id, conversation_id, sender, content, created_at, updated_at) VALUES (98, 7, 'assistant', 'Respuesta del asistente a Analiza mi portafolio con análisis detallado.', '2026-06-29 07:22:37', NOW());
INSERT INTO messages (id, conversation_id, sender, content, created_at, updated_at) VALUES (99, 7, 'user', 'Pregunta sobre Analiza mi portafolio', '2026-06-29 07:30:37', NOW());
INSERT INTO messages (id, conversation_id, sender, content, created_at, updated_at) VALUES (100, 7, 'assistant', 'Respuesta del asistente a Analiza mi portafolio con análisis detallado.', '2026-06-29 07:35:37', NOW());
INSERT INTO messages (id, conversation_id, sender, content, created_at, updated_at) VALUES (101, 7, 'user', 'Pregunta sobre Analiza mi portafolio', '2026-06-29 07:45:37', NOW());
INSERT INTO messages (id, conversation_id, sender, content, created_at, updated_at) VALUES (102, 7, 'assistant', 'Respuesta del asistente a Analiza mi portafolio con análisis detallado.', '2026-06-29 07:49:37', NOW());
INSERT INTO messages (id, conversation_id, sender, content, created_at, updated_at) VALUES (103, 7, 'user', 'Pregunta sobre Analiza mi portafolio', '2026-06-29 07:58:37', NOW());
INSERT INTO messages (id, conversation_id, sender, content, created_at, updated_at) VALUES (104, 7, 'assistant', 'Respuesta del asistente a Analiza mi portafolio con análisis detallado.', '2026-06-29 07:59:37', NOW());
INSERT INTO messages (id, conversation_id, sender, content, created_at, updated_at) VALUES (105, 7, 'user', 'Pregunta sobre Analiza mi portafolio', '2026-06-29 08:08:37', NOW());
INSERT INTO messages (id, conversation_id, sender, content, created_at, updated_at) VALUES (106, 7, 'assistant', 'Respuesta del asistente a Analiza mi portafolio con análisis detallado.', '2026-06-29 08:18:37', NOW());
INSERT INTO messages (id, conversation_id, sender, content, created_at, updated_at) VALUES (107, 7, 'user', 'Pregunta sobre Analiza mi portafolio', '2026-06-29 08:27:37', NOW());
INSERT INTO messages (id, conversation_id, sender, content, created_at, updated_at) VALUES (108, 7, 'assistant', 'Respuesta del asistente a Analiza mi portafolio con análisis detallado.', '2026-06-29 08:34:37', NOW());
INSERT INTO messages (id, conversation_id, sender, content, created_at, updated_at) VALUES (109, 7, 'user', 'Pregunta sobre Analiza mi portafolio', '2026-06-29 08:43:37', NOW());
INSERT INTO messages (id, conversation_id, sender, content, created_at, updated_at) VALUES (110, 7, 'assistant', 'Respuesta del asistente a Analiza mi portafolio con análisis detallado.', '2026-06-29 08:50:37', NOW());
INSERT INTO conversations (id, user_id, title, created_at, updated_at) VALUES (8, 2, 'Analiza mi portafolio', NOW(), NOW());
INSERT INTO messages (id, conversation_id, sender, content, created_at, updated_at) VALUES (111, 8, 'user', 'Pregunta sobre Analiza mi portafolio', '2026-06-29 06:35:37', NOW());
INSERT INTO messages (id, conversation_id, sender, content, created_at, updated_at) VALUES (112, 8, 'assistant', 'Respuesta del asistente a Analiza mi portafolio con análisis detallado.', '2026-06-29 06:38:37', NOW());
INSERT INTO messages (id, conversation_id, sender, content, created_at, updated_at) VALUES (113, 8, 'user', 'Pregunta sobre Analiza mi portafolio', '2026-06-29 06:48:37', NOW());
INSERT INTO messages (id, conversation_id, sender, content, created_at, updated_at) VALUES (114, 8, 'assistant', 'Respuesta del asistente a Analiza mi portafolio con análisis detallado.', '2026-06-29 06:50:37', NOW());
INSERT INTO messages (id, conversation_id, sender, content, created_at, updated_at) VALUES (115, 8, 'user', 'Pregunta sobre Analiza mi portafolio', '2026-06-29 06:57:37', NOW());
INSERT INTO messages (id, conversation_id, sender, content, created_at, updated_at) VALUES (116, 8, 'assistant', 'Respuesta del asistente a Analiza mi portafolio con análisis detallado.', '2026-06-29 06:59:37', NOW());
INSERT INTO messages (id, conversation_id, sender, content, created_at, updated_at) VALUES (117, 8, 'user', 'Pregunta sobre Analiza mi portafolio', '2026-06-29 07:03:37', NOW());
INSERT INTO messages (id, conversation_id, sender, content, created_at, updated_at) VALUES (118, 8, 'assistant', 'Respuesta del asistente a Analiza mi portafolio con análisis detallado.', '2026-06-29 07:12:37', NOW());
INSERT INTO messages (id, conversation_id, sender, content, created_at, updated_at) VALUES (119, 8, 'user', 'Pregunta sobre Analiza mi portafolio', '2026-06-29 07:13:37', NOW());
INSERT INTO users (id, name, last_name, email, password, created_at, updated_at) VALUES (3, 'Maria', 'Torres', 'maria.torres3@example.com', 'password', NOW(), NOW());
INSERT INTO settings (user_id, currency, language, theme, monthly_income, payday, ai_enabled, created_at, updated_at) VALUES (3, 'MXN', 'es', 'system', 65458.24, 9, true, NOW(), NOW());
INSERT INTO accounts (id, user_id, name, balance, color, icon, type, currency, created_at, updated_at) VALUES (11, 3, 'Santander', 30987.25, '#69dfa2', 'icon-investment', 'investment', 'MXN', NOW(), NOW());
INSERT INTO accounts (id, user_id, name, balance, color, icon, type, currency, created_at, updated_at) VALUES (12, 3, 'Binance', 6557.49, '#dbcf36', 'icon-credit', 'credit', 'MXN', NOW(), NOW());
INSERT INTO accounts (id, user_id, name, balance, color, icon, type, currency, created_at, updated_at) VALUES (13, 3, 'Santander', 43455.12, '#2f7ca5', 'icon-wallet', 'wallet', 'MXN', NOW(), NOW());
INSERT INTO accounts (id, user_id, name, balance, color, icon, type, currency, created_at, updated_at) VALUES (14, 3, 'Mercado Pago', 39920.15, '#2ac817', 'icon-bank', 'bank', 'MXN', NOW(), NOW());
INSERT INTO funds (id, user_id, name, balance, color, icon, created_at, updated_at) VALUES (13, 3, 'Gastos necesarios', 16224.75, '#bc6625', 'icon-fund', NOW(), NOW());
INSERT INTO fund_allocations (id, fund_id, category_id, created_at, updated_at) VALUES (50, 13, 29, NOW(), NOW());
INSERT INTO fund_allocations (id, fund_id, category_id, created_at, updated_at) VALUES (51, 13, 26, NOW(), NOW());
INSERT INTO fund_allocations (id, fund_id, category_id, created_at, updated_at) VALUES (52, 13, 16, NOW(), NOW());
INSERT INTO fund_allocations (id, fund_id, category_id, created_at, updated_at) VALUES (53, 13, 23, NOW(), NOW());
INSERT INTO funds (id, user_id, name, balance, color, icon, created_at, updated_at) VALUES (14, 3, 'Gastos personales', 4167.36, '#524d59', 'icon-fund', NOW(), NOW());
INSERT INTO fund_allocations (id, fund_id, category_id, created_at, updated_at) VALUES (54, 14, 12, NOW(), NOW());
INSERT INTO fund_allocations (id, fund_id, category_id, created_at, updated_at) VALUES (55, 14, 3, NOW(), NOW());
INSERT INTO fund_allocations (id, fund_id, category_id, created_at, updated_at) VALUES (56, 14, 19, NOW(), NOW());
INSERT INTO fund_allocations (id, fund_id, category_id, created_at, updated_at) VALUES (57, 14, 28, NOW(), NOW());
INSERT INTO funds (id, user_id, name, balance, color, icon, created_at, updated_at) VALUES (15, 3, 'Ahorro', 4782.23, '#6798ef', 'icon-fund', NOW(), NOW());
INSERT INTO fund_allocations (id, fund_id, category_id, created_at, updated_at) VALUES (58, 15, 8, NOW(), NOW());
INSERT INTO fund_allocations (id, fund_id, category_id, created_at, updated_at) VALUES (59, 15, 12, NOW(), NOW());
INSERT INTO fund_allocations (id, fund_id, category_id, created_at, updated_at) VALUES (60, 15, 29, NOW(), NOW());
INSERT INTO funds (id, user_id, name, balance, color, icon, created_at, updated_at) VALUES (16, 3, 'Inversión', 17154.89, '#d7db3d', 'icon-fund', NOW(), NOW());
INSERT INTO fund_allocations (id, fund_id, category_id, created_at, updated_at) VALUES (61, 16, 20, NOW(), NOW());
INSERT INTO fund_allocations (id, fund_id, category_id, created_at, updated_at) VALUES (62, 16, 2, NOW(), NOW());
INSERT INTO funds (id, user_id, name, balance, color, icon, created_at, updated_at) VALUES (17, 3, 'Fondo de emergencia', 11471.97, '#afa5c3', 'icon-fund', NOW(), NOW());
INSERT INTO fund_allocations (id, fund_id, category_id, created_at, updated_at) VALUES (63, 17, 20, NOW(), NOW());
INSERT INTO fund_allocations (id, fund_id, category_id, created_at, updated_at) VALUES (64, 17, 2, NOW(), NOW());
INSERT INTO fund_allocations (id, fund_id, category_id, created_at, updated_at) VALUES (65, 17, 15, NOW(), NOW());
INSERT INTO fund_allocations (id, fund_id, category_id, created_at, updated_at) VALUES (66, 17, 22, NOW(), NOW());
INSERT INTO fund_allocations (id, fund_id, category_id, created_at, updated_at) VALUES (67, 17, 23, NOW(), NOW());
INSERT INTO funds (id, user_id, name, balance, color, icon, created_at, updated_at) VALUES (18, 3, 'Vacaciones', 2915.39, '#bd6271', 'icon-fund', NOW(), NOW());
INSERT INTO fund_allocations (id, fund_id, category_id, created_at, updated_at) VALUES (68, 18, 1, NOW(), NOW());
INSERT INTO fund_allocations (id, fund_id, category_id, created_at, updated_at) VALUES (69, 18, 14, NOW(), NOW());
INSERT INTO fund_allocations (id, fund_id, category_id, created_at, updated_at) VALUES (70, 18, 25, NOW(), NOW());
INSERT INTO fund_allocations (id, fund_id, category_id, created_at, updated_at) VALUES (71, 18, 6, NOW(), NOW());
INSERT INTO fund_allocations (id, fund_id, category_id, created_at, updated_at) VALUES (72, 18, 21, NOW(), NOW());
INSERT INTO transactions (id, user_id, account_id, category_id, type, amount, description, notes, date, created_at, updated_at) VALUES (114, 3, 14, 21, 'expense', 4188.80, 'Costco', 'Nota de prueba', '2025-12-25 03:24:25', NOW(), NOW());
INSERT INTO transactions (id, user_id, account_id, category_id, type, amount, description, notes, date, created_at, updated_at) VALUES (115, 3, 14, 30, 'investment', 3823.51, 'GBM', 'Nota de prueba', '2026-01-17 08:43:31', NOW(), NOW());
INSERT INTO transactions (id, user_id, account_id, category_id, type, amount, description, notes, date, created_at, updated_at) VALUES (116, 3, 11, 21, 'expense', 2775.66, 'Apple', 'Nota de prueba', '2025-09-11 22:31:31', NOW(), NOW());
INSERT INTO transactions (id, user_id, account_id, category_id, type, amount, description, notes, date, created_at, updated_at) VALUES (117, 3, 12, 22, 'expense', 313.26, 'Izzi', 'Nota de prueba', '2026-02-11 07:31:58', NOW(), NOW());
INSERT INTO transactions (id, user_id, account_id, category_id, type, amount, description, notes, date, created_at, updated_at) VALUES (118, 3, 11, 25, 'expense', 2154.84, 'Mercado Libre', 'Nota de prueba', '2026-03-09 05:54:36', NOW(), NOW());
INSERT INTO transactions (id, user_id, account_id, category_id, type, amount, description, notes, date, created_at, updated_at) VALUES (119, 3, 13, 2, 'income', 339.91, 'SAT Reembolso', 'Nota de prueba', '2026-06-06 23:02:37', NOW(), NOW());
INSERT INTO transactions (id, user_id, account_id, category_id, type, amount, description, notes, date, created_at, updated_at) VALUES (120, 3, 13, 20, 'expense', 2026.03, 'McDonald''s', 'Nota de prueba', '2026-04-16 23:49:48', NOW(), NOW());
INSERT INTO transactions (id, user_id, account_id, category_id, type, amount, description, notes, date, created_at, updated_at) VALUES (121, 3, 14, 5, 'income', 3895.16, 'Upwork', 'Nota de prueba', '2026-02-01 22:31:26', NOW(), NOW());
INSERT INTO transactions (id, user_id, account_id, category_id, type, amount, description, notes, date, created_at, updated_at) VALUES (122, 3, 14, 24, 'expense', 1241.09, 'Telcel', 'Nota de prueba', '2025-08-01 06:49:46', NOW(), NOW());
INSERT INTO transactions (id, user_id, account_id, category_id, type, amount, description, notes, date, created_at, updated_at) VALUES (123, 3, 13, 8, 'expense', 405.84, 'Mercado Libre', 'Nota de prueba', '2026-04-10 07:56:51', NOW(), NOW());
INSERT INTO transactions (id, user_id, account_id, category_id, type, amount, description, notes, date, created_at, updated_at) VALUES (124, 3, 12, 15, 'expense', 4150.88, 'Steam', 'Nota de prueba', '2026-06-30 09:09:10', NOW(), NOW());
INSERT INTO transactions (id, user_id, account_id, category_id, type, amount, description, notes, date, created_at, updated_at) VALUES (125, 3, 13, 17, 'expense', 1266.70, 'Telcel', 'Nota de prueba', '2025-10-05 07:27:33', NOW(), NOW());
INSERT INTO transactions (id, user_id, account_id, category_id, type, amount, description, notes, date, created_at, updated_at) VALUES (126, 3, 12, 28, 'investment', 3723.46, 'Binance', 'Nota de prueba', '2026-05-08 22:21:39', NOW(), NOW());
INSERT INTO transactions (id, user_id, account_id, category_id, type, amount, description, notes, date, created_at, updated_at) VALUES (127, 3, 12, 11, 'expense', 2332.99, 'Domino''s', 'Nota de prueba', '2026-01-05 15:55:42', NOW(), NOW());
INSERT INTO transactions (id, user_id, account_id, category_id, type, amount, description, notes, date, created_at, updated_at) VALUES (128, 3, 13, 5, 'income', 372.06, 'Upwork', 'Nota de prueba', '2025-07-22 18:51:21', NOW(), NOW());
INSERT INTO transactions (id, user_id, account_id, category_id, type, amount, description, notes, date, created_at, updated_at) VALUES (129, 3, 12, 3, 'income', 3136.03, 'Empresa S.A. de C.V.', 'Nota de prueba', '2026-03-29 09:38:43', NOW(), NOW());
INSERT INTO transactions (id, user_id, account_id, category_id, type, amount, description, notes, date, created_at, updated_at) VALUES (130, 3, 14, 14, 'expense', 2548.77, 'Starbucks', 'Nota de prueba', '2026-05-05 03:45:25', NOW(), NOW());
INSERT INTO transactions (id, user_id, account_id, category_id, type, amount, description, notes, date, created_at, updated_at) VALUES (131, 3, 13, 23, 'expense', 3247.72, 'Costco', 'Nota de prueba', '2026-05-17 00:09:54', NOW(), NOW());
INSERT INTO transactions (id, user_id, account_id, category_id, type, amount, description, notes, date, created_at, updated_at) VALUES (132, 3, 14, 21, 'expense', 2827.16, 'Domino''s', 'Nota de prueba', '2026-01-07 03:01:54', NOW(), NOW());
INSERT INTO transactions (id, user_id, account_id, category_id, type, amount, description, notes, date, created_at, updated_at) VALUES (133, 3, 11, 16, 'expense', 1788.12, 'Netflix', 'Nota de prueba', '2026-01-07 03:27:51', NOW(), NOW());
INSERT INTO transactions (id, user_id, account_id, category_id, type, amount, description, notes, date, created_at, updated_at) VALUES (134, 3, 13, 27, 'expense', 535.45, 'Netflix', 'Nota de prueba', '2025-11-22 19:10:38', NOW(), NOW());
INSERT INTO transactions (id, user_id, account_id, category_id, type, amount, description, notes, date, created_at, updated_at) VALUES (135, 3, 14, 22, 'expense', 230.33, 'Didi', 'Nota de prueba', '2025-09-17 00:14:37', NOW(), NOW());
INSERT INTO transactions (id, user_id, account_id, category_id, type, amount, description, notes, date, created_at, updated_at) VALUES (136, 3, 13, 23, 'expense', 57.24, 'Cinépolis', 'Nota de prueba', '2025-08-10 04:59:39', NOW(), NOW());
INSERT INTO transactions (id, user_id, account_id, category_id, type, amount, description, notes, date, created_at, updated_at) VALUES (137, 3, 12, 22, 'expense', 2181.20, 'Spotify', 'Nota de prueba', '2025-12-21 20:15:03', NOW(), NOW());
INSERT INTO transactions (id, user_id, account_id, category_id, type, amount, description, notes, date, created_at, updated_at) VALUES (138, 3, 12, 21, 'expense', 1051.53, 'Steam', 'Nota de prueba', '2025-11-15 13:42:23', NOW(), NOW());
INSERT INTO transactions (id, user_id, account_id, category_id, type, amount, description, notes, date, created_at, updated_at) VALUES (139, 3, 11, 26, 'expense', 1999.70, 'McDonald''s', 'Nota de prueba', '2026-06-16 20:08:28', NOW(), NOW());
INSERT INTO transactions (id, user_id, account_id, category_id, type, amount, description, notes, date, created_at, updated_at) VALUES (140, 3, 14, 27, 'expense', 2107.70, 'Izzi', 'Nota de prueba', '2025-11-25 23:54:06', NOW(), NOW());
INSERT INTO transactions (id, user_id, account_id, category_id, type, amount, description, notes, date, created_at, updated_at) VALUES (141, 3, 11, 11, 'expense', 323.54, 'Mercado Libre', 'Nota de prueba', '2026-03-14 14:12:18', NOW(), NOW());
INSERT INTO transactions (id, user_id, account_id, category_id, type, amount, description, notes, date, created_at, updated_at) VALUES (142, 3, 14, 25, 'expense', 3420.66, 'Spotify', 'Nota de prueba', '2025-10-03 15:44:58', NOW(), NOW());
INSERT INTO transactions (id, user_id, account_id, category_id, type, amount, description, notes, date, created_at, updated_at) VALUES (143, 3, 11, 15, 'expense', 1611.46, 'McDonald''s', 'Nota de prueba', '2026-01-04 04:08:08', NOW(), NOW());
INSERT INTO transactions (id, user_id, account_id, category_id, type, amount, description, notes, date, created_at, updated_at) VALUES (144, 3, 13, 27, 'expense', 2381.56, 'Walmart', 'Nota de prueba', '2026-04-26 18:17:25', NOW(), NOW());
INSERT INTO transactions (id, user_id, account_id, category_id, type, amount, description, notes, date, created_at, updated_at) VALUES (145, 3, 12, 4, 'income', 4448.52, 'SAT Reembolso', 'Nota de prueba', '2026-05-16 08:29:30', NOW(), NOW());
INSERT INTO transactions (id, user_id, account_id, category_id, type, amount, description, notes, date, created_at, updated_at) VALUES (146, 3, 11, 22, 'expense', 1483.19, 'Soriana', 'Nota de prueba', '2025-07-20 04:17:10', NOW(), NOW());
INSERT INTO transactions (id, user_id, account_id, category_id, type, amount, description, notes, date, created_at, updated_at) VALUES (147, 3, 13, 20, 'expense', 1208.55, 'Mercado Libre', 'Nota de prueba', '2025-12-13 13:37:14', NOW(), NOW());
INSERT INTO transactions (id, user_id, account_id, category_id, type, amount, description, notes, date, created_at, updated_at) VALUES (148, 3, 12, 3, 'income', 4738.04, 'Dividendos GBM', 'Nota de prueba', '2026-06-02 07:25:56', NOW(), NOW());
INSERT INTO transactions (id, user_id, account_id, category_id, type, amount, description, notes, date, created_at, updated_at) VALUES (149, 3, 14, 28, 'investment', 2074.08, 'Bitso', 'Nota de prueba', '2026-03-02 01:28:45', NOW(), NOW());
INSERT INTO transactions (id, user_id, account_id, category_id, type, amount, description, notes, date, created_at, updated_at) VALUES (150, 3, 12, 27, 'expense', 661.42, 'OXXO', 'Nota de prueba', '2025-08-07 13:30:11', NOW(), NOW());
INSERT INTO transactions (id, user_id, account_id, category_id, type, amount, description, notes, date, created_at, updated_at) VALUES (151, 3, 11, 3, 'income', 3911.99, 'Upwork', 'Nota de prueba', '2026-02-17 08:50:51', NOW(), NOW());
INSERT INTO transactions (id, user_id, account_id, category_id, type, amount, description, notes, date, created_at, updated_at) VALUES (152, 3, 14, 8, 'expense', 4853.70, 'McDonald''s', 'Nota de prueba', '2025-08-13 18:28:51', NOW(), NOW());
INSERT INTO transactions (id, user_id, account_id, category_id, type, amount, description, notes, date, created_at, updated_at) VALUES (153, 3, 12, 13, 'expense', 4153.17, 'Liverpool', 'Nota de prueba', '2025-12-23 00:56:39', NOW(), NOW());
INSERT INTO transactions (id, user_id, account_id, category_id, type, amount, description, notes, date, created_at, updated_at) VALUES (154, 3, 11, 8, 'expense', 3476.88, 'Netflix', 'Nota de prueba', '2025-10-24 08:43:43', NOW(), NOW());
INSERT INTO transactions (id, user_id, account_id, category_id, type, amount, description, notes, date, created_at, updated_at) VALUES (155, 3, 11, 12, 'expense', 4603.42, 'Soriana', 'Nota de prueba', '2026-06-10 07:20:29', NOW(), NOW());
INSERT INTO transactions (id, user_id, account_id, category_id, type, amount, description, notes, date, created_at, updated_at) VALUES (156, 3, 12, 18, 'expense', 2689.32, 'Liverpool', 'Nota de prueba', '2026-03-07 16:35:46', NOW(), NOW());
INSERT INTO transactions (id, user_id, account_id, category_id, type, amount, description, notes, date, created_at, updated_at) VALUES (157, 3, 13, 9, 'expense', 3656.47, 'Domino''s', 'Nota de prueba', '2025-12-27 01:43:52', NOW(), NOW());
INSERT INTO transactions (id, user_id, account_id, category_id, type, amount, description, notes, date, created_at, updated_at) VALUES (158, 3, 14, 23, 'expense', 1728.07, 'Domino''s', 'Nota de prueba', '2025-12-22 11:32:49', NOW(), NOW());
INSERT INTO transactions (id, user_id, account_id, category_id, type, amount, description, notes, date, created_at, updated_at) VALUES (159, 3, 14, 3, 'income', 4076.08, 'SAT Reembolso', 'Nota de prueba', '2026-01-25 09:15:30', NOW(), NOW());
INSERT INTO transactions (id, user_id, account_id, category_id, type, amount, description, notes, date, created_at, updated_at) VALUES (160, 3, 13, 13, 'expense', 2787.21, 'Steam', 'Nota de prueba', '2026-02-10 12:22:40', NOW(), NOW());
INSERT INTO transactions (id, user_id, account_id, category_id, type, amount, description, notes, date, created_at, updated_at) VALUES (161, 3, 14, 18, 'expense', 2332.61, 'Gasolinera Pemex', 'Nota de prueba', '2025-08-09 09:35:18', NOW(), NOW());
INSERT INTO transactions (id, user_id, account_id, category_id, type, amount, description, notes, date, created_at, updated_at) VALUES (162, 3, 13, 24, 'expense', 4747.57, 'Netflix', 'Nota de prueba', '2025-09-25 02:53:12', NOW(), NOW());
INSERT INTO transactions (id, user_id, account_id, category_id, type, amount, description, notes, date, created_at, updated_at) VALUES (163, 3, 12, 10, 'expense', 246.35, 'CFE', 'Nota de prueba', '2025-12-04 10:00:59', NOW(), NOW());
INSERT INTO transactions (id, user_id, account_id, category_id, type, amount, description, notes, date, created_at, updated_at) VALUES (164, 3, 12, 18, 'expense', 2036.67, 'Uber', 'Nota de prueba', '2025-09-13 17:54:12', NOW(), NOW());
INSERT INTO transactions (id, user_id, account_id, category_id, type, amount, description, notes, date, created_at, updated_at) VALUES (165, 3, 13, 15, 'expense', 1922.41, 'Mercado Libre', 'Nota de prueba', '2025-07-17 23:22:15', NOW(), NOW());
INSERT INTO transactions (id, user_id, account_id, category_id, type, amount, description, notes, date, created_at, updated_at) VALUES (166, 3, 12, 21, 'expense', 2361.23, 'Netflix', 'Nota de prueba', '2026-02-04 08:43:26', NOW(), NOW());
INSERT INTO transactions (id, user_id, account_id, category_id, type, amount, description, notes, date, created_at, updated_at) VALUES (167, 3, 11, 11, 'expense', 1654.84, 'CFE', 'Nota de prueba', '2026-01-27 17:54:27', NOW(), NOW());
INSERT INTO transactions (id, user_id, account_id, category_id, type, amount, description, notes, date, created_at, updated_at) VALUES (168, 3, 14, 24, 'expense', 646.08, 'Steam', 'Nota de prueba', '2025-11-08 00:19:29', NOW(), NOW());
INSERT INTO transactions (id, user_id, account_id, category_id, type, amount, description, notes, date, created_at, updated_at) VALUES (169, 3, 12, 13, 'expense', 3582.20, 'Spotify', 'Nota de prueba', '2025-09-14 00:33:22', NOW(), NOW());
INSERT INTO transactions (id, user_id, account_id, category_id, type, amount, description, notes, date, created_at, updated_at) VALUES (170, 3, 14, 18, 'expense', 3994.80, 'Spotify', 'Nota de prueba', '2026-06-02 03:38:30', NOW(), NOW());
INSERT INTO transactions (id, user_id, account_id, category_id, type, amount, description, notes, date, created_at, updated_at) VALUES (171, 3, 11, 19, 'expense', 3905.69, 'CFE', 'Nota de prueba', '2025-10-12 23:08:52', NOW(), NOW());
INSERT INTO transactions (id, user_id, account_id, category_id, type, amount, description, notes, date, created_at, updated_at) VALUES (172, 3, 14, 1, 'income', 4949.89, 'Empresa S.A. de C.V.', 'Nota de prueba', '2026-02-04 11:59:02', NOW(), NOW());
INSERT INTO transactions (id, user_id, account_id, category_id, type, amount, description, notes, date, created_at, updated_at) VALUES (173, 3, 13, 22, 'expense', 1172.05, 'McDonald''s', 'Nota de prueba', '2025-07-28 15:28:01', NOW(), NOW());
INSERT INTO transactions (id, user_id, account_id, category_id, type, amount, description, notes, date, created_at, updated_at) VALUES (174, 3, 11, 28, 'investment', 3887.17, 'Binance', 'Nota de prueba', '2025-11-22 11:58:25', NOW(), NOW());
INSERT INTO transactions (id, user_id, account_id, category_id, type, amount, description, notes, date, created_at, updated_at) VALUES (175, 3, 13, 17, 'expense', 3493.97, 'Izzi', 'Nota de prueba', '2026-06-14 06:20:13', NOW(), NOW());
INSERT INTO budgets (id, user_id, category_id, amount, month, created_at, updated_at) VALUES (11, 3, 17, 3139.39, '2026-07-01', NOW(), NOW());
INSERT INTO budgets (id, user_id, category_id, amount, month, created_at, updated_at) VALUES (12, 3, 25, 2825.54, '2026-07-01', NOW(), NOW());
INSERT INTO budgets (id, user_id, category_id, amount, month, created_at, updated_at) VALUES (13, 3, 14, 4093.62, '2026-07-01', NOW(), NOW());
INSERT INTO budgets (id, user_id, category_id, amount, month, created_at, updated_at) VALUES (14, 3, 21, 2817.94, '2026-07-01', NOW(), NOW());
INSERT INTO budgets (id, user_id, category_id, amount, month, created_at, updated_at) VALUES (15, 3, 7, 2017.50, '2026-07-01', NOW(), NOW());
INSERT INTO goals (id, user_id, name, target_amount, current_amount, status, deadline, created_at, updated_at) VALUES (7, 3, 'Comprar automóvil', 19705.98, 12103.81, 'paused', '2027-06-06', NOW(), NOW());
INSERT INTO goals (id, user_id, name, target_amount, current_amount, status, deadline, created_at, updated_at) VALUES (8, 3, 'Casa', 91254.90, 36608.85, 'paused', '2026-10-16', NOW(), NOW());
INSERT INTO goals (id, user_id, name, target_amount, current_amount, status, deadline, created_at, updated_at) VALUES (9, 3, 'Viaje a Japón', 34663.80, 5157.40, 'active', '2026-08-11', NOW(), NOW());
INSERT INTO goals (id, user_id, name, target_amount, current_amount, status, deadline, created_at, updated_at) VALUES (10, 3, 'Laptop nueva', 40410.07, 2880.40, 'active', '2026-09-10', NOW(), NOW());
INSERT INTO goals (id, user_id, name, target_amount, current_amount, status, deadline, created_at, updated_at) VALUES (11, 3, 'Invertir 100,000', 31803.38, 691.16, 'active', '2027-05-08', NOW(), NOW());
INSERT INTO subscriptions (id, user_id, name, amount, billing_cycle, next_billing_date, category_id, account_id, created_at, updated_at) VALUES (16, 3, 'Google One', 186.86, 'monthly', '2026-08-01', 19, 14, NOW(), NOW());
INSERT INTO subscriptions (id, user_id, name, amount, billing_cycle, next_billing_date, category_id, account_id, created_at, updated_at) VALUES (17, 3, 'YouTube Premium', 288.86, 'monthly', '2026-07-10', 20, 13, NOW(), NOW());
INSERT INTO subscriptions (id, user_id, name, amount, billing_cycle, next_billing_date, category_id, account_id, created_at, updated_at) VALUES (18, 3, 'Crunchyroll', 298.41, 'monthly', '2026-07-11', 25, 11, NOW(), NOW());
INSERT INTO subscriptions (id, user_id, name, amount, billing_cycle, next_billing_date, category_id, account_id, created_at, updated_at) VALUES (19, 3, 'Microsoft 365', 244.21, 'monthly', '2026-07-24', 19, 12, NOW(), NOW());
INSERT INTO subscriptions (id, user_id, name, amount, billing_cycle, next_billing_date, category_id, account_id, created_at, updated_at) VALUES (20, 3, 'iCloud', 281.77, 'monthly', '2026-07-07', 27, 14, NOW(), NOW());
INSERT INTO subscriptions (id, user_id, name, amount, billing_cycle, next_billing_date, category_id, account_id, created_at, updated_at) VALUES (21, 3, 'ChatGPT Plus', 387.69, 'monthly', '2026-07-24', 6, 13, NOW(), NOW());
INSERT INTO investments (id, user_id, account_id, symbol, quantity, average_price, currency, type, created_at, updated_at) VALUES (7, 3, 14, 'SCHD', 47.19, 65.32, 'USD', 'etf', NOW(), NOW());
INSERT INTO investment_prices (id, investment_id, price, date, created_at, updated_at) VALUES (181, 7, 68.53, '2025-07-14 06:34:37', NOW(), NOW());
INSERT INTO investment_prices (id, investment_id, price, date, created_at, updated_at) VALUES (182, 7, 69.75, '2025-07-26 06:34:37', NOW(), NOW());
INSERT INTO investment_prices (id, investment_id, price, date, created_at, updated_at) VALUES (183, 7, 71.42, '2025-08-07 06:34:37', NOW(), NOW());
INSERT INTO investment_prices (id, investment_id, price, date, created_at, updated_at) VALUES (184, 7, 73.99, '2025-08-19 06:34:37', NOW(), NOW());
INSERT INTO investment_prices (id, investment_id, price, date, created_at, updated_at) VALUES (185, 7, 72.20, '2025-08-31 06:34:37', NOW(), NOW());
INSERT INTO investment_prices (id, investment_id, price, date, created_at, updated_at) VALUES (186, 7, 76.31, '2025-09-12 06:34:37', NOW(), NOW());
INSERT INTO investment_prices (id, investment_id, price, date, created_at, updated_at) VALUES (187, 7, 78.01, '2025-09-24 06:34:37', NOW(), NOW());
INSERT INTO investment_prices (id, investment_id, price, date, created_at, updated_at) VALUES (188, 7, 79.30, '2025-10-06 06:34:37', NOW(), NOW());
INSERT INTO investment_prices (id, investment_id, price, date, created_at, updated_at) VALUES (189, 7, 76.83, '2025-10-18 06:34:37', NOW(), NOW());
INSERT INTO investment_prices (id, investment_id, price, date, created_at, updated_at) VALUES (190, 7, 74.47, '2025-10-30 06:34:37', NOW(), NOW());
INSERT INTO investment_prices (id, investment_id, price, date, created_at, updated_at) VALUES (191, 7, 73.75, '2025-11-11 06:34:37', NOW(), NOW());
INSERT INTO investment_prices (id, investment_id, price, date, created_at, updated_at) VALUES (192, 7, 71.51, '2025-11-23 06:34:37', NOW(), NOW());
INSERT INTO investment_prices (id, investment_id, price, date, created_at, updated_at) VALUES (193, 7, 75.15, '2025-12-05 06:34:37', NOW(), NOW());
INSERT INTO investment_prices (id, investment_id, price, date, created_at, updated_at) VALUES (194, 7, 75.38, '2025-12-17 06:34:37', NOW(), NOW());
INSERT INTO investment_prices (id, investment_id, price, date, created_at, updated_at) VALUES (195, 7, 74.78, '2025-12-29 06:34:37', NOW(), NOW());
INSERT INTO investment_prices (id, investment_id, price, date, created_at, updated_at) VALUES (196, 7, 77.14, '2026-01-10 06:34:37', NOW(), NOW());
INSERT INTO investment_prices (id, investment_id, price, date, created_at, updated_at) VALUES (197, 7, 77.16, '2026-01-22 06:34:37', NOW(), NOW());
INSERT INTO investment_prices (id, investment_id, price, date, created_at, updated_at) VALUES (198, 7, 75.92, '2026-02-03 06:34:37', NOW(), NOW());
INSERT INTO investment_prices (id, investment_id, price, date, created_at, updated_at) VALUES (199, 7, 73.67, '2026-02-15 06:34:37', NOW(), NOW());
INSERT INTO investment_prices (id, investment_id, price, date, created_at, updated_at) VALUES (200, 7, 73.38, '2026-02-27 06:34:37', NOW(), NOW());
INSERT INTO investment_prices (id, investment_id, price, date, created_at, updated_at) VALUES (201, 7, 73.86, '2026-03-11 06:34:37', NOW(), NOW());
INSERT INTO investment_prices (id, investment_id, price, date, created_at, updated_at) VALUES (202, 7, 72.93, '2026-03-23 06:34:37', NOW(), NOW());
INSERT INTO investment_prices (id, investment_id, price, date, created_at, updated_at) VALUES (203, 7, 71.01, '2026-04-04 06:34:37', NOW(), NOW());
INSERT INTO investment_prices (id, investment_id, price, date, created_at, updated_at) VALUES (204, 7, 74.63, '2026-04-16 06:34:37', NOW(), NOW());
INSERT INTO investment_prices (id, investment_id, price, date, created_at, updated_at) VALUES (205, 7, 74.57, '2026-04-28 06:34:37', NOW(), NOW());
INSERT INTO investment_prices (id, investment_id, price, date, created_at, updated_at) VALUES (206, 7, 78.82, '2026-05-10 06:34:37', NOW(), NOW());
INSERT INTO investment_prices (id, investment_id, price, date, created_at, updated_at) VALUES (207, 7, 81.32, '2026-05-22 06:34:37', NOW(), NOW());
INSERT INTO investment_prices (id, investment_id, price, date, created_at, updated_at) VALUES (208, 7, 78.14, '2026-06-03 06:34:37', NOW(), NOW());
INSERT INTO investment_prices (id, investment_id, price, date, created_at, updated_at) VALUES (209, 7, 75.54, '2026-06-15 06:34:37', NOW(), NOW());
INSERT INTO investment_prices (id, investment_id, price, date, created_at, updated_at) VALUES (210, 7, 75.64, '2026-06-27 06:34:37', NOW(), NOW());
INSERT INTO investments (id, user_id, account_id, symbol, quantity, average_price, currency, type, created_at, updated_at) VALUES (8, 3, 13, 'AMD', 24.11, 452.38, 'USD', 'stock', NOW(), NOW());
INSERT INTO investment_prices (id, investment_id, price, date, created_at, updated_at) VALUES (211, 8, 445.71, '2025-07-14 06:34:37', NOW(), NOW());
INSERT INTO investment_prices (id, investment_id, price, date, created_at, updated_at) VALUES (212, 8, 457.15, '2025-07-26 06:34:37', NOW(), NOW());
INSERT INTO investment_prices (id, investment_id, price, date, created_at, updated_at) VALUES (213, 8, 480.82, '2025-08-07 06:34:37', NOW(), NOW());
INSERT INTO investment_prices (id, investment_id, price, date, created_at, updated_at) VALUES (214, 8, 479.16, '2025-08-19 06:34:37', NOW(), NOW());
INSERT INTO investment_prices (id, investment_id, price, date, created_at, updated_at) VALUES (215, 8, 475.66, '2025-08-31 06:34:37', NOW(), NOW());
INSERT INTO investment_prices (id, investment_id, price, date, created_at, updated_at) VALUES (216, 8, 496.78, '2025-09-12 06:34:37', NOW(), NOW());
INSERT INTO investment_prices (id, investment_id, price, date, created_at, updated_at) VALUES (217, 8, 496.09, '2025-09-24 06:34:37', NOW(), NOW());
INSERT INTO investment_prices (id, investment_id, price, date, created_at, updated_at) VALUES (218, 8, 482.38, '2025-10-06 06:34:37', NOW(), NOW());
INSERT INTO investment_prices (id, investment_id, price, date, created_at, updated_at) VALUES (219, 8, 488.78, '2025-10-18 06:34:37', NOW(), NOW());
INSERT INTO investment_prices (id, investment_id, price, date, created_at, updated_at) VALUES (220, 8, 517.82, '2025-10-30 06:34:37', NOW(), NOW());
INSERT INTO investment_prices (id, investment_id, price, date, created_at, updated_at) VALUES (221, 8, 526.71, '2025-11-11 06:34:37', NOW(), NOW());
INSERT INTO investment_prices (id, investment_id, price, date, created_at, updated_at) VALUES (222, 8, 529.65, '2025-11-23 06:34:37', NOW(), NOW());
INSERT INTO investment_prices (id, investment_id, price, date, created_at, updated_at) VALUES (223, 8, 548.53, '2025-12-05 06:34:37', NOW(), NOW());
INSERT INTO investment_prices (id, investment_id, price, date, created_at, updated_at) VALUES (224, 8, 559.60, '2025-12-17 06:34:37', NOW(), NOW());
INSERT INTO investment_prices (id, investment_id, price, date, created_at, updated_at) VALUES (225, 8, 586.16, '2025-12-29 06:34:37', NOW(), NOW());
INSERT INTO investment_prices (id, investment_id, price, date, created_at, updated_at) VALUES (226, 8, 617.06, '2026-01-10 06:34:37', NOW(), NOW());
INSERT INTO investment_prices (id, investment_id, price, date, created_at, updated_at) VALUES (227, 8, 645.43, '2026-01-22 06:34:37', NOW(), NOW());
INSERT INTO investment_prices (id, investment_id, price, date, created_at, updated_at) VALUES (228, 8, 627.47, '2026-02-03 06:34:37', NOW(), NOW());
INSERT INTO investment_prices (id, investment_id, price, date, created_at, updated_at) VALUES (229, 8, 614.03, '2026-02-15 06:34:37', NOW(), NOW());
INSERT INTO investment_prices (id, investment_id, price, date, created_at, updated_at) VALUES (230, 8, 639.89, '2026-02-27 06:34:37', NOW(), NOW());
INSERT INTO investment_prices (id, investment_id, price, date, created_at, updated_at) VALUES (231, 8, 617.99, '2026-03-11 06:34:37', NOW(), NOW());
INSERT INTO investment_prices (id, investment_id, price, date, created_at, updated_at) VALUES (232, 8, 639.46, '2026-03-23 06:34:37', NOW(), NOW());
INSERT INTO investment_prices (id, investment_id, price, date, created_at, updated_at) VALUES (233, 8, 638.48, '2026-04-04 06:34:37', NOW(), NOW());
INSERT INTO investment_prices (id, investment_id, price, date, created_at, updated_at) VALUES (234, 8, 674.73, '2026-04-16 06:34:37', NOW(), NOW());
INSERT INTO investment_prices (id, investment_id, price, date, created_at, updated_at) VALUES (235, 8, 709.47, '2026-04-28 06:34:37', NOW(), NOW());
INSERT INTO investment_prices (id, investment_id, price, date, created_at, updated_at) VALUES (236, 8, 737.98, '2026-05-10 06:34:37', NOW(), NOW());
INSERT INTO investment_prices (id, investment_id, price, date, created_at, updated_at) VALUES (237, 8, 737.45, '2026-05-22 06:34:37', NOW(), NOW());
INSERT INTO investment_prices (id, investment_id, price, date, created_at, updated_at) VALUES (238, 8, 711.77, '2026-06-03 06:34:37', NOW(), NOW());
INSERT INTO investment_prices (id, investment_id, price, date, created_at, updated_at) VALUES (239, 8, 685.51, '2026-06-15 06:34:37', NOW(), NOW());
INSERT INTO investment_prices (id, investment_id, price, date, created_at, updated_at) VALUES (240, 8, 660.55, '2026-06-27 06:34:37', NOW(), NOW());
INSERT INTO investments (id, user_id, account_id, symbol, quantity, average_price, currency, type, created_at, updated_at) VALUES (9, 3, 14, 'ETH', 20.08, 210.49, 'USD', 'crypto', NOW(), NOW());
INSERT INTO investment_prices (id, investment_id, price, date, created_at, updated_at) VALUES (241, 9, 205.56, '2025-07-14 06:34:37', NOW(), NOW());
INSERT INTO investment_prices (id, investment_id, price, date, created_at, updated_at) VALUES (242, 9, 217.25, '2025-07-26 06:34:37', NOW(), NOW());
INSERT INTO investment_prices (id, investment_id, price, date, created_at, updated_at) VALUES (243, 9, 230.23, '2025-08-07 06:34:37', NOW(), NOW());
INSERT INTO investment_prices (id, investment_id, price, date, created_at, updated_at) VALUES (244, 9, 226.17, '2025-08-19 06:34:37', NOW(), NOW());
INSERT INTO investment_prices (id, investment_id, price, date, created_at, updated_at) VALUES (245, 9, 222.41, '2025-08-31 06:34:37', NOW(), NOW());
INSERT INTO investment_prices (id, investment_id, price, date, created_at, updated_at) VALUES (246, 9, 228.14, '2025-09-12 06:34:37', NOW(), NOW());
INSERT INTO investment_prices (id, investment_id, price, date, created_at, updated_at) VALUES (247, 9, 222.31, '2025-09-24 06:34:37', NOW(), NOW());
INSERT INTO investment_prices (id, investment_id, price, date, created_at, updated_at) VALUES (248, 9, 215.26, '2025-10-06 06:34:37', NOW(), NOW());
INSERT INTO investment_prices (id, investment_id, price, date, created_at, updated_at) VALUES (249, 9, 223.16, '2025-10-18 06:34:37', NOW(), NOW());
INSERT INTO investment_prices (id, investment_id, price, date, created_at, updated_at) VALUES (250, 9, 224.30, '2025-10-30 06:34:37', NOW(), NOW());
INSERT INTO investment_prices (id, investment_id, price, date, created_at, updated_at) VALUES (251, 9, 228.14, '2025-11-11 06:34:37', NOW(), NOW());
INSERT INTO investment_prices (id, investment_id, price, date, created_at, updated_at) VALUES (252, 9, 237.72, '2025-11-23 06:34:37', NOW(), NOW());
INSERT INTO investment_prices (id, investment_id, price, date, created_at, updated_at) VALUES (253, 9, 231.47, '2025-12-05 06:34:37', NOW(), NOW());
INSERT INTO investment_prices (id, investment_id, price, date, created_at, updated_at) VALUES (254, 9, 236.48, '2025-12-17 06:34:37', NOW(), NOW());
INSERT INTO investment_prices (id, investment_id, price, date, created_at, updated_at) VALUES (255, 9, 246.09, '2025-12-29 06:34:37', NOW(), NOW());
INSERT INTO investment_prices (id, investment_id, price, date, created_at, updated_at) VALUES (256, 9, 238.98, '2026-01-10 06:34:37', NOW(), NOW());
INSERT INTO investment_prices (id, investment_id, price, date, created_at, updated_at) VALUES (257, 9, 247.55, '2026-01-22 06:34:37', NOW(), NOW());
INSERT INTO investment_prices (id, investment_id, price, date, created_at, updated_at) VALUES (258, 9, 248.51, '2026-02-03 06:34:37', NOW(), NOW());
INSERT INTO investment_prices (id, investment_id, price, date, created_at, updated_at) VALUES (259, 9, 247.61, '2026-02-15 06:34:37', NOW(), NOW());
INSERT INTO investment_prices (id, investment_id, price, date, created_at, updated_at) VALUES (260, 9, 239.37, '2026-02-27 06:34:37', NOW(), NOW());
INSERT INTO investment_prices (id, investment_id, price, date, created_at, updated_at) VALUES (261, 9, 235.94, '2026-03-11 06:34:37', NOW(), NOW());
INSERT INTO investment_prices (id, investment_id, price, date, created_at, updated_at) VALUES (262, 9, 245.74, '2026-03-23 06:34:37', NOW(), NOW());
INSERT INTO investment_prices (id, investment_id, price, date, created_at, updated_at) VALUES (263, 9, 245.28, '2026-04-04 06:34:37', NOW(), NOW());
INSERT INTO investment_prices (id, investment_id, price, date, created_at, updated_at) VALUES (264, 9, 256.21, '2026-04-16 06:34:37', NOW(), NOW());
INSERT INTO investment_prices (id, investment_id, price, date, created_at, updated_at) VALUES (265, 9, 249.95, '2026-04-28 06:34:37', NOW(), NOW());
INSERT INTO investment_prices (id, investment_id, price, date, created_at, updated_at) VALUES (266, 9, 257.75, '2026-05-10 06:34:37', NOW(), NOW());
INSERT INTO investment_prices (id, investment_id, price, date, created_at, updated_at) VALUES (267, 9, 249.48, '2026-05-22 06:34:37', NOW(), NOW());
INSERT INTO investment_prices (id, investment_id, price, date, created_at, updated_at) VALUES (268, 9, 244.31, '2026-06-03 06:34:37', NOW(), NOW());
INSERT INTO investment_prices (id, investment_id, price, date, created_at, updated_at) VALUES (269, 9, 250.24, '2026-06-15 06:34:37', NOW(), NOW());
INSERT INTO investment_prices (id, investment_id, price, date, created_at, updated_at) VALUES (270, 9, 262.64, '2026-06-27 06:34:37', NOW(), NOW());
INSERT INTO reminders (id, user_id, title, description, due_date, status, created_at, updated_at) VALUES (14, 3, 'Pagar tarjeta', 'Recordatorio generado automáticamente', '2026-07-07 23:44:37', 'completed', NOW(), NOW());
INSERT INTO reminders (id, user_id, title, description, due_date, status, created_at, updated_at) VALUES (15, 3, 'Comprar gasolina', 'Recordatorio generado automáticamente', '2026-08-03 10:06:06', 'completed', NOW(), NOW());
INSERT INTO reminders (id, user_id, title, description, due_date, status, created_at, updated_at) VALUES (16, 3, 'Pagar universidad', 'Recordatorio generado automáticamente', '2026-08-02 18:33:12', 'pending', NOW(), NOW());
INSERT INTO reminders (id, user_id, title, description, due_date, status, created_at, updated_at) VALUES (17, 3, 'Renovar seguro', 'Recordatorio generado automáticamente', '2026-07-15 13:46:21', 'completed', NOW(), NOW());
INSERT INTO reminders (id, user_id, title, description, due_date, status, created_at, updated_at) VALUES (18, 3, 'Invertir este mes', 'Recordatorio generado automáticamente', '2026-08-18 16:23:31', 'pending', NOW(), NOW());
INSERT INTO reminders (id, user_id, title, description, due_date, status, created_at, updated_at) VALUES (19, 3, 'Pagar tarjeta', 'Recordatorio generado automáticamente', '2026-07-31 16:12:08', 'pending', NOW(), NOW());
INSERT INTO reminders (id, user_id, title, description, due_date, status, created_at, updated_at) VALUES (20, 3, 'Invertir este mes', 'Recordatorio generado automáticamente', '2026-07-29 07:01:34', 'completed', NOW(), NOW());
INSERT INTO reminders (id, user_id, title, description, due_date, status, created_at, updated_at) VALUES (21, 3, 'Pagar tarjeta', 'Recordatorio generado automáticamente', '2026-07-15 10:21:23', 'pending', NOW(), NOW());
INSERT INTO receipts (id, user_id, transaction_id, merchant, total_amount, date, image_url, created_at, updated_at) VALUES (44, 3, 114, 'Costco', 4188.80, '2025-12-25 03:24:25', 'https://example.com/receipt_114.jpg', NOW(), NOW());
INSERT INTO receipts (id, user_id, transaction_id, merchant, total_amount, date, image_url, created_at, updated_at) VALUES (45, 3, 141, 'Mercado Libre', 323.54, '2026-03-14 14:12:18', 'https://example.com/receipt_141.jpg', NOW(), NOW());
INSERT INTO receipts (id, user_id, transaction_id, merchant, total_amount, date, image_url, created_at, updated_at) VALUES (46, 3, 154, 'Netflix', 3476.88, '2025-10-24 08:43:43', 'https://example.com/receipt_154.jpg', NOW(), NOW());
INSERT INTO receipts (id, user_id, transaction_id, merchant, total_amount, date, image_url, created_at, updated_at) VALUES (47, 3, 175, 'Izzi', 3493.97, '2026-06-14 06:20:13', 'https://example.com/receipt_175.jpg', NOW(), NOW());
INSERT INTO receipts (id, user_id, transaction_id, merchant, total_amount, date, image_url, created_at, updated_at) VALUES (48, 3, 119, 'SAT Reembolso', 339.91, '2026-06-06 23:02:37', 'https://example.com/receipt_119.jpg', NOW(), NOW());
INSERT INTO receipts (id, user_id, transaction_id, merchant, total_amount, date, image_url, created_at, updated_at) VALUES (49, 3, 168, 'Steam', 646.08, '2025-11-08 00:19:29', 'https://example.com/receipt_168.jpg', NOW(), NOW());
INSERT INTO receipts (id, user_id, transaction_id, merchant, total_amount, date, image_url, created_at, updated_at) VALUES (50, 3, 124, 'Steam', 4150.88, '2026-06-30 09:09:10', 'https://example.com/receipt_124.jpg', NOW(), NOW());
INSERT INTO receipts (id, user_id, transaction_id, merchant, total_amount, date, image_url, created_at, updated_at) VALUES (51, 3, 173, 'McDonald''s', 1172.05, '2025-07-28 15:28:01', 'https://example.com/receipt_173.jpg', NOW(), NOW());
INSERT INTO receipts (id, user_id, transaction_id, merchant, total_amount, date, image_url, created_at, updated_at) VALUES (52, 3, 120, 'McDonald''s', 2026.03, '2026-04-16 23:49:48', 'https://example.com/receipt_120.jpg', NOW(), NOW());
INSERT INTO receipts (id, user_id, transaction_id, merchant, total_amount, date, image_url, created_at, updated_at) VALUES (53, 3, 157, 'Domino''s', 3656.47, '2025-12-27 01:43:52', 'https://example.com/receipt_157.jpg', NOW(), NOW());
INSERT INTO receipts (id, user_id, transaction_id, merchant, total_amount, date, image_url, created_at, updated_at) VALUES (54, 3, 164, 'Uber', 2036.67, '2025-09-13 17:54:12', 'https://example.com/receipt_164.jpg', NOW(), NOW());
INSERT INTO receipts (id, user_id, transaction_id, merchant, total_amount, date, image_url, created_at, updated_at) VALUES (55, 3, 134, 'Netflix', 535.45, '2025-11-22 19:10:38', 'https://example.com/receipt_134.jpg', NOW(), NOW());
INSERT INTO receipts (id, user_id, transaction_id, merchant, total_amount, date, image_url, created_at, updated_at) VALUES (56, 3, 153, 'Liverpool', 4153.17, '2025-12-23 00:56:39', 'https://example.com/receipt_153.jpg', NOW(), NOW());
INSERT INTO receipts (id, user_id, transaction_id, merchant, total_amount, date, image_url, created_at, updated_at) VALUES (57, 3, 128, 'Upwork', 372.06, '2025-07-22 18:51:21', 'https://example.com/receipt_128.jpg', NOW(), NOW());
INSERT INTO receipts (id, user_id, transaction_id, merchant, total_amount, date, image_url, created_at, updated_at) VALUES (58, 3, 170, 'Spotify', 3994.80, '2026-06-02 03:38:30', 'https://example.com/receipt_170.jpg', NOW(), NOW());
INSERT INTO financial_snapshots (id, user_id, date, net_worth, total_assets, total_liabilities, created_at, updated_at) VALUES (105, 3, '2025-07-02', 37472.49, 44966.99, 7494.50, NOW(), NOW());
INSERT INTO financial_snapshots (id, user_id, date, net_worth, total_assets, total_liabilities, created_at, updated_at) VALUES (106, 3, '2025-07-09', 38063.43, 45676.12, 7612.69, NOW(), NOW());
INSERT INTO financial_snapshots (id, user_id, date, net_worth, total_assets, total_liabilities, created_at, updated_at) VALUES (107, 3, '2025-07-16', 38812.87, 46575.44, 7762.57, NOW(), NOW());
INSERT INTO financial_snapshots (id, user_id, date, net_worth, total_assets, total_liabilities, created_at, updated_at) VALUES (108, 3, '2025-07-23', 39375.47, 47250.56, 7875.09, NOW(), NOW());
INSERT INTO financial_snapshots (id, user_id, date, net_worth, total_assets, total_liabilities, created_at, updated_at) VALUES (109, 3, '2025-07-30', 39388.22, 47265.86, 7877.64, NOW(), NOW());
INSERT INTO financial_snapshots (id, user_id, date, net_worth, total_assets, total_liabilities, created_at, updated_at) VALUES (110, 3, '2025-08-06', 40655.19, 48786.23, 8131.04, NOW(), NOW());
INSERT INTO financial_snapshots (id, user_id, date, net_worth, total_assets, total_liabilities, created_at, updated_at) VALUES (111, 3, '2025-08-13', 42137.44, 50564.93, 8427.49, NOW(), NOW());
INSERT INTO financial_snapshots (id, user_id, date, net_worth, total_assets, total_liabilities, created_at, updated_at) VALUES (112, 3, '2025-08-20', 42642.02, 51170.42, 8528.40, NOW(), NOW());
INSERT INTO financial_snapshots (id, user_id, date, net_worth, total_assets, total_liabilities, created_at, updated_at) VALUES (113, 3, '2025-08-27', 42462.47, 50954.96, 8492.49, NOW(), NOW());
INSERT INTO financial_snapshots (id, user_id, date, net_worth, total_assets, total_liabilities, created_at, updated_at) VALUES (114, 3, '2025-09-03', 43794.44, 52553.33, 8758.89, NOW(), NOW());
INSERT INTO financial_snapshots (id, user_id, date, net_worth, total_assets, total_liabilities, created_at, updated_at) VALUES (115, 3, '2025-09-10', 44235.49, 53082.59, 8847.10, NOW(), NOW());
INSERT INTO financial_snapshots (id, user_id, date, net_worth, total_assets, total_liabilities, created_at, updated_at) VALUES (116, 3, '2025-09-17', 43858.33, 52630.00, 8771.67, NOW(), NOW());
INSERT INTO financial_snapshots (id, user_id, date, net_worth, total_assets, total_liabilities, created_at, updated_at) VALUES (117, 3, '2025-09-24', 44013.29, 52815.95, 8802.66, NOW(), NOW());
INSERT INTO financial_snapshots (id, user_id, date, net_worth, total_assets, total_liabilities, created_at, updated_at) VALUES (118, 3, '2025-10-01', 44695.03, 53634.04, 8939.01, NOW(), NOW());
INSERT INTO financial_snapshots (id, user_id, date, net_worth, total_assets, total_liabilities, created_at, updated_at) VALUES (119, 3, '2025-10-08', 44759.30, 53711.16, 8951.86, NOW(), NOW());
INSERT INTO financial_snapshots (id, user_id, date, net_worth, total_assets, total_liabilities, created_at, updated_at) VALUES (120, 3, '2025-10-15', 44550.33, 53460.40, 8910.07, NOW(), NOW());
INSERT INTO financial_snapshots (id, user_id, date, net_worth, total_assets, total_liabilities, created_at, updated_at) VALUES (121, 3, '2025-10-22', 45206.76, 54248.11, 9041.35, NOW(), NOW());
INSERT INTO financial_snapshots (id, user_id, date, net_worth, total_assets, total_liabilities, created_at, updated_at) VALUES (122, 3, '2025-10-29', 45426.54, 54511.85, 9085.31, NOW(), NOW());
INSERT INTO financial_snapshots (id, user_id, date, net_worth, total_assets, total_liabilities, created_at, updated_at) VALUES (123, 3, '2025-11-05', 46913.89, 56296.67, 9382.78, NOW(), NOW());
INSERT INTO financial_snapshots (id, user_id, date, net_worth, total_assets, total_liabilities, created_at, updated_at) VALUES (124, 3, '2025-11-12', 47193.60, 56632.32, 9438.72, NOW(), NOW());
INSERT INTO financial_snapshots (id, user_id, date, net_worth, total_assets, total_liabilities, created_at, updated_at) VALUES (125, 3, '2025-11-19', 47975.82, 57570.98, 9595.16, NOW(), NOW());
INSERT INTO financial_snapshots (id, user_id, date, net_worth, total_assets, total_liabilities, created_at, updated_at) VALUES (126, 3, '2025-11-26', 47524.60, 57029.52, 9504.92, NOW(), NOW());
INSERT INTO financial_snapshots (id, user_id, date, net_worth, total_assets, total_liabilities, created_at, updated_at) VALUES (127, 3, '2025-12-03', 48874.02, 58648.82, 9774.80, NOW(), NOW());
INSERT INTO financial_snapshots (id, user_id, date, net_worth, total_assets, total_liabilities, created_at, updated_at) VALUES (128, 3, '2025-12-10', 49331.55, 59197.86, 9866.31, NOW(), NOW());
INSERT INTO financial_snapshots (id, user_id, date, net_worth, total_assets, total_liabilities, created_at, updated_at) VALUES (129, 3, '2025-12-17', 49451.48, 59341.78, 9890.30, NOW(), NOW());
INSERT INTO financial_snapshots (id, user_id, date, net_worth, total_assets, total_liabilities, created_at, updated_at) VALUES (130, 3, '2025-12-24', 49455.37, 59346.44, 9891.07, NOW(), NOW());
INSERT INTO financial_snapshots (id, user_id, date, net_worth, total_assets, total_liabilities, created_at, updated_at) VALUES (131, 3, '2025-12-31', 50648.69, 60778.43, 10129.74, NOW(), NOW());
INSERT INTO financial_snapshots (id, user_id, date, net_worth, total_assets, total_liabilities, created_at, updated_at) VALUES (132, 3, '2026-01-07', 51962.78, 62355.34, 10392.56, NOW(), NOW());
INSERT INTO financial_snapshots (id, user_id, date, net_worth, total_assets, total_liabilities, created_at, updated_at) VALUES (133, 3, '2026-01-14', 53135.31, 63762.37, 10627.06, NOW(), NOW());
INSERT INTO financial_snapshots (id, user_id, date, net_worth, total_assets, total_liabilities, created_at, updated_at) VALUES (134, 3, '2026-01-21', 53579.10, 64294.92, 10715.82, NOW(), NOW());
INSERT INTO financial_snapshots (id, user_id, date, net_worth, total_assets, total_liabilities, created_at, updated_at) VALUES (135, 3, '2026-01-28', 54590.80, 65508.96, 10918.16, NOW(), NOW());
INSERT INTO financial_snapshots (id, user_id, date, net_worth, total_assets, total_liabilities, created_at, updated_at) VALUES (136, 3, '2026-02-04', 54125.23, 64950.28, 10825.05, NOW(), NOW());
INSERT INTO financial_snapshots (id, user_id, date, net_worth, total_assets, total_liabilities, created_at, updated_at) VALUES (137, 3, '2026-02-11', 54079.55, 64895.46, 10815.91, NOW(), NOW());
INSERT INTO financial_snapshots (id, user_id, date, net_worth, total_assets, total_liabilities, created_at, updated_at) VALUES (138, 3, '2026-02-18', 54586.26, 65503.51, 10917.25, NOW(), NOW());
INSERT INTO financial_snapshots (id, user_id, date, net_worth, total_assets, total_liabilities, created_at, updated_at) VALUES (139, 3, '2026-02-25', 54145.79, 64974.95, 10829.16, NOW(), NOW());
INSERT INTO financial_snapshots (id, user_id, date, net_worth, total_assets, total_liabilities, created_at, updated_at) VALUES (140, 3, '2026-03-04', 53938.46, 64726.15, 10787.69, NOW(), NOW());
INSERT INTO financial_snapshots (id, user_id, date, net_worth, total_assets, total_liabilities, created_at, updated_at) VALUES (141, 3, '2026-03-11', 53737.12, 64484.54, 10747.42, NOW(), NOW());
INSERT INTO financial_snapshots (id, user_id, date, net_worth, total_assets, total_liabilities, created_at, updated_at) VALUES (142, 3, '2026-03-18', 53542.35, 64250.82, 10708.47, NOW(), NOW());
INSERT INTO financial_snapshots (id, user_id, date, net_worth, total_assets, total_liabilities, created_at, updated_at) VALUES (143, 3, '2026-03-25', 53961.08, 64753.30, 10792.22, NOW(), NOW());
INSERT INTO financial_snapshots (id, user_id, date, net_worth, total_assets, total_liabilities, created_at, updated_at) VALUES (144, 3, '2026-04-01', 53539.83, 64247.80, 10707.97, NOW(), NOW());
INSERT INTO financial_snapshots (id, user_id, date, net_worth, total_assets, total_liabilities, created_at, updated_at) VALUES (145, 3, '2026-04-08', 54728.30, 65673.96, 10945.66, NOW(), NOW());
INSERT INTO financial_snapshots (id, user_id, date, net_worth, total_assets, total_liabilities, created_at, updated_at) VALUES (146, 3, '2026-04-15', 56195.12, 67434.14, 11239.02, NOW(), NOW());
INSERT INTO financial_snapshots (id, user_id, date, net_worth, total_assets, total_liabilities, created_at, updated_at) VALUES (147, 3, '2026-04-22', 56690.79, 68028.95, 11338.16, NOW(), NOW());
INSERT INTO financial_snapshots (id, user_id, date, net_worth, total_assets, total_liabilities, created_at, updated_at) VALUES (148, 3, '2026-04-29', 57691.22, 69229.46, 11538.24, NOW(), NOW());
INSERT INTO financial_snapshots (id, user_id, date, net_worth, total_assets, total_liabilities, created_at, updated_at) VALUES (149, 3, '2026-05-06', 57714.65, 69257.58, 11542.93, NOW(), NOW());
INSERT INTO financial_snapshots (id, user_id, date, net_worth, total_assets, total_liabilities, created_at, updated_at) VALUES (150, 3, '2026-05-13', 57730.56, 69276.67, 11546.11, NOW(), NOW());
INSERT INTO financial_snapshots (id, user_id, date, net_worth, total_assets, total_liabilities, created_at, updated_at) VALUES (151, 3, '2026-05-20', 58468.38, 70162.06, 11693.68, NOW(), NOW());
INSERT INTO financial_snapshots (id, user_id, date, net_worth, total_assets, total_liabilities, created_at, updated_at) VALUES (152, 3, '2026-05-27', 59347.63, 71217.16, 11869.53, NOW(), NOW());
INSERT INTO financial_snapshots (id, user_id, date, net_worth, total_assets, total_liabilities, created_at, updated_at) VALUES (153, 3, '2026-06-03', 59491.51, 71389.81, 11898.30, NOW(), NOW());
INSERT INTO financial_snapshots (id, user_id, date, net_worth, total_assets, total_liabilities, created_at, updated_at) VALUES (154, 3, '2026-06-10', 59299.84, 71159.81, 11859.97, NOW(), NOW());
INSERT INTO financial_snapshots (id, user_id, date, net_worth, total_assets, total_liabilities, created_at, updated_at) VALUES (155, 3, '2026-06-17', 60214.96, 72257.95, 12042.99, NOW(), NOW());
INSERT INTO financial_snapshots (id, user_id, date, net_worth, total_assets, total_liabilities, created_at, updated_at) VALUES (156, 3, '2026-06-24', 61327.47, 73592.96, 12265.49, NOW(), NOW());
INSERT INTO conversations (id, user_id, title, created_at, updated_at) VALUES (9, 3, '¿Cómo puedo ahorrar?', NOW(), NOW());
INSERT INTO messages (id, conversation_id, sender, content, created_at, updated_at) VALUES (120, 9, 'user', 'Pregunta sobre ¿Cómo puedo ahorrar?', '2026-06-28 06:42:37', NOW());
INSERT INTO messages (id, conversation_id, sender, content, created_at, updated_at) VALUES (121, 9, 'assistant', 'Respuesta del asistente a ¿Cómo puedo ahorrar? con análisis detallado.', '2026-06-28 06:47:37', NOW());
INSERT INTO messages (id, conversation_id, sender, content, created_at, updated_at) VALUES (122, 9, 'user', 'Pregunta sobre ¿Cómo puedo ahorrar?', '2026-06-28 06:56:37', NOW());
INSERT INTO messages (id, conversation_id, sender, content, created_at, updated_at) VALUES (123, 9, 'assistant', 'Respuesta del asistente a ¿Cómo puedo ahorrar? con análisis detallado.', '2026-06-28 07:00:37', NOW());
INSERT INTO messages (id, conversation_id, sender, content, created_at, updated_at) VALUES (124, 9, 'user', 'Pregunta sobre ¿Cómo puedo ahorrar?', '2026-06-28 07:02:37', NOW());
INSERT INTO messages (id, conversation_id, sender, content, created_at, updated_at) VALUES (125, 9, 'assistant', 'Respuesta del asistente a ¿Cómo puedo ahorrar? con análisis detallado.', '2026-06-28 07:10:37', NOW());
INSERT INTO messages (id, conversation_id, sender, content, created_at, updated_at) VALUES (126, 9, 'user', 'Pregunta sobre ¿Cómo puedo ahorrar?', '2026-06-28 07:14:37', NOW());
INSERT INTO messages (id, conversation_id, sender, content, created_at, updated_at) VALUES (127, 9, 'assistant', 'Respuesta del asistente a ¿Cómo puedo ahorrar? con análisis detallado.', '2026-06-28 07:21:37', NOW());
INSERT INTO messages (id, conversation_id, sender, content, created_at, updated_at) VALUES (128, 9, 'user', 'Pregunta sobre ¿Cómo puedo ahorrar?', '2026-06-28 07:22:37', NOW());
INSERT INTO messages (id, conversation_id, sender, content, created_at, updated_at) VALUES (129, 9, 'assistant', 'Respuesta del asistente a ¿Cómo puedo ahorrar? con análisis detallado.', '2026-06-28 07:29:37', NOW());
INSERT INTO messages (id, conversation_id, sender, content, created_at, updated_at) VALUES (130, 9, 'user', 'Pregunta sobre ¿Cómo puedo ahorrar?', '2026-06-28 07:38:37', NOW());
INSERT INTO messages (id, conversation_id, sender, content, created_at, updated_at) VALUES (131, 9, 'assistant', 'Respuesta del asistente a ¿Cómo puedo ahorrar? con análisis detallado.', '2026-06-28 07:41:37', NOW());
INSERT INTO messages (id, conversation_id, sender, content, created_at, updated_at) VALUES (132, 9, 'user', 'Pregunta sobre ¿Cómo puedo ahorrar?', '2026-06-28 07:48:37', NOW());
INSERT INTO messages (id, conversation_id, sender, content, created_at, updated_at) VALUES (133, 9, 'assistant', 'Respuesta del asistente a ¿Cómo puedo ahorrar? con análisis detallado.', '2026-06-28 07:49:37', NOW());
INSERT INTO messages (id, conversation_id, sender, content, created_at, updated_at) VALUES (134, 9, 'user', 'Pregunta sobre ¿Cómo puedo ahorrar?', '2026-06-28 07:55:37', NOW());
INSERT INTO messages (id, conversation_id, sender, content, created_at, updated_at) VALUES (135, 9, 'assistant', 'Respuesta del asistente a ¿Cómo puedo ahorrar? con análisis detallado.', '2026-06-28 07:59:37', NOW());
INSERT INTO messages (id, conversation_id, sender, content, created_at, updated_at) VALUES (136, 9, 'user', 'Pregunta sobre ¿Cómo puedo ahorrar?', '2026-06-28 08:02:37', NOW());
INSERT INTO conversations (id, user_id, title, created_at, updated_at) VALUES (10, 3, 'Analiza mi portafolio', NOW(), NOW());
INSERT INTO messages (id, conversation_id, sender, content, created_at, updated_at) VALUES (137, 10, 'user', 'Pregunta sobre Analiza mi portafolio', '2026-06-28 06:39:37', NOW());
INSERT INTO messages (id, conversation_id, sender, content, created_at, updated_at) VALUES (138, 10, 'assistant', 'Respuesta del asistente a Analiza mi portafolio con análisis detallado.', '2026-06-28 06:49:37', NOW());
INSERT INTO messages (id, conversation_id, sender, content, created_at, updated_at) VALUES (139, 10, 'user', 'Pregunta sobre Analiza mi portafolio', '2026-06-28 06:52:37', NOW());
INSERT INTO messages (id, conversation_id, sender, content, created_at, updated_at) VALUES (140, 10, 'assistant', 'Respuesta del asistente a Analiza mi portafolio con análisis detallado.', '2026-06-28 07:02:37', NOW());
INSERT INTO messages (id, conversation_id, sender, content, created_at, updated_at) VALUES (141, 10, 'user', 'Pregunta sobre Analiza mi portafolio', '2026-06-28 07:03:37', NOW());
INSERT INTO messages (id, conversation_id, sender, content, created_at, updated_at) VALUES (142, 10, 'assistant', 'Respuesta del asistente a Analiza mi portafolio con análisis detallado.', '2026-06-28 07:04:37', NOW());
INSERT INTO messages (id, conversation_id, sender, content, created_at, updated_at) VALUES (143, 10, 'user', 'Pregunta sobre Analiza mi portafolio', '2026-06-28 07:08:37', NOW());
INSERT INTO messages (id, conversation_id, sender, content, created_at, updated_at) VALUES (144, 10, 'assistant', 'Respuesta del asistente a Analiza mi portafolio con análisis detallado.', '2026-06-28 07:16:37', NOW());
INSERT INTO messages (id, conversation_id, sender, content, created_at, updated_at) VALUES (145, 10, 'user', 'Pregunta sobre Analiza mi portafolio', '2026-06-28 07:17:37', NOW());
INSERT INTO messages (id, conversation_id, sender, content, created_at, updated_at) VALUES (146, 10, 'assistant', 'Respuesta del asistente a Analiza mi portafolio con análisis detallado.', '2026-06-28 07:18:37', NOW());
INSERT INTO messages (id, conversation_id, sender, content, created_at, updated_at) VALUES (147, 10, 'user', 'Pregunta sobre Analiza mi portafolio', '2026-06-28 07:28:37', NOW());
INSERT INTO conversations (id, user_id, title, created_at, updated_at) VALUES (11, 3, '¿Cómo puedo ahorrar?', NOW(), NOW());
INSERT INTO messages (id, conversation_id, sender, content, created_at, updated_at) VALUES (148, 11, 'user', 'Pregunta sobre ¿Cómo puedo ahorrar?', '2026-06-28 06:39:37', NOW());
INSERT INTO messages (id, conversation_id, sender, content, created_at, updated_at) VALUES (149, 11, 'assistant', 'Respuesta del asistente a ¿Cómo puedo ahorrar? con análisis detallado.', '2026-06-28 06:47:37', NOW());
INSERT INTO messages (id, conversation_id, sender, content, created_at, updated_at) VALUES (150, 11, 'user', 'Pregunta sobre ¿Cómo puedo ahorrar?', '2026-06-28 06:51:37', NOW());
INSERT INTO messages (id, conversation_id, sender, content, created_at, updated_at) VALUES (151, 11, 'assistant', 'Respuesta del asistente a ¿Cómo puedo ahorrar? con análisis detallado.', '2026-06-28 06:56:37', NOW());
INSERT INTO messages (id, conversation_id, sender, content, created_at, updated_at) VALUES (152, 11, 'user', 'Pregunta sobre ¿Cómo puedo ahorrar?', '2026-06-28 07:00:37', NOW());
INSERT INTO messages (id, conversation_id, sender, content, created_at, updated_at) VALUES (153, 11, 'assistant', 'Respuesta del asistente a ¿Cómo puedo ahorrar? con análisis detallado.', '2026-06-28 07:10:37', NOW());
INSERT INTO messages (id, conversation_id, sender, content, created_at, updated_at) VALUES (154, 11, 'user', 'Pregunta sobre ¿Cómo puedo ahorrar?', '2026-06-28 07:19:37', NOW());
INSERT INTO messages (id, conversation_id, sender, content, created_at, updated_at) VALUES (155, 11, 'assistant', 'Respuesta del asistente a ¿Cómo puedo ahorrar? con análisis detallado.', '2026-06-28 07:26:37', NOW());
INSERT INTO messages (id, conversation_id, sender, content, created_at, updated_at) VALUES (156, 11, 'user', 'Pregunta sobre ¿Cómo puedo ahorrar?', '2026-06-28 07:30:37', NOW());
INSERT INTO messages (id, conversation_id, sender, content, created_at, updated_at) VALUES (157, 11, 'assistant', 'Respuesta del asistente a ¿Cómo puedo ahorrar? con análisis detallado.', '2026-06-28 07:36:37', NOW());
INSERT INTO messages (id, conversation_id, sender, content, created_at, updated_at) VALUES (158, 11, 'user', 'Pregunta sobre ¿Cómo puedo ahorrar?', '2026-06-28 07:38:37', NOW());
INSERT INTO messages (id, conversation_id, sender, content, created_at, updated_at) VALUES (159, 11, 'assistant', 'Respuesta del asistente a ¿Cómo puedo ahorrar? con análisis detallado.', '2026-06-28 07:45:37', NOW());
INSERT INTO messages (id, conversation_id, sender, content, created_at, updated_at) VALUES (160, 11, 'user', 'Pregunta sobre ¿Cómo puedo ahorrar?', '2026-06-28 07:52:37', NOW());
INSERT INTO messages (id, conversation_id, sender, content, created_at, updated_at) VALUES (161, 11, 'assistant', 'Respuesta del asistente a ¿Cómo puedo ahorrar? con análisis detallado.', '2026-06-28 08:01:37', NOW());
INSERT INTO messages (id, conversation_id, sender, content, created_at, updated_at) VALUES (162, 11, 'user', 'Pregunta sobre ¿Cómo puedo ahorrar?', '2026-06-28 08:11:37', NOW());
INSERT INTO messages (id, conversation_id, sender, content, created_at, updated_at) VALUES (163, 11, 'assistant', 'Respuesta del asistente a ¿Cómo puedo ahorrar? con análisis detallado.', '2026-06-28 08:18:37', NOW());
INSERT INTO messages (id, conversation_id, sender, content, created_at, updated_at) VALUES (164, 11, 'user', 'Pregunta sobre ¿Cómo puedo ahorrar?', '2026-06-28 08:28:37', NOW());
INSERT INTO conversations (id, user_id, title, created_at, updated_at) VALUES (12, 3, '¿Cuánto puedo invertir este mes?', NOW(), NOW());
INSERT INTO messages (id, conversation_id, sender, content, created_at, updated_at) VALUES (165, 12, 'user', 'Pregunta sobre ¿Cuánto puedo invertir este mes?', '2026-06-28 06:40:37', NOW());
INSERT INTO messages (id, conversation_id, sender, content, created_at, updated_at) VALUES (166, 12, 'assistant', 'Respuesta del asistente a ¿Cuánto puedo invertir este mes? con análisis detallado.', '2026-06-28 06:47:37', NOW());
INSERT INTO messages (id, conversation_id, sender, content, created_at, updated_at) VALUES (167, 12, 'user', 'Pregunta sobre ¿Cuánto puedo invertir este mes?', '2026-06-28 06:51:37', NOW());
INSERT INTO messages (id, conversation_id, sender, content, created_at, updated_at) VALUES (168, 12, 'assistant', 'Respuesta del asistente a ¿Cuánto puedo invertir este mes? con análisis detallado.', '2026-06-28 06:56:37', NOW());
INSERT INTO messages (id, conversation_id, sender, content, created_at, updated_at) VALUES (169, 12, 'user', 'Pregunta sobre ¿Cuánto puedo invertir este mes?', '2026-06-28 06:59:37', NOW());
INSERT INTO messages (id, conversation_id, sender, content, created_at, updated_at) VALUES (170, 12, 'assistant', 'Respuesta del asistente a ¿Cuánto puedo invertir este mes? con análisis detallado.', '2026-06-28 07:05:37', NOW());
INSERT INTO messages (id, conversation_id, sender, content, created_at, updated_at) VALUES (171, 12, 'user', 'Pregunta sobre ¿Cuánto puedo invertir este mes?', '2026-06-28 07:09:37', NOW());
INSERT INTO messages (id, conversation_id, sender, content, created_at, updated_at) VALUES (172, 12, 'assistant', 'Respuesta del asistente a ¿Cuánto puedo invertir este mes? con análisis detallado.', '2026-06-28 07:16:37', NOW());
INSERT INTO messages (id, conversation_id, sender, content, created_at, updated_at) VALUES (173, 12, 'user', 'Pregunta sobre ¿Cuánto puedo invertir este mes?', '2026-06-28 07:18:37', NOW());
INSERT INTO messages (id, conversation_id, sender, content, created_at, updated_at) VALUES (174, 12, 'assistant', 'Respuesta del asistente a ¿Cuánto puedo invertir este mes? con análisis detallado.', '2026-06-28 07:23:37', NOW());
INSERT INTO messages (id, conversation_id, sender, content, created_at, updated_at) VALUES (175, 12, 'user', 'Pregunta sobre ¿Cuánto puedo invertir este mes?', '2026-06-28 07:29:37', NOW());
INSERT INTO messages (id, conversation_id, sender, content, created_at, updated_at) VALUES (176, 12, 'assistant', 'Respuesta del asistente a ¿Cuánto puedo invertir este mes? con análisis detallado.', '2026-06-28 07:38:37', NOW());
INSERT INTO messages (id, conversation_id, sender, content, created_at, updated_at) VALUES (177, 12, 'user', 'Pregunta sobre ¿Cuánto puedo invertir este mes?', '2026-06-28 07:40:37', NOW());
INSERT INTO messages (id, conversation_id, sender, content, created_at, updated_at) VALUES (178, 12, 'assistant', 'Respuesta del asistente a ¿Cuánto puedo invertir este mes? con análisis detallado.', '2026-06-28 07:46:37', NOW());
INSERT INTO messages (id, conversation_id, sender, content, created_at, updated_at) VALUES (179, 12, 'user', 'Pregunta sobre ¿Cuánto puedo invertir este mes?', '2026-06-28 07:56:37', NOW());
INSERT INTO messages (id, conversation_id, sender, content, created_at, updated_at) VALUES (180, 12, 'assistant', 'Respuesta del asistente a ¿Cuánto puedo invertir este mes? con análisis detallado.', '2026-06-28 07:59:37', NOW());
INSERT INTO messages (id, conversation_id, sender, content, created_at, updated_at) VALUES (181, 12, 'user', 'Pregunta sobre ¿Cuánto puedo invertir este mes?', '2026-06-28 08:01:37', NOW());
INSERT INTO messages (id, conversation_id, sender, content, created_at, updated_at) VALUES (182, 12, 'assistant', 'Respuesta del asistente a ¿Cuánto puedo invertir este mes? con análisis detallado.', '2026-06-28 08:09:37', NOW());
INSERT INTO users (id, name, last_name, email, password, created_at, updated_at) VALUES (4, 'Laura', 'Perez', 'laura.perez4@example.com', 'password', NOW(), NOW());
INSERT INTO settings (user_id, currency, language, theme, monthly_income, payday, ai_enabled, created_at, updated_at) VALUES (4, 'USD', 'es', 'system', 73809.46, 7, true, NOW(), NOW());
INSERT INTO accounts (id, user_id, name, balance, color, icon, type, currency, created_at, updated_at) VALUES (15, 4, 'Nu', 44270.46, '#b4e6b6', 'icon-cash', 'cash', 'MXN', NOW(), NOW());
INSERT INTO accounts (id, user_id, name, balance, color, icon, type, currency, created_at, updated_at) VALUES (16, 4, 'Santander', 19677.21, '#a6cdba', 'icon-investment', 'investment', 'MXN', NOW(), NOW());
INSERT INTO accounts (id, user_id, name, balance, color, icon, type, currency, created_at, updated_at) VALUES (17, 4, 'Efectivo', 6932.57, '#8f26da', 'icon-bank', 'bank', 'MXN', NOW(), NOW());
INSERT INTO accounts (id, user_id, name, balance, color, icon, type, currency, created_at, updated_at) VALUES (18, 4, 'Mercado Pago', 2142.63, '#9dc697', 'icon-credit', 'credit', 'MXN', NOW(), NOW());
INSERT INTO funds (id, user_id, name, balance, color, icon, created_at, updated_at) VALUES (19, 4, 'Gastos necesarios', 8994.02, '#2dbd7f', 'icon-fund', NOW(), NOW());
INSERT INTO fund_allocations (id, fund_id, category_id, created_at, updated_at) VALUES (73, 19, 4, NOW(), NOW());
INSERT INTO fund_allocations (id, fund_id, category_id, created_at, updated_at) VALUES (74, 19, 9, NOW(), NOW());
INSERT INTO fund_allocations (id, fund_id, category_id, created_at, updated_at) VALUES (75, 19, 1, NOW(), NOW());
INSERT INTO fund_allocations (id, fund_id, category_id, created_at, updated_at) VALUES (76, 19, 15, NOW(), NOW());
INSERT INTO fund_allocations (id, fund_id, category_id, created_at, updated_at) VALUES (77, 19, 11, NOW(), NOW());
INSERT INTO fund_allocations (id, fund_id, category_id, created_at, updated_at) VALUES (78, 19, 13, NOW(), NOW());
INSERT INTO funds (id, user_id, name, balance, color, icon, created_at, updated_at) VALUES (20, 4, 'Gastos personales', 170.35, '#1f7889', 'icon-fund', NOW(), NOW());
INSERT INTO fund_allocations (id, fund_id, category_id, created_at, updated_at) VALUES (79, 20, 14, NOW(), NOW());
INSERT INTO fund_allocations (id, fund_id, category_id, created_at, updated_at) VALUES (80, 20, 1, NOW(), NOW());
INSERT INTO fund_allocations (id, fund_id, category_id, created_at, updated_at) VALUES (81, 20, 20, NOW(), NOW());
INSERT INTO funds (id, user_id, name, balance, color, icon, created_at, updated_at) VALUES (21, 4, 'Ahorro', 1773.24, '#87dff5', 'icon-fund', NOW(), NOW());
INSERT INTO fund_allocations (id, fund_id, category_id, created_at, updated_at) VALUES (82, 21, 4, NOW(), NOW());
INSERT INTO fund_allocations (id, fund_id, category_id, created_at, updated_at) VALUES (83, 21, 3, NOW(), NOW());
INSERT INTO fund_allocations (id, fund_id, category_id, created_at, updated_at) VALUES (84, 21, 13, NOW(), NOW());
INSERT INTO fund_allocations (id, fund_id, category_id, created_at, updated_at) VALUES (85, 21, 10, NOW(), NOW());
INSERT INTO fund_allocations (id, fund_id, category_id, created_at, updated_at) VALUES (86, 21, 11, NOW(), NOW());
INSERT INTO fund_allocations (id, fund_id, category_id, created_at, updated_at) VALUES (87, 21, 8, NOW(), NOW());
INSERT INTO funds (id, user_id, name, balance, color, icon, created_at, updated_at) VALUES (22, 4, 'Inversión', 8814.29, '#77dc55', 'icon-fund', NOW(), NOW());
INSERT INTO fund_allocations (id, fund_id, category_id, created_at, updated_at) VALUES (88, 22, 4, NOW(), NOW());
INSERT INTO fund_allocations (id, fund_id, category_id, created_at, updated_at) VALUES (89, 22, 13, NOW(), NOW());
INSERT INTO fund_allocations (id, fund_id, category_id, created_at, updated_at) VALUES (90, 22, 24, NOW(), NOW());
INSERT INTO fund_allocations (id, fund_id, category_id, created_at, updated_at) VALUES (91, 22, 30, NOW(), NOW());
INSERT INTO fund_allocations (id, fund_id, category_id, created_at, updated_at) VALUES (92, 22, 6, NOW(), NOW());
INSERT INTO fund_allocations (id, fund_id, category_id, created_at, updated_at) VALUES (93, 22, 25, NOW(), NOW());
INSERT INTO funds (id, user_id, name, balance, color, icon, created_at, updated_at) VALUES (23, 4, 'Fondo de emergencia', 15392.02, '#57c7fc', 'icon-fund', NOW(), NOW());
INSERT INTO fund_allocations (id, fund_id, category_id, created_at, updated_at) VALUES (94, 23, 24, NOW(), NOW());
INSERT INTO fund_allocations (id, fund_id, category_id, created_at, updated_at) VALUES (95, 23, 5, NOW(), NOW());
INSERT INTO fund_allocations (id, fund_id, category_id, created_at, updated_at) VALUES (96, 23, 25, NOW(), NOW());
INSERT INTO fund_allocations (id, fund_id, category_id, created_at, updated_at) VALUES (97, 23, 26, NOW(), NOW());
INSERT INTO funds (id, user_id, name, balance, color, icon, created_at, updated_at) VALUES (24, 4, 'Vacaciones', 5140.02, '#5da522', 'icon-fund', NOW(), NOW());
INSERT INTO fund_allocations (id, fund_id, category_id, created_at, updated_at) VALUES (98, 24, 24, NOW(), NOW());
INSERT INTO fund_allocations (id, fund_id, category_id, created_at, updated_at) VALUES (99, 24, 2, NOW(), NOW());
INSERT INTO fund_allocations (id, fund_id, category_id, created_at, updated_at) VALUES (100, 24, 9, NOW(), NOW());
INSERT INTO transactions (id, user_id, account_id, category_id, type, amount, description, notes, date, created_at, updated_at) VALUES (176, 4, 18, 7, 'expense', 364.76, 'Telcel', 'Nota de prueba', '2026-01-15 18:49:08', NOW(), NOW());
INSERT INTO transactions (id, user_id, account_id, category_id, type, amount, description, notes, date, created_at, updated_at) VALUES (177, 4, 16, 19, 'expense', 3621.21, 'Walmart', 'Nota de prueba', '2025-12-09 12:58:25', NOW(), NOW());
INSERT INTO transactions (id, user_id, account_id, category_id, type, amount, description, notes, date, created_at, updated_at) VALUES (178, 4, 15, 4, 'income', 1542.65, 'Fiverr', 'Nota de prueba', '2025-07-03 07:25:19', NOW(), NOW());
INSERT INTO transactions (id, user_id, account_id, category_id, type, amount, description, notes, date, created_at, updated_at) VALUES (179, 4, 17, 1, 'income', 1394.92, 'SAT Reembolso', 'Nota de prueba', '2026-03-12 02:49:41', NOW(), NOW());
INSERT INTO transactions (id, user_id, account_id, category_id, type, amount, description, notes, date, created_at, updated_at) VALUES (180, 4, 16, 3, 'income', 494.10, 'Fiverr', 'Nota de prueba', '2026-05-16 13:14:34', NOW(), NOW());
INSERT INTO transactions (id, user_id, account_id, category_id, type, amount, description, notes, date, created_at, updated_at) VALUES (181, 4, 16, 3, 'income', 249.62, 'Dividendos GBM', 'Nota de prueba', '2026-05-01 12:28:52', NOW(), NOW());
INSERT INTO transactions (id, user_id, account_id, category_id, type, amount, description, notes, date, created_at, updated_at) VALUES (182, 4, 17, 25, 'expense', 4056.31, 'Costco', 'Nota de prueba', '2026-01-30 04:42:19', NOW(), NOW());
INSERT INTO transactions (id, user_id, account_id, category_id, type, amount, description, notes, date, created_at, updated_at) VALUES (183, 4, 16, 15, 'expense', 3208.85, 'Spotify', 'Nota de prueba', '2025-10-11 00:41:08', NOW(), NOW());
INSERT INTO transactions (id, user_id, account_id, category_id, type, amount, description, notes, date, created_at, updated_at) VALUES (184, 4, 16, 3, 'income', 3514.26, 'Dividendos GBM', 'Nota de prueba', '2025-07-31 23:11:07', NOW(), NOW());
INSERT INTO transactions (id, user_id, account_id, category_id, type, amount, description, notes, date, created_at, updated_at) VALUES (185, 4, 15, 17, 'expense', 4849.62, 'Apple', 'Nota de prueba', '2026-06-03 23:29:43', NOW(), NOW());
INSERT INTO transactions (id, user_id, account_id, category_id, type, amount, description, notes, date, created_at, updated_at) VALUES (186, 4, 18, 2, 'income', 1749.10, 'Upwork', 'Nota de prueba', '2025-12-15 18:24:08', NOW(), NOW());
INSERT INTO transactions (id, user_id, account_id, category_id, type, amount, description, notes, date, created_at, updated_at) VALUES (187, 4, 18, 21, 'expense', 1080.77, 'Mercado Libre', 'Nota de prueba', '2026-06-14 03:09:42', NOW(), NOW());
INSERT INTO transactions (id, user_id, account_id, category_id, type, amount, description, notes, date, created_at, updated_at) VALUES (188, 4, 17, 7, 'expense', 1238.28, 'Netflix', 'Nota de prueba', '2025-07-15 01:43:35', NOW(), NOW());
INSERT INTO transactions (id, user_id, account_id, category_id, type, amount, description, notes, date, created_at, updated_at) VALUES (189, 4, 15, 6, 'expense', 445.68, 'Uber', 'Nota de prueba', '2025-09-05 11:34:07', NOW(), NOW());
INSERT INTO transactions (id, user_id, account_id, category_id, type, amount, description, notes, date, created_at, updated_at) VALUES (190, 4, 16, 20, 'expense', 2933.21, 'Izzi', 'Nota de prueba', '2025-11-24 01:52:15', NOW(), NOW());
INSERT INTO transactions (id, user_id, account_id, category_id, type, amount, description, notes, date, created_at, updated_at) VALUES (191, 4, 17, 14, 'expense', 3476.20, 'Domino''s', 'Nota de prueba', '2026-03-14 17:00:27', NOW(), NOW());
INSERT INTO transactions (id, user_id, account_id, category_id, type, amount, description, notes, date, created_at, updated_at) VALUES (192, 4, 16, 2, 'income', 623.39, 'Fiverr', 'Nota de prueba', '2025-07-22 13:56:41', NOW(), NOW());
INSERT INTO transactions (id, user_id, account_id, category_id, type, amount, description, notes, date, created_at, updated_at) VALUES (193, 4, 16, 12, 'expense', 358.78, 'Mercado Libre', 'Nota de prueba', '2026-05-11 05:57:58', NOW(), NOW());
INSERT INTO transactions (id, user_id, account_id, category_id, type, amount, description, notes, date, created_at, updated_at) VALUES (194, 4, 15, 1, 'income', 4680.45, 'Dividendos GBM', 'Nota de prueba', '2026-01-04 15:57:50', NOW(), NOW());
INSERT INTO transactions (id, user_id, account_id, category_id, type, amount, description, notes, date, created_at, updated_at) VALUES (195, 4, 17, 8, 'expense', 3898.62, 'OXXO', 'Nota de prueba', '2025-08-12 11:19:55', NOW(), NOW());
INSERT INTO transactions (id, user_id, account_id, category_id, type, amount, description, notes, date, created_at, updated_at) VALUES (196, 4, 18, 18, 'expense', 4094.62, 'Walmart', 'Nota de prueba', '2026-03-12 23:33:28', NOW(), NOW());
INSERT INTO transactions (id, user_id, account_id, category_id, type, amount, description, notes, date, created_at, updated_at) VALUES (197, 4, 15, 28, 'investment', 4051.20, 'Binance', 'Nota de prueba', '2026-05-20 13:09:03', NOW(), NOW());
INSERT INTO transactions (id, user_id, account_id, category_id, type, amount, description, notes, date, created_at, updated_at) VALUES (198, 4, 15, 7, 'expense', 3445.91, 'Netflix', 'Nota de prueba', '2025-12-19 22:03:48', NOW(), NOW());
INSERT INTO transactions (id, user_id, account_id, category_id, type, amount, description, notes, date, created_at, updated_at) VALUES (199, 4, 15, 18, 'expense', 2477.09, 'Cinépolis', 'Nota de prueba', '2026-03-08 16:25:14', NOW(), NOW());
INSERT INTO transactions (id, user_id, account_id, category_id, type, amount, description, notes, date, created_at, updated_at) VALUES (200, 4, 16, 26, 'expense', 1264.01, 'Amazon', 'Nota de prueba', '2025-12-05 15:57:32', NOW(), NOW());
INSERT INTO transactions (id, user_id, account_id, category_id, type, amount, description, notes, date, created_at, updated_at) VALUES (201, 4, 16, 21, 'expense', 4862.73, 'Apple', 'Nota de prueba', '2025-07-08 05:43:42', NOW(), NOW());
INSERT INTO transactions (id, user_id, account_id, category_id, type, amount, description, notes, date, created_at, updated_at) VALUES (202, 4, 18, 4, 'income', 2738.50, 'Dividendos GBM', 'Nota de prueba', '2025-08-15 08:47:30', NOW(), NOW());
INSERT INTO transactions (id, user_id, account_id, category_id, type, amount, description, notes, date, created_at, updated_at) VALUES (203, 4, 16, 3, 'income', 2100.43, 'SAT Reembolso', 'Nota de prueba', '2025-07-12 07:57:17', NOW(), NOW());
INSERT INTO transactions (id, user_id, account_id, category_id, type, amount, description, notes, date, created_at, updated_at) VALUES (204, 4, 17, 19, 'expense', 151.12, 'Walmart', 'Nota de prueba', '2026-05-06 12:37:51', NOW(), NOW());
INSERT INTO transactions (id, user_id, account_id, category_id, type, amount, description, notes, date, created_at, updated_at) VALUES (205, 4, 16, 9, 'expense', 2065.94, 'McDonald''s', 'Nota de prueba', '2026-02-22 21:20:08', NOW(), NOW());
INSERT INTO transactions (id, user_id, account_id, category_id, type, amount, description, notes, date, created_at, updated_at) VALUES (206, 4, 18, 30, 'investment', 477.55, 'Binance', 'Nota de prueba', '2025-07-04 14:47:09', NOW(), NOW());
INSERT INTO transactions (id, user_id, account_id, category_id, type, amount, description, notes, date, created_at, updated_at) VALUES (207, 4, 18, 17, 'expense', 1769.30, 'Amazon', 'Nota de prueba', '2026-03-07 22:47:14', NOW(), NOW());
INSERT INTO transactions (id, user_id, account_id, category_id, type, amount, description, notes, date, created_at, updated_at) VALUES (208, 4, 18, 23, 'expense', 1152.52, 'Gasolinera Pemex', 'Nota de prueba', '2025-07-26 14:26:15', NOW(), NOW());
INSERT INTO transactions (id, user_id, account_id, category_id, type, amount, description, notes, date, created_at, updated_at) VALUES (209, 4, 16, 22, 'expense', 877.23, 'Spotify', 'Nota de prueba', '2025-10-06 03:31:38', NOW(), NOW());
INSERT INTO transactions (id, user_id, account_id, category_id, type, amount, description, notes, date, created_at, updated_at) VALUES (210, 4, 18, 8, 'expense', 4080.96, 'Walmart', 'Nota de prueba', '2025-08-27 22:12:36', NOW(), NOW());
INSERT INTO transactions (id, user_id, account_id, category_id, type, amount, description, notes, date, created_at, updated_at) VALUES (211, 4, 18, 5, 'income', 3608.32, 'Upwork', 'Nota de prueba', '2025-11-06 01:15:44', NOW(), NOW());
INSERT INTO transactions (id, user_id, account_id, category_id, type, amount, description, notes, date, created_at, updated_at) VALUES (212, 4, 15, 1, 'income', 4608.48, 'Upwork', 'Nota de prueba', '2025-08-23 18:00:44', NOW(), NOW());
INSERT INTO transactions (id, user_id, account_id, category_id, type, amount, description, notes, date, created_at, updated_at) VALUES (213, 4, 18, 16, 'expense', 3061.19, 'Izzi', 'Nota de prueba', '2026-01-30 12:43:09', NOW(), NOW());
INSERT INTO transactions (id, user_id, account_id, category_id, type, amount, description, notes, date, created_at, updated_at) VALUES (214, 4, 17, 2, 'income', 1464.51, 'Upwork', 'Nota de prueba', '2026-06-12 17:09:16', NOW(), NOW());
INSERT INTO transactions (id, user_id, account_id, category_id, type, amount, description, notes, date, created_at, updated_at) VALUES (215, 4, 16, 5, 'income', 792.03, 'Fiverr', 'Nota de prueba', '2026-05-09 21:38:45', NOW(), NOW());
INSERT INTO transactions (id, user_id, account_id, category_id, type, amount, description, notes, date, created_at, updated_at) VALUES (216, 4, 17, 20, 'expense', 3330.60, 'Telcel', 'Nota de prueba', '2026-03-15 10:30:05', NOW(), NOW());
INSERT INTO transactions (id, user_id, account_id, category_id, type, amount, description, notes, date, created_at, updated_at) VALUES (217, 4, 17, 7, 'expense', 1578.14, 'OXXO', 'Nota de prueba', '2026-06-29 00:23:08', NOW(), NOW());
INSERT INTO transactions (id, user_id, account_id, category_id, type, amount, description, notes, date, created_at, updated_at) VALUES (218, 4, 16, 8, 'expense', 3038.06, 'CFE', 'Nota de prueba', '2025-07-07 23:08:24', NOW(), NOW());
INSERT INTO transactions (id, user_id, account_id, category_id, type, amount, description, notes, date, created_at, updated_at) VALUES (219, 4, 18, 15, 'expense', 4810.73, 'Amazon', 'Nota de prueba', '2025-12-07 14:49:18', NOW(), NOW());
INSERT INTO transactions (id, user_id, account_id, category_id, type, amount, description, notes, date, created_at, updated_at) VALUES (220, 4, 16, 19, 'expense', 4941.91, 'Izzi', 'Nota de prueba', '2025-09-02 14:33:27', NOW(), NOW());
INSERT INTO transactions (id, user_id, account_id, category_id, type, amount, description, notes, date, created_at, updated_at) VALUES (221, 4, 18, 26, 'expense', 2619.74, 'Spotify', 'Nota de prueba', '2026-06-08 01:57:09', NOW(), NOW());
INSERT INTO budgets (id, user_id, category_id, amount, month, created_at, updated_at) VALUES (16, 4, 12, 3869.61, '2026-07-01', NOW(), NOW());
INSERT INTO budgets (id, user_id, category_id, amount, month, created_at, updated_at) VALUES (17, 4, 20, 4565.12, '2026-07-01', NOW(), NOW());
INSERT INTO budgets (id, user_id, category_id, amount, month, created_at, updated_at) VALUES (18, 4, 8, 1579.31, '2026-07-01', NOW(), NOW());
INSERT INTO budgets (id, user_id, category_id, amount, month, created_at, updated_at) VALUES (19, 4, 14, 1195.18, '2026-07-01', NOW(), NOW());
INSERT INTO budgets (id, user_id, category_id, amount, month, created_at, updated_at) VALUES (20, 4, 24, 3725.64, '2026-07-01', NOW(), NOW());
INSERT INTO goals (id, user_id, name, target_amount, current_amount, status, deadline, created_at, updated_at) VALUES (12, 4, 'Invertir 100,000', 33558.80, 10628.04, 'active', '2027-02-06', NOW(), NOW());
INSERT INTO goals (id, user_id, name, target_amount, current_amount, status, deadline, created_at, updated_at) VALUES (13, 4, 'Laptop nueva', 16499.07, 11002.62, 'active', '2026-11-25', NOW(), NOW());
INSERT INTO goals (id, user_id, name, target_amount, current_amount, status, deadline, created_at, updated_at) VALUES (14, 4, 'Fondo de emergencia', 76823.88, 2725.89, 'active', '2027-04-19', NOW(), NOW());
INSERT INTO subscriptions (id, user_id, name, amount, billing_cycle, next_billing_date, category_id, account_id, created_at, updated_at) VALUES (22, 4, 'ChatGPT Plus', 365.32, 'monthly', '2026-07-07', 8, 17, NOW(), NOW());
INSERT INTO subscriptions (id, user_id, name, amount, billing_cycle, next_billing_date, category_id, account_id, created_at, updated_at) VALUES (23, 4, 'iCloud', 135.49, 'monthly', '2026-07-15', 20, 17, NOW(), NOW());
INSERT INTO subscriptions (id, user_id, name, amount, billing_cycle, next_billing_date, category_id, account_id, created_at, updated_at) VALUES (24, 4, 'Amazon Prime', 381.94, 'monthly', '2026-07-23', 12, 17, NOW(), NOW());
INSERT INTO subscriptions (id, user_id, name, amount, billing_cycle, next_billing_date, category_id, account_id, created_at, updated_at) VALUES (25, 4, 'Disney+', 267.63, 'monthly', '2026-07-11', 9, 17, NOW(), NOW());
INSERT INTO subscriptions (id, user_id, name, amount, billing_cycle, next_billing_date, category_id, account_id, created_at, updated_at) VALUES (26, 4, 'Spotify', 271.58, 'monthly', '2026-07-29', 6, 15, NOW(), NOW());
INSERT INTO subscriptions (id, user_id, name, amount, billing_cycle, next_billing_date, category_id, account_id, created_at, updated_at) VALUES (27, 4, 'Microsoft 365', 132.95, 'monthly', '2026-07-27', 26, 15, NOW(), NOW());
INSERT INTO subscriptions (id, user_id, name, amount, billing_cycle, next_billing_date, category_id, account_id, created_at, updated_at) VALUES (28, 4, 'Crunchyroll', 213.10, 'monthly', '2026-07-05', 9, 15, NOW(), NOW());
INSERT INTO investments (id, user_id, account_id, symbol, quantity, average_price, currency, type, created_at, updated_at) VALUES (10, 4, 18, 'QQQ', 10.41, 141.61, 'USD', 'etf', NOW(), NOW());
INSERT INTO investment_prices (id, investment_id, price, date, created_at, updated_at) VALUES (271, 10, 138.34, '2025-07-14 06:34:37', NOW(), NOW());
INSERT INTO investment_prices (id, investment_id, price, date, created_at, updated_at) VALUES (272, 10, 134.50, '2025-07-26 06:34:37', NOW(), NOW());
INSERT INTO investment_prices (id, investment_id, price, date, created_at, updated_at) VALUES (273, 10, 135.76, '2025-08-07 06:34:37', NOW(), NOW());
INSERT INTO investment_prices (id, investment_id, price, date, created_at, updated_at) VALUES (274, 10, 143.73, '2025-08-19 06:34:37', NOW(), NOW());
INSERT INTO investment_prices (id, investment_id, price, date, created_at, updated_at) VALUES (275, 10, 148.78, '2025-08-31 06:34:37', NOW(), NOW());
INSERT INTO investment_prices (id, investment_id, price, date, created_at, updated_at) VALUES (276, 10, 151.75, '2025-09-12 06:34:37', NOW(), NOW());
INSERT INTO investment_prices (id, investment_id, price, date, created_at, updated_at) VALUES (277, 10, 151.51, '2025-09-24 06:34:37', NOW(), NOW());
INSERT INTO investment_prices (id, investment_id, price, date, created_at, updated_at) VALUES (278, 10, 151.36, '2025-10-06 06:34:37', NOW(), NOW());
INSERT INTO investment_prices (id, investment_id, price, date, created_at, updated_at) VALUES (279, 10, 150.97, '2025-10-18 06:34:37', NOW(), NOW());
INSERT INTO investment_prices (id, investment_id, price, date, created_at, updated_at) VALUES (280, 10, 148.91, '2025-10-30 06:34:37', NOW(), NOW());
INSERT INTO investment_prices (id, investment_id, price, date, created_at, updated_at) VALUES (281, 10, 147.53, '2025-11-11 06:34:37', NOW(), NOW());
INSERT INTO investment_prices (id, investment_id, price, date, created_at, updated_at) VALUES (282, 10, 151.70, '2025-11-23 06:34:37', NOW(), NOW());
INSERT INTO investment_prices (id, investment_id, price, date, created_at, updated_at) VALUES (283, 10, 157.58, '2025-12-05 06:34:37', NOW(), NOW());
INSERT INTO investment_prices (id, investment_id, price, date, created_at, updated_at) VALUES (284, 10, 159.47, '2025-12-17 06:34:37', NOW(), NOW());
INSERT INTO investment_prices (id, investment_id, price, date, created_at, updated_at) VALUES (285, 10, 167.88, '2025-12-29 06:34:37', NOW(), NOW());
INSERT INTO investment_prices (id, investment_id, price, date, created_at, updated_at) VALUES (286, 10, 170.54, '2026-01-10 06:34:37', NOW(), NOW());
INSERT INTO investment_prices (id, investment_id, price, date, created_at, updated_at) VALUES (287, 10, 178.30, '2026-01-22 06:34:37', NOW(), NOW());
INSERT INTO investment_prices (id, investment_id, price, date, created_at, updated_at) VALUES (288, 10, 184.50, '2026-02-03 06:34:37', NOW(), NOW());
INSERT INTO investment_prices (id, investment_id, price, date, created_at, updated_at) VALUES (289, 10, 194.70, '2026-02-15 06:34:37', NOW(), NOW());
INSERT INTO investment_prices (id, investment_id, price, date, created_at, updated_at) VALUES (290, 10, 196.28, '2026-02-27 06:34:37', NOW(), NOW());
INSERT INTO investment_prices (id, investment_id, price, date, created_at, updated_at) VALUES (291, 10, 197.05, '2026-03-11 06:34:37', NOW(), NOW());
INSERT INTO investment_prices (id, investment_id, price, date, created_at, updated_at) VALUES (292, 10, 198.10, '2026-03-23 06:34:37', NOW(), NOW());
INSERT INTO investment_prices (id, investment_id, price, date, created_at, updated_at) VALUES (293, 10, 197.01, '2026-04-04 06:34:37', NOW(), NOW());
INSERT INTO investment_prices (id, investment_id, price, date, created_at, updated_at) VALUES (294, 10, 206.07, '2026-04-16 06:34:37', NOW(), NOW());
INSERT INTO investment_prices (id, investment_id, price, date, created_at, updated_at) VALUES (295, 10, 211.89, '2026-04-28 06:34:37', NOW(), NOW());
INSERT INTO investment_prices (id, investment_id, price, date, created_at, updated_at) VALUES (296, 10, 211.60, '2026-05-10 06:34:37', NOW(), NOW());
INSERT INTO investment_prices (id, investment_id, price, date, created_at, updated_at) VALUES (297, 10, 205.36, '2026-05-22 06:34:37', NOW(), NOW());
INSERT INTO investment_prices (id, investment_id, price, date, created_at, updated_at) VALUES (298, 10, 215.96, '2026-06-03 06:34:37', NOW(), NOW());
INSERT INTO investment_prices (id, investment_id, price, date, created_at, updated_at) VALUES (299, 10, 217.12, '2026-06-15 06:34:37', NOW(), NOW());
INSERT INTO investment_prices (id, investment_id, price, date, created_at, updated_at) VALUES (300, 10, 223.52, '2026-06-27 06:34:37', NOW(), NOW());
INSERT INTO investments (id, user_id, account_id, symbol, quantity, average_price, currency, type, created_at, updated_at) VALUES (11, 4, 15, 'GOOGL', 46.02, 106.32, 'USD', 'stock', NOW(), NOW());
INSERT INTO investment_prices (id, investment_id, price, date, created_at, updated_at) VALUES (301, 11, 107.82, '2025-07-14 06:34:37', NOW(), NOW());
INSERT INTO investment_prices (id, investment_id, price, date, created_at, updated_at) VALUES (302, 11, 113.07, '2025-07-26 06:34:37', NOW(), NOW());
INSERT INTO investment_prices (id, investment_id, price, date, created_at, updated_at) VALUES (303, 11, 116.86, '2025-08-07 06:34:37', NOW(), NOW());
INSERT INTO investment_prices (id, investment_id, price, date, created_at, updated_at) VALUES (304, 11, 114.67, '2025-08-19 06:34:37', NOW(), NOW());
INSERT INTO investment_prices (id, investment_id, price, date, created_at, updated_at) VALUES (305, 11, 117.79, '2025-08-31 06:34:37', NOW(), NOW());
INSERT INTO investment_prices (id, investment_id, price, date, created_at, updated_at) VALUES (306, 11, 113.25, '2025-09-12 06:34:37', NOW(), NOW());
INSERT INTO investment_prices (id, investment_id, price, date, created_at, updated_at) VALUES (307, 11, 117.14, '2025-09-24 06:34:37', NOW(), NOW());
INSERT INTO investment_prices (id, investment_id, price, date, created_at, updated_at) VALUES (308, 11, 121.70, '2025-10-06 06:34:37', NOW(), NOW());
INSERT INTO investment_prices (id, investment_id, price, date, created_at, updated_at) VALUES (309, 11, 128.27, '2025-10-18 06:34:37', NOW(), NOW());
INSERT INTO investment_prices (id, investment_id, price, date, created_at, updated_at) VALUES (310, 11, 124.93, '2025-10-30 06:34:37', NOW(), NOW());
INSERT INTO investment_prices (id, investment_id, price, date, created_at, updated_at) VALUES (311, 11, 128.50, '2025-11-11 06:34:37', NOW(), NOW());
INSERT INTO investment_prices (id, investment_id, price, date, created_at, updated_at) VALUES (312, 11, 128.43, '2025-11-23 06:34:37', NOW(), NOW());
INSERT INTO investment_prices (id, investment_id, price, date, created_at, updated_at) VALUES (313, 11, 135.46, '2025-12-05 06:34:37', NOW(), NOW());
INSERT INTO investment_prices (id, investment_id, price, date, created_at, updated_at) VALUES (314, 11, 141.23, '2025-12-17 06:34:37', NOW(), NOW());
INSERT INTO investment_prices (id, investment_id, price, date, created_at, updated_at) VALUES (315, 11, 142.93, '2025-12-29 06:34:37', NOW(), NOW());
INSERT INTO investment_prices (id, investment_id, price, date, created_at, updated_at) VALUES (316, 11, 139.65, '2026-01-10 06:34:37', NOW(), NOW());
INSERT INTO investment_prices (id, investment_id, price, date, created_at, updated_at) VALUES (317, 11, 141.52, '2026-01-22 06:34:37', NOW(), NOW());
INSERT INTO investment_prices (id, investment_id, price, date, created_at, updated_at) VALUES (318, 11, 149.69, '2026-02-03 06:34:37', NOW(), NOW());
INSERT INTO investment_prices (id, investment_id, price, date, created_at, updated_at) VALUES (319, 11, 153.78, '2026-02-15 06:34:37', NOW(), NOW());
INSERT INTO investment_prices (id, investment_id, price, date, created_at, updated_at) VALUES (320, 11, 160.61, '2026-02-27 06:34:37', NOW(), NOW());
INSERT INTO investment_prices (id, investment_id, price, date, created_at, updated_at) VALUES (321, 11, 154.84, '2026-03-11 06:34:37', NOW(), NOW());
INSERT INTO investment_prices (id, investment_id, price, date, created_at, updated_at) VALUES (322, 11, 152.70, '2026-03-23 06:34:37', NOW(), NOW());
INSERT INTO investment_prices (id, investment_id, price, date, created_at, updated_at) VALUES (323, 11, 154.26, '2026-04-04 06:34:37', NOW(), NOW());
INSERT INTO investment_prices (id, investment_id, price, date, created_at, updated_at) VALUES (324, 11, 150.53, '2026-04-16 06:34:37', NOW(), NOW());
INSERT INTO investment_prices (id, investment_id, price, date, created_at, updated_at) VALUES (325, 11, 152.48, '2026-04-28 06:34:37', NOW(), NOW());
INSERT INTO investment_prices (id, investment_id, price, date, created_at, updated_at) VALUES (326, 11, 153.06, '2026-05-10 06:34:37', NOW(), NOW());
INSERT INTO investment_prices (id, investment_id, price, date, created_at, updated_at) VALUES (327, 11, 152.24, '2026-05-22 06:34:37', NOW(), NOW());
INSERT INTO investment_prices (id, investment_id, price, date, created_at, updated_at) VALUES (328, 11, 161.09, '2026-06-03 06:34:37', NOW(), NOW());
INSERT INTO investment_prices (id, investment_id, price, date, created_at, updated_at) VALUES (329, 11, 161.47, '2026-06-15 06:34:37', NOW(), NOW());
INSERT INTO investment_prices (id, investment_id, price, date, created_at, updated_at) VALUES (330, 11, 166.25, '2026-06-27 06:34:37', NOW(), NOW());
INSERT INTO investments (id, user_id, account_id, symbol, quantity, average_price, currency, type, created_at, updated_at) VALUES (12, 4, 16, 'XRP', 35.36, 81.91, 'USD', 'crypto', NOW(), NOW());
INSERT INTO investment_prices (id, investment_id, price, date, created_at, updated_at) VALUES (331, 12, 80.75, '2025-07-14 06:34:37', NOW(), NOW());
INSERT INTO investment_prices (id, investment_id, price, date, created_at, updated_at) VALUES (332, 12, 84.46, '2025-07-26 06:34:37', NOW(), NOW());
INSERT INTO investment_prices (id, investment_id, price, date, created_at, updated_at) VALUES (333, 12, 87.71, '2025-08-07 06:34:37', NOW(), NOW());
INSERT INTO investment_prices (id, investment_id, price, date, created_at, updated_at) VALUES (334, 12, 85.04, '2025-08-19 06:34:37', NOW(), NOW());
INSERT INTO investment_prices (id, investment_id, price, date, created_at, updated_at) VALUES (335, 12, 83.67, '2025-08-31 06:34:37', NOW(), NOW());
INSERT INTO investment_prices (id, investment_id, price, date, created_at, updated_at) VALUES (336, 12, 85.11, '2025-09-12 06:34:37', NOW(), NOW());
INSERT INTO investment_prices (id, investment_id, price, date, created_at, updated_at) VALUES (337, 12, 87.61, '2025-09-24 06:34:37', NOW(), NOW());
INSERT INTO investment_prices (id, investment_id, price, date, created_at, updated_at) VALUES (338, 12, 91.47, '2025-10-06 06:34:37', NOW(), NOW());
INSERT INTO investment_prices (id, investment_id, price, date, created_at, updated_at) VALUES (339, 12, 90.29, '2025-10-18 06:34:37', NOW(), NOW());
INSERT INTO investment_prices (id, investment_id, price, date, created_at, updated_at) VALUES (340, 12, 91.65, '2025-10-30 06:34:37', NOW(), NOW());
INSERT INTO investment_prices (id, investment_id, price, date, created_at, updated_at) VALUES (341, 12, 87.99, '2025-11-11 06:34:37', NOW(), NOW());
INSERT INTO investment_prices (id, investment_id, price, date, created_at, updated_at) VALUES (342, 12, 85.73, '2025-11-23 06:34:37', NOW(), NOW());
INSERT INTO investment_prices (id, investment_id, price, date, created_at, updated_at) VALUES (343, 12, 87.34, '2025-12-05 06:34:37', NOW(), NOW());
INSERT INTO investment_prices (id, investment_id, price, date, created_at, updated_at) VALUES (344, 12, 88.08, '2025-12-17 06:34:37', NOW(), NOW());
INSERT INTO investment_prices (id, investment_id, price, date, created_at, updated_at) VALUES (345, 12, 87.25, '2025-12-29 06:34:37', NOW(), NOW());
INSERT INTO investment_prices (id, investment_id, price, date, created_at, updated_at) VALUES (346, 12, 91.04, '2026-01-10 06:34:37', NOW(), NOW());
INSERT INTO investment_prices (id, investment_id, price, date, created_at, updated_at) VALUES (347, 12, 95.70, '2026-01-22 06:34:37', NOW(), NOW());
INSERT INTO investment_prices (id, investment_id, price, date, created_at, updated_at) VALUES (348, 12, 92.37, '2026-02-03 06:34:37', NOW(), NOW());
INSERT INTO investment_prices (id, investment_id, price, date, created_at, updated_at) VALUES (349, 12, 94.59, '2026-02-15 06:34:37', NOW(), NOW());
INSERT INTO investment_prices (id, investment_id, price, date, created_at, updated_at) VALUES (350, 12, 97.01, '2026-02-27 06:34:37', NOW(), NOW());
INSERT INTO investment_prices (id, investment_id, price, date, created_at, updated_at) VALUES (351, 12, 97.93, '2026-03-11 06:34:37', NOW(), NOW());
INSERT INTO investment_prices (id, investment_id, price, date, created_at, updated_at) VALUES (352, 12, 103.07, '2026-03-23 06:34:37', NOW(), NOW());
INSERT INTO investment_prices (id, investment_id, price, date, created_at, updated_at) VALUES (353, 12, 105.75, '2026-04-04 06:34:37', NOW(), NOW());
INSERT INTO investment_prices (id, investment_id, price, date, created_at, updated_at) VALUES (354, 12, 110.58, '2026-04-16 06:34:37', NOW(), NOW());
INSERT INTO investment_prices (id, investment_id, price, date, created_at, updated_at) VALUES (355, 12, 115.26, '2026-04-28 06:34:37', NOW(), NOW());
INSERT INTO investment_prices (id, investment_id, price, date, created_at, updated_at) VALUES (356, 12, 118.96, '2026-05-10 06:34:37', NOW(), NOW());
INSERT INTO investment_prices (id, investment_id, price, date, created_at, updated_at) VALUES (357, 12, 120.96, '2026-05-22 06:34:37', NOW(), NOW());
INSERT INTO investment_prices (id, investment_id, price, date, created_at, updated_at) VALUES (358, 12, 125.47, '2026-06-03 06:34:37', NOW(), NOW());
INSERT INTO investment_prices (id, investment_id, price, date, created_at, updated_at) VALUES (359, 12, 120.69, '2026-06-15 06:34:37', NOW(), NOW());
INSERT INTO investment_prices (id, investment_id, price, date, created_at, updated_at) VALUES (360, 12, 116.03, '2026-06-27 06:34:37', NOW(), NOW());
INSERT INTO reminders (id, user_id, title, description, due_date, status, created_at, updated_at) VALUES (22, 4, 'Pagar universidad', 'Recordatorio generado automáticamente', '2026-07-22 09:23:25', 'pending', NOW(), NOW());
INSERT INTO reminders (id, user_id, title, description, due_date, status, created_at, updated_at) VALUES (23, 4, 'Pagar universidad', 'Recordatorio generado automáticamente', '2026-08-28 15:44:48', 'completed', NOW(), NOW());
INSERT INTO reminders (id, user_id, title, description, due_date, status, created_at, updated_at) VALUES (24, 4, 'Pagar tarjeta', 'Recordatorio generado automáticamente', '2026-08-21 22:11:56', 'pending', NOW(), NOW());
INSERT INTO reminders (id, user_id, title, description, due_date, status, created_at, updated_at) VALUES (25, 4, 'Pagar universidad', 'Recordatorio generado automáticamente', '2026-07-15 03:46:05', 'completed', NOW(), NOW());
INSERT INTO reminders (id, user_id, title, description, due_date, status, created_at, updated_at) VALUES (26, 4, 'Pagar universidad', 'Recordatorio generado automáticamente', '2026-08-14 04:14:10', 'completed', NOW(), NOW());
INSERT INTO receipts (id, user_id, transaction_id, merchant, total_amount, date, image_url, created_at, updated_at) VALUES (59, 4, 221, 'Spotify', 2619.74, '2026-06-08 01:57:09', 'https://example.com/receipt_221.jpg', NOW(), NOW());
INSERT INTO receipts (id, user_id, transaction_id, merchant, total_amount, date, image_url, created_at, updated_at) VALUES (60, 4, 203, 'SAT Reembolso', 2100.43, '2025-07-12 07:57:17', 'https://example.com/receipt_203.jpg', NOW(), NOW());
INSERT INTO receipts (id, user_id, transaction_id, merchant, total_amount, date, image_url, created_at, updated_at) VALUES (61, 4, 185, 'Apple', 4849.62, '2026-06-03 23:29:43', 'https://example.com/receipt_185.jpg', NOW(), NOW());
INSERT INTO receipts (id, user_id, transaction_id, merchant, total_amount, date, image_url, created_at, updated_at) VALUES (62, 4, 211, 'Upwork', 3608.32, '2025-11-06 01:15:44', 'https://example.com/receipt_211.jpg', NOW(), NOW());
INSERT INTO receipts (id, user_id, transaction_id, merchant, total_amount, date, image_url, created_at, updated_at) VALUES (63, 4, 192, 'Fiverr', 623.39, '2025-07-22 13:56:41', 'https://example.com/receipt_192.jpg', NOW(), NOW());
INSERT INTO receipts (id, user_id, transaction_id, merchant, total_amount, date, image_url, created_at, updated_at) VALUES (64, 4, 176, 'Telcel', 364.76, '2026-01-15 18:49:08', 'https://example.com/receipt_176.jpg', NOW(), NOW());
INSERT INTO receipts (id, user_id, transaction_id, merchant, total_amount, date, image_url, created_at, updated_at) VALUES (65, 4, 218, 'CFE', 3038.06, '2025-07-07 23:08:24', 'https://example.com/receipt_218.jpg', NOW(), NOW());
INSERT INTO receipts (id, user_id, transaction_id, merchant, total_amount, date, image_url, created_at, updated_at) VALUES (66, 4, 220, 'Izzi', 4941.91, '2025-09-02 14:33:27', 'https://example.com/receipt_220.jpg', NOW(), NOW());
INSERT INTO receipts (id, user_id, transaction_id, merchant, total_amount, date, image_url, created_at, updated_at) VALUES (67, 4, 202, 'Dividendos GBM', 2738.50, '2025-08-15 08:47:30', 'https://example.com/receipt_202.jpg', NOW(), NOW());
INSERT INTO receipts (id, user_id, transaction_id, merchant, total_amount, date, image_url, created_at, updated_at) VALUES (68, 4, 181, 'Dividendos GBM', 249.62, '2026-05-01 12:28:52', 'https://example.com/receipt_181.jpg', NOW(), NOW());
INSERT INTO receipts (id, user_id, transaction_id, merchant, total_amount, date, image_url, created_at, updated_at) VALUES (69, 4, 208, 'Gasolinera Pemex', 1152.52, '2025-07-26 14:26:15', 'https://example.com/receipt_208.jpg', NOW(), NOW());
INSERT INTO receipts (id, user_id, transaction_id, merchant, total_amount, date, image_url, created_at, updated_at) VALUES (70, 4, 199, 'Cinépolis', 2477.09, '2026-03-08 16:25:14', 'https://example.com/receipt_199.jpg', NOW(), NOW());
INSERT INTO receipts (id, user_id, transaction_id, merchant, total_amount, date, image_url, created_at, updated_at) VALUES (71, 4, 206, 'Binance', 477.55, '2025-07-04 14:47:09', 'https://example.com/receipt_206.jpg', NOW(), NOW());
INSERT INTO receipts (id, user_id, transaction_id, merchant, total_amount, date, image_url, created_at, updated_at) VALUES (72, 4, 192, 'Fiverr', 623.39, '2025-07-22 13:56:41', 'https://example.com/receipt_192.jpg', NOW(), NOW());
INSERT INTO receipts (id, user_id, transaction_id, merchant, total_amount, date, image_url, created_at, updated_at) VALUES (73, 4, 188, 'Netflix', 1238.28, '2025-07-15 01:43:35', 'https://example.com/receipt_188.jpg', NOW(), NOW());
INSERT INTO receipts (id, user_id, transaction_id, merchant, total_amount, date, image_url, created_at, updated_at) VALUES (74, 4, 191, 'Domino''s', 3476.20, '2026-03-14 17:00:27', 'https://example.com/receipt_191.jpg', NOW(), NOW());
INSERT INTO receipts (id, user_id, transaction_id, merchant, total_amount, date, image_url, created_at, updated_at) VALUES (75, 4, 193, 'Mercado Libre', 358.78, '2026-05-11 05:57:58', 'https://example.com/receipt_193.jpg', NOW(), NOW());
INSERT INTO receipts (id, user_id, transaction_id, merchant, total_amount, date, image_url, created_at, updated_at) VALUES (76, 4, 195, 'OXXO', 3898.62, '2025-08-12 11:19:55', 'https://example.com/receipt_195.jpg', NOW(), NOW());
INSERT INTO receipts (id, user_id, transaction_id, merchant, total_amount, date, image_url, created_at, updated_at) VALUES (77, 4, 202, 'Dividendos GBM', 2738.50, '2025-08-15 08:47:30', 'https://example.com/receipt_202.jpg', NOW(), NOW());
INSERT INTO receipts (id, user_id, transaction_id, merchant, total_amount, date, image_url, created_at, updated_at) VALUES (78, 4, 187, 'Mercado Libre', 1080.77, '2026-06-14 03:09:42', 'https://example.com/receipt_187.jpg', NOW(), NOW());
INSERT INTO receipts (id, user_id, transaction_id, merchant, total_amount, date, image_url, created_at, updated_at) VALUES (79, 4, 209, 'Spotify', 877.23, '2025-10-06 03:31:38', 'https://example.com/receipt_209.jpg', NOW(), NOW());
INSERT INTO receipts (id, user_id, transaction_id, merchant, total_amount, date, image_url, created_at, updated_at) VALUES (80, 4, 220, 'Izzi', 4941.91, '2025-09-02 14:33:27', 'https://example.com/receipt_220.jpg', NOW(), NOW());
INSERT INTO receipts (id, user_id, transaction_id, merchant, total_amount, date, image_url, created_at, updated_at) VALUES (81, 4, 196, 'Walmart', 4094.62, '2026-03-12 23:33:28', 'https://example.com/receipt_196.jpg', NOW(), NOW());
INSERT INTO financial_snapshots (id, user_id, date, net_worth, total_assets, total_liabilities, created_at, updated_at) VALUES (157, 4, '2025-07-02', 27358.12, 32829.74, 5471.62, NOW(), NOW());
INSERT INTO financial_snapshots (id, user_id, date, net_worth, total_assets, total_liabilities, created_at, updated_at) VALUES (158, 4, '2025-07-09', 27979.83, 33575.80, 5595.97, NOW(), NOW());
INSERT INTO financial_snapshots (id, user_id, date, net_worth, total_assets, total_liabilities, created_at, updated_at) VALUES (159, 4, '2025-07-16', 28744.06, 34492.87, 5748.81, NOW(), NOW());
INSERT INTO financial_snapshots (id, user_id, date, net_worth, total_assets, total_liabilities, created_at, updated_at) VALUES (160, 4, '2025-07-23', 29158.28, 34989.94, 5831.66, NOW(), NOW());
INSERT INTO financial_snapshots (id, user_id, date, net_worth, total_assets, total_liabilities, created_at, updated_at) VALUES (161, 4, '2025-07-30', 28871.98, 34646.38, 5774.40, NOW(), NOW());
INSERT INTO financial_snapshots (id, user_id, date, net_worth, total_assets, total_liabilities, created_at, updated_at) VALUES (162, 4, '2025-08-06', 29155.54, 34986.65, 5831.11, NOW(), NOW());
INSERT INTO financial_snapshots (id, user_id, date, net_worth, total_assets, total_liabilities, created_at, updated_at) VALUES (163, 4, '2025-08-13', 30346.26, 36415.51, 6069.25, NOW(), NOW());
INSERT INTO financial_snapshots (id, user_id, date, net_worth, total_assets, total_liabilities, created_at, updated_at) VALUES (164, 4, '2025-08-20', 30445.65, 36534.78, 6089.13, NOW(), NOW());
INSERT INTO financial_snapshots (id, user_id, date, net_worth, total_assets, total_liabilities, created_at, updated_at) VALUES (165, 4, '2025-08-27', 30554.01, 36664.81, 6110.80, NOW(), NOW());
INSERT INTO financial_snapshots (id, user_id, date, net_worth, total_assets, total_liabilities, created_at, updated_at) VALUES (166, 4, '2025-09-03', 31717.66, 38061.19, 6343.53, NOW(), NOW());
INSERT INTO financial_snapshots (id, user_id, date, net_worth, total_assets, total_liabilities, created_at, updated_at) VALUES (167, 4, '2025-09-10', 32274.03, 38728.84, 6454.81, NOW(), NOW());
INSERT INTO financial_snapshots (id, user_id, date, net_worth, total_assets, total_liabilities, created_at, updated_at) VALUES (168, 4, '2025-09-17', 33704.63, 40445.56, 6740.93, NOW(), NOW());
INSERT INTO financial_snapshots (id, user_id, date, net_worth, total_assets, total_liabilities, created_at, updated_at) VALUES (169, 4, '2025-09-24', 33463.74, 40156.49, 6692.75, NOW(), NOW());
INSERT INTO financial_snapshots (id, user_id, date, net_worth, total_assets, total_liabilities, created_at, updated_at) VALUES (170, 4, '2025-10-01', 33601.35, 40321.62, 6720.27, NOW(), NOW());
INSERT INTO financial_snapshots (id, user_id, date, net_worth, total_assets, total_liabilities, created_at, updated_at) VALUES (171, 4, '2025-10-08', 34643.01, 41571.61, 6928.60, NOW(), NOW());
INSERT INTO financial_snapshots (id, user_id, date, net_worth, total_assets, total_liabilities, created_at, updated_at) VALUES (172, 4, '2025-10-15', 34592.32, 41510.78, 6918.46, NOW(), NOW());
INSERT INTO financial_snapshots (id, user_id, date, net_worth, total_assets, total_liabilities, created_at, updated_at) VALUES (173, 4, '2025-10-22', 34212.20, 41054.64, 6842.44, NOW(), NOW());
INSERT INTO financial_snapshots (id, user_id, date, net_worth, total_assets, total_liabilities, created_at, updated_at) VALUES (174, 4, '2025-10-29', 33814.86, 40577.83, 6762.97, NOW(), NOW());
INSERT INTO financial_snapshots (id, user_id, date, net_worth, total_assets, total_liabilities, created_at, updated_at) VALUES (175, 4, '2025-11-05', 33731.92, 40478.30, 6746.38, NOW(), NOW());
INSERT INTO financial_snapshots (id, user_id, date, net_worth, total_assets, total_liabilities, created_at, updated_at) VALUES (176, 4, '2025-11-12', 34701.80, 41642.16, 6940.36, NOW(), NOW());
INSERT INTO financial_snapshots (id, user_id, date, net_worth, total_assets, total_liabilities, created_at, updated_at) VALUES (177, 4, '2025-11-19', 35725.98, 42871.18, 7145.20, NOW(), NOW());
INSERT INTO financial_snapshots (id, user_id, date, net_worth, total_assets, total_liabilities, created_at, updated_at) VALUES (178, 4, '2025-11-26', 36367.08, 43640.50, 7273.42, NOW(), NOW());
INSERT INTO financial_snapshots (id, user_id, date, net_worth, total_assets, total_liabilities, created_at, updated_at) VALUES (179, 4, '2025-12-03', 36123.69, 43348.43, 7224.74, NOW(), NOW());
INSERT INTO financial_snapshots (id, user_id, date, net_worth, total_assets, total_liabilities, created_at, updated_at) VALUES (180, 4, '2025-12-10', 35675.02, 42810.02, 7135.00, NOW(), NOW());
INSERT INTO financial_snapshots (id, user_id, date, net_worth, total_assets, total_liabilities, created_at, updated_at) VALUES (181, 4, '2025-12-17', 35560.58, 42672.70, 7112.12, NOW(), NOW());
INSERT INTO financial_snapshots (id, user_id, date, net_worth, total_assets, total_liabilities, created_at, updated_at) VALUES (182, 4, '2025-12-24', 35093.75, 42112.50, 7018.75, NOW(), NOW());
INSERT INTO financial_snapshots (id, user_id, date, net_worth, total_assets, total_liabilities, created_at, updated_at) VALUES (183, 4, '2025-12-31', 34872.27, 41846.72, 6974.45, NOW(), NOW());
INSERT INTO financial_snapshots (id, user_id, date, net_worth, total_assets, total_liabilities, created_at, updated_at) VALUES (184, 4, '2026-01-07', 36035.60, 43242.72, 7207.12, NOW(), NOW());
INSERT INTO financial_snapshots (id, user_id, date, net_worth, total_assets, total_liabilities, created_at, updated_at) VALUES (185, 4, '2026-01-14', 35658.31, 42789.97, 7131.66, NOW(), NOW());
INSERT INTO financial_snapshots (id, user_id, date, net_worth, total_assets, total_liabilities, created_at, updated_at) VALUES (186, 4, '2026-01-21', 35814.47, 42977.36, 7162.89, NOW(), NOW());
INSERT INTO financial_snapshots (id, user_id, date, net_worth, total_assets, total_liabilities, created_at, updated_at) VALUES (187, 4, '2026-01-28', 36909.14, 44290.97, 7381.83, NOW(), NOW());
INSERT INTO financial_snapshots (id, user_id, date, net_worth, total_assets, total_liabilities, created_at, updated_at) VALUES (188, 4, '2026-02-04', 37297.40, 44756.88, 7459.48, NOW(), NOW());
INSERT INTO financial_snapshots (id, user_id, date, net_worth, total_assets, total_liabilities, created_at, updated_at) VALUES (189, 4, '2026-02-11', 37627.95, 45153.54, 7525.59, NOW(), NOW());
INSERT INTO financial_snapshots (id, user_id, date, net_worth, total_assets, total_liabilities, created_at, updated_at) VALUES (190, 4, '2026-02-18', 37531.33, 45037.60, 7506.27, NOW(), NOW());
INSERT INTO financial_snapshots (id, user_id, date, net_worth, total_assets, total_liabilities, created_at, updated_at) VALUES (191, 4, '2026-02-25', 38616.77, 46340.12, 7723.35, NOW(), NOW());
INSERT INTO financial_snapshots (id, user_id, date, net_worth, total_assets, total_liabilities, created_at, updated_at) VALUES (192, 4, '2026-03-04', 39456.53, 47347.84, 7891.31, NOW(), NOW());
INSERT INTO financial_snapshots (id, user_id, date, net_worth, total_assets, total_liabilities, created_at, updated_at) VALUES (193, 4, '2026-03-11', 39088.45, 46906.14, 7817.69, NOW(), NOW());
INSERT INTO financial_snapshots (id, user_id, date, net_worth, total_assets, total_liabilities, created_at, updated_at) VALUES (194, 4, '2026-03-18', 38836.81, 46604.17, 7767.36, NOW(), NOW());
INSERT INTO financial_snapshots (id, user_id, date, net_worth, total_assets, total_liabilities, created_at, updated_at) VALUES (195, 4, '2026-03-25', 38542.21, 46250.65, 7708.44, NOW(), NOW());
INSERT INTO financial_snapshots (id, user_id, date, net_worth, total_assets, total_liabilities, created_at, updated_at) VALUES (196, 4, '2026-04-01', 39086.63, 46903.96, 7817.33, NOW(), NOW());
INSERT INTO financial_snapshots (id, user_id, date, net_worth, total_assets, total_liabilities, created_at, updated_at) VALUES (197, 4, '2026-04-08', 39961.33, 47953.60, 7992.27, NOW(), NOW());
INSERT INTO financial_snapshots (id, user_id, date, net_worth, total_assets, total_liabilities, created_at, updated_at) VALUES (198, 4, '2026-04-15', 41335.90, 49603.08, 8267.18, NOW(), NOW());
INSERT INTO financial_snapshots (id, user_id, date, net_worth, total_assets, total_liabilities, created_at, updated_at) VALUES (199, 4, '2026-04-22', 41562.00, 49874.40, 8312.40, NOW(), NOW());
INSERT INTO financial_snapshots (id, user_id, date, net_worth, total_assets, total_liabilities, created_at, updated_at) VALUES (200, 4, '2026-04-29', 41780.43, 50136.52, 8356.09, NOW(), NOW());
INSERT INTO financial_snapshots (id, user_id, date, net_worth, total_assets, total_liabilities, created_at, updated_at) VALUES (201, 4, '2026-05-06', 41301.22, 49561.46, 8260.24, NOW(), NOW());
INSERT INTO financial_snapshots (id, user_id, date, net_worth, total_assets, total_liabilities, created_at, updated_at) VALUES (202, 4, '2026-05-13', 41903.50, 50284.20, 8380.70, NOW(), NOW());
INSERT INTO financial_snapshots (id, user_id, date, net_worth, total_assets, total_liabilities, created_at, updated_at) VALUES (203, 4, '2026-05-20', 43104.92, 51725.90, 8620.98, NOW(), NOW());
INSERT INTO financial_snapshots (id, user_id, date, net_worth, total_assets, total_liabilities, created_at, updated_at) VALUES (204, 4, '2026-05-27', 43232.73, 51879.28, 8646.55, NOW(), NOW());
INSERT INTO financial_snapshots (id, user_id, date, net_worth, total_assets, total_liabilities, created_at, updated_at) VALUES (205, 4, '2026-06-03', 43215.90, 51859.08, 8643.18, NOW(), NOW());
INSERT INTO financial_snapshots (id, user_id, date, net_worth, total_assets, total_liabilities, created_at, updated_at) VALUES (206, 4, '2026-06-10', 44428.81, 53314.57, 8885.76, NOW(), NOW());
INSERT INTO financial_snapshots (id, user_id, date, net_worth, total_assets, total_liabilities, created_at, updated_at) VALUES (207, 4, '2026-06-17', 44738.92, 53686.70, 8947.78, NOW(), NOW());
INSERT INTO financial_snapshots (id, user_id, date, net_worth, total_assets, total_liabilities, created_at, updated_at) VALUES (208, 4, '2026-06-24', 45918.97, 55102.76, 9183.79, NOW(), NOW());
INSERT INTO conversations (id, user_id, title, created_at, updated_at) VALUES (13, 4, '¿Cuánto puedo invertir este mes?', NOW(), NOW());
INSERT INTO messages (id, conversation_id, sender, content, created_at, updated_at) VALUES (183, 13, 'user', 'Pregunta sobre ¿Cuánto puedo invertir este mes?', '2026-06-28 06:37:37', NOW());
INSERT INTO messages (id, conversation_id, sender, content, created_at, updated_at) VALUES (184, 13, 'assistant', 'Respuesta del asistente a ¿Cuánto puedo invertir este mes? con análisis detallado.', '2026-06-28 06:46:37', NOW());
INSERT INTO messages (id, conversation_id, sender, content, created_at, updated_at) VALUES (185, 13, 'user', 'Pregunta sobre ¿Cuánto puedo invertir este mes?', '2026-06-28 06:50:37', NOW());
INSERT INTO messages (id, conversation_id, sender, content, created_at, updated_at) VALUES (186, 13, 'assistant', 'Respuesta del asistente a ¿Cuánto puedo invertir este mes? con análisis detallado.', '2026-06-28 07:00:37', NOW());
INSERT INTO messages (id, conversation_id, sender, content, created_at, updated_at) VALUES (187, 13, 'user', 'Pregunta sobre ¿Cuánto puedo invertir este mes?', '2026-06-28 07:05:37', NOW());
INSERT INTO messages (id, conversation_id, sender, content, created_at, updated_at) VALUES (188, 13, 'assistant', 'Respuesta del asistente a ¿Cuánto puedo invertir este mes? con análisis detallado.', '2026-06-28 07:10:37', NOW());
INSERT INTO messages (id, conversation_id, sender, content, created_at, updated_at) VALUES (189, 13, 'user', 'Pregunta sobre ¿Cuánto puedo invertir este mes?', '2026-06-28 07:19:37', NOW());
INSERT INTO messages (id, conversation_id, sender, content, created_at, updated_at) VALUES (190, 13, 'assistant', 'Respuesta del asistente a ¿Cuánto puedo invertir este mes? con análisis detallado.', '2026-06-28 07:28:37', NOW());
INSERT INTO messages (id, conversation_id, sender, content, created_at, updated_at) VALUES (191, 13, 'user', 'Pregunta sobre ¿Cuánto puedo invertir este mes?', '2026-06-28 07:37:37', NOW());
INSERT INTO messages (id, conversation_id, sender, content, created_at, updated_at) VALUES (192, 13, 'assistant', 'Respuesta del asistente a ¿Cuánto puedo invertir este mes? con análisis detallado.', '2026-06-28 07:39:37', NOW());
INSERT INTO messages (id, conversation_id, sender, content, created_at, updated_at) VALUES (193, 13, 'user', 'Pregunta sobre ¿Cuánto puedo invertir este mes?', '2026-06-28 07:40:37', NOW());
INSERT INTO messages (id, conversation_id, sender, content, created_at, updated_at) VALUES (194, 13, 'assistant', 'Respuesta del asistente a ¿Cuánto puedo invertir este mes? con análisis detallado.', '2026-06-28 07:43:37', NOW());
INSERT INTO conversations (id, user_id, title, created_at, updated_at) VALUES (14, 4, '¿En qué gasto más?', NOW(), NOW());
INSERT INTO messages (id, conversation_id, sender, content, created_at, updated_at) VALUES (195, 14, 'user', 'Pregunta sobre ¿En qué gasto más?', '2026-06-28 06:43:37', NOW());
INSERT INTO messages (id, conversation_id, sender, content, created_at, updated_at) VALUES (196, 14, 'assistant', 'Respuesta del asistente a ¿En qué gasto más? con análisis detallado.', '2026-06-28 06:47:37', NOW());
INSERT INTO messages (id, conversation_id, sender, content, created_at, updated_at) VALUES (197, 14, 'user', 'Pregunta sobre ¿En qué gasto más?', '2026-06-28 06:52:37', NOW());
INSERT INTO messages (id, conversation_id, sender, content, created_at, updated_at) VALUES (198, 14, 'assistant', 'Respuesta del asistente a ¿En qué gasto más? con análisis detallado.', '2026-06-28 06:54:37', NOW());
INSERT INTO messages (id, conversation_id, sender, content, created_at, updated_at) VALUES (199, 14, 'user', 'Pregunta sobre ¿En qué gasto más?', '2026-06-28 06:55:37', NOW());
INSERT INTO messages (id, conversation_id, sender, content, created_at, updated_at) VALUES (200, 14, 'assistant', 'Respuesta del asistente a ¿En qué gasto más? con análisis detallado.', '2026-06-28 07:05:37', NOW());
INSERT INTO messages (id, conversation_id, sender, content, created_at, updated_at) VALUES (201, 14, 'user', 'Pregunta sobre ¿En qué gasto más?', '2026-06-28 07:15:37', NOW());
INSERT INTO messages (id, conversation_id, sender, content, created_at, updated_at) VALUES (202, 14, 'assistant', 'Respuesta del asistente a ¿En qué gasto más? con análisis detallado.', '2026-06-28 07:21:37', NOW());
INSERT INTO messages (id, conversation_id, sender, content, created_at, updated_at) VALUES (203, 14, 'user', 'Pregunta sobre ¿En qué gasto más?', '2026-06-28 07:22:37', NOW());
INSERT INTO messages (id, conversation_id, sender, content, created_at, updated_at) VALUES (204, 14, 'assistant', 'Respuesta del asistente a ¿En qué gasto más? con análisis detallado.', '2026-06-28 07:24:37', NOW());
INSERT INTO messages (id, conversation_id, sender, content, created_at, updated_at) VALUES (205, 14, 'user', 'Pregunta sobre ¿En qué gasto más?', '2026-06-28 07:31:37', NOW());
INSERT INTO messages (id, conversation_id, sender, content, created_at, updated_at) VALUES (206, 14, 'assistant', 'Respuesta del asistente a ¿En qué gasto más? con análisis detallado.', '2026-06-28 07:36:37', NOW());
INSERT INTO messages (id, conversation_id, sender, content, created_at, updated_at) VALUES (207, 14, 'user', 'Pregunta sobre ¿En qué gasto más?', '2026-06-28 07:38:37', NOW());
INSERT INTO messages (id, conversation_id, sender, content, created_at, updated_at) VALUES (208, 14, 'assistant', 'Respuesta del asistente a ¿En qué gasto más? con análisis detallado.', '2026-06-28 07:45:37', NOW());
INSERT INTO messages (id, conversation_id, sender, content, created_at, updated_at) VALUES (209, 14, 'user', 'Pregunta sobre ¿En qué gasto más?', '2026-06-28 07:51:37', NOW());
INSERT INTO messages (id, conversation_id, sender, content, created_at, updated_at) VALUES (210, 14, 'assistant', 'Respuesta del asistente a ¿En qué gasto más? con análisis detallado.', '2026-06-28 07:53:37', NOW());
INSERT INTO messages (id, conversation_id, sender, content, created_at, updated_at) VALUES (211, 14, 'user', 'Pregunta sobre ¿En qué gasto más?', '2026-06-28 07:58:37', NOW());
INSERT INTO messages (id, conversation_id, sender, content, created_at, updated_at) VALUES (212, 14, 'assistant', 'Respuesta del asistente a ¿En qué gasto más? con análisis detallado.', '2026-06-28 08:04:37', NOW());
INSERT INTO conversations (id, user_id, title, created_at, updated_at) VALUES (15, 4, '¿En qué gasto más?', NOW(), NOW());
INSERT INTO messages (id, conversation_id, sender, content, created_at, updated_at) VALUES (213, 15, 'user', 'Pregunta sobre ¿En qué gasto más?', '2026-06-28 06:39:37', NOW());
INSERT INTO messages (id, conversation_id, sender, content, created_at, updated_at) VALUES (214, 15, 'assistant', 'Respuesta del asistente a ¿En qué gasto más? con análisis detallado.', '2026-06-28 06:40:37', NOW());
INSERT INTO messages (id, conversation_id, sender, content, created_at, updated_at) VALUES (215, 15, 'user', 'Pregunta sobre ¿En qué gasto más?', '2026-06-28 06:47:37', NOW());
INSERT INTO messages (id, conversation_id, sender, content, created_at, updated_at) VALUES (216, 15, 'assistant', 'Respuesta del asistente a ¿En qué gasto más? con análisis detallado.', '2026-06-28 06:51:37', NOW());
INSERT INTO messages (id, conversation_id, sender, content, created_at, updated_at) VALUES (217, 15, 'user', 'Pregunta sobre ¿En qué gasto más?', '2026-06-28 07:01:37', NOW());
INSERT INTO messages (id, conversation_id, sender, content, created_at, updated_at) VALUES (218, 15, 'assistant', 'Respuesta del asistente a ¿En qué gasto más? con análisis detallado.', '2026-06-28 07:11:37', NOW());
INSERT INTO messages (id, conversation_id, sender, content, created_at, updated_at) VALUES (219, 15, 'user', 'Pregunta sobre ¿En qué gasto más?', '2026-06-28 07:12:37', NOW());
INSERT INTO messages (id, conversation_id, sender, content, created_at, updated_at) VALUES (220, 15, 'assistant', 'Respuesta del asistente a ¿En qué gasto más? con análisis detallado.', '2026-06-28 07:19:37', NOW());
INSERT INTO messages (id, conversation_id, sender, content, created_at, updated_at) VALUES (221, 15, 'user', 'Pregunta sobre ¿En qué gasto más?', '2026-06-28 07:22:37', NOW());
INSERT INTO messages (id, conversation_id, sender, content, created_at, updated_at) VALUES (222, 15, 'assistant', 'Respuesta del asistente a ¿En qué gasto más? con análisis detallado.', '2026-06-28 07:30:37', NOW());
INSERT INTO messages (id, conversation_id, sender, content, created_at, updated_at) VALUES (223, 15, 'user', 'Pregunta sobre ¿En qué gasto más?', '2026-06-28 07:33:37', NOW());
INSERT INTO messages (id, conversation_id, sender, content, created_at, updated_at) VALUES (224, 15, 'assistant', 'Respuesta del asistente a ¿En qué gasto más? con análisis detallado.', '2026-06-28 07:38:37', NOW());
INSERT INTO messages (id, conversation_id, sender, content, created_at, updated_at) VALUES (225, 15, 'user', 'Pregunta sobre ¿En qué gasto más?', '2026-06-28 07:39:37', NOW());
INSERT INTO messages (id, conversation_id, sender, content, created_at, updated_at) VALUES (226, 15, 'assistant', 'Respuesta del asistente a ¿En qué gasto más? con análisis detallado.', '2026-06-28 07:42:37', NOW());
INSERT INTO messages (id, conversation_id, sender, content, created_at, updated_at) VALUES (227, 15, 'user', 'Pregunta sobre ¿En qué gasto más?', '2026-06-28 07:46:37', NOW());
INSERT INTO messages (id, conversation_id, sender, content, created_at, updated_at) VALUES (228, 15, 'assistant', 'Respuesta del asistente a ¿En qué gasto más? con análisis detallado.', '2026-06-28 07:51:37', NOW());
INSERT INTO conversations (id, user_id, title, created_at, updated_at) VALUES (16, 4, 'Analiza mi portafolio', NOW(), NOW());
INSERT INTO messages (id, conversation_id, sender, content, created_at, updated_at) VALUES (229, 16, 'user', 'Pregunta sobre Analiza mi portafolio', '2026-06-28 06:36:37', NOW());
INSERT INTO messages (id, conversation_id, sender, content, created_at, updated_at) VALUES (230, 16, 'assistant', 'Respuesta del asistente a Analiza mi portafolio con análisis detallado.', '2026-06-28 06:45:37', NOW());
INSERT INTO messages (id, conversation_id, sender, content, created_at, updated_at) VALUES (231, 16, 'user', 'Pregunta sobre Analiza mi portafolio', '2026-06-28 06:54:37', NOW());
INSERT INTO messages (id, conversation_id, sender, content, created_at, updated_at) VALUES (232, 16, 'assistant', 'Respuesta del asistente a Analiza mi portafolio con análisis detallado.', '2026-06-28 07:04:37', NOW());
INSERT INTO messages (id, conversation_id, sender, content, created_at, updated_at) VALUES (233, 16, 'user', 'Pregunta sobre Analiza mi portafolio', '2026-06-28 07:14:37', NOW());
INSERT INTO messages (id, conversation_id, sender, content, created_at, updated_at) VALUES (234, 16, 'assistant', 'Respuesta del asistente a Analiza mi portafolio con análisis detallado.', '2026-06-28 07:15:37', NOW());
INSERT INTO messages (id, conversation_id, sender, content, created_at, updated_at) VALUES (235, 16, 'user', 'Pregunta sobre Analiza mi portafolio', '2026-06-28 07:20:37', NOW());
INSERT INTO messages (id, conversation_id, sender, content, created_at, updated_at) VALUES (236, 16, 'assistant', 'Respuesta del asistente a Analiza mi portafolio con análisis detallado.', '2026-06-28 07:23:37', NOW());
INSERT INTO messages (id, conversation_id, sender, content, created_at, updated_at) VALUES (237, 16, 'user', 'Pregunta sobre Analiza mi portafolio', '2026-06-28 07:26:37', NOW());
INSERT INTO messages (id, conversation_id, sender, content, created_at, updated_at) VALUES (238, 16, 'assistant', 'Respuesta del asistente a Analiza mi portafolio con análisis detallado.', '2026-06-28 07:30:37', NOW());
INSERT INTO messages (id, conversation_id, sender, content, created_at, updated_at) VALUES (239, 16, 'user', 'Pregunta sobre Analiza mi portafolio', '2026-06-28 07:36:37', NOW());
INSERT INTO messages (id, conversation_id, sender, content, created_at, updated_at) VALUES (240, 16, 'assistant', 'Respuesta del asistente a Analiza mi portafolio con análisis detallado.', '2026-06-28 07:38:37', NOW());
INSERT INTO messages (id, conversation_id, sender, content, created_at, updated_at) VALUES (241, 16, 'user', 'Pregunta sobre Analiza mi portafolio', '2026-06-28 07:40:37', NOW());
INSERT INTO messages (id, conversation_id, sender, content, created_at, updated_at) VALUES (242, 16, 'assistant', 'Respuesta del asistente a Analiza mi portafolio con análisis detallado.', '2026-06-28 07:43:37', NOW());
INSERT INTO messages (id, conversation_id, sender, content, created_at, updated_at) VALUES (243, 16, 'user', 'Pregunta sobre Analiza mi portafolio', '2026-06-28 07:44:37', NOW());
INSERT INTO users (id, name, last_name, email, password, created_at, updated_at) VALUES (5, 'Diego', 'Martinez', 'diego.martinez5@example.com', 'password', NOW(), NOW());
INSERT INTO settings (user_id, currency, language, theme, monthly_income, payday, ai_enabled, created_at, updated_at) VALUES (5, 'EUR', 'es', 'light', 34633.50, 19, true, NOW(), NOW());
INSERT INTO accounts (id, user_id, name, balance, color, icon, type, currency, created_at, updated_at) VALUES (19, 5, 'Mercado Pago', 31594.22, '#c1f697', 'icon-cash', 'cash', 'MXN', NOW(), NOW());
INSERT INTO accounts (id, user_id, name, balance, color, icon, type, currency, created_at, updated_at) VALUES (20, 5, 'Banorte', 13271.65, '#9494d9', 'icon-wallet', 'wallet', 'MXN', NOW(), NOW());
INSERT INTO accounts (id, user_id, name, balance, color, icon, type, currency, created_at, updated_at) VALUES (21, 5, 'Efectivo', 18105.69, '#b28485', 'icon-wallet', 'wallet', 'MXN', NOW(), NOW());
INSERT INTO accounts (id, user_id, name, balance, color, icon, type, currency, created_at, updated_at) VALUES (22, 5, 'HSBC', 36027.41, '#e9ef2c', 'icon-wallet', 'wallet', 'MXN', NOW(), NOW());
INSERT INTO accounts (id, user_id, name, balance, color, icon, type, currency, created_at, updated_at) VALUES (23, 5, 'HSBC', 35031.32, '#a04c2e', 'icon-credit', 'credit', 'MXN', NOW(), NOW());
INSERT INTO accounts (id, user_id, name, balance, color, icon, type, currency, created_at, updated_at) VALUES (24, 5, 'Banorte', 20153.72, '#2eb2e1', 'icon-credit', 'credit', 'MXN', NOW(), NOW());
INSERT INTO funds (id, user_id, name, balance, color, icon, created_at, updated_at) VALUES (25, 5, 'Gastos necesarios', 13827.02, '#4ef945', 'icon-fund', NOW(), NOW());
INSERT INTO fund_allocations (id, fund_id, category_id, created_at, updated_at) VALUES (101, 25, 8, NOW(), NOW());
INSERT INTO fund_allocations (id, fund_id, category_id, created_at, updated_at) VALUES (102, 25, 24, NOW(), NOW());
INSERT INTO fund_allocations (id, fund_id, category_id, created_at, updated_at) VALUES (103, 25, 11, NOW(), NOW());
INSERT INTO fund_allocations (id, fund_id, category_id, created_at, updated_at) VALUES (104, 25, 17, NOW(), NOW());
INSERT INTO fund_allocations (id, fund_id, category_id, created_at, updated_at) VALUES (105, 25, 1, NOW(), NOW());
INSERT INTO funds (id, user_id, name, balance, color, icon, created_at, updated_at) VALUES (26, 5, 'Gastos personales', 19451.60, '#3b62f1', 'icon-fund', NOW(), NOW());
INSERT INTO fund_allocations (id, fund_id, category_id, created_at, updated_at) VALUES (106, 26, 7, NOW(), NOW());
INSERT INTO fund_allocations (id, fund_id, category_id, created_at, updated_at) VALUES (107, 26, 12, NOW(), NOW());
INSERT INTO fund_allocations (id, fund_id, category_id, created_at, updated_at) VALUES (108, 26, 17, NOW(), NOW());
INSERT INTO fund_allocations (id, fund_id, category_id, created_at, updated_at) VALUES (109, 26, 10, NOW(), NOW());
INSERT INTO funds (id, user_id, name, balance, color, icon, created_at, updated_at) VALUES (27, 5, 'Ahorro', 12789.17, '#f5ab11', 'icon-fund', NOW(), NOW());
INSERT INTO fund_allocations (id, fund_id, category_id, created_at, updated_at) VALUES (110, 27, 21, NOW(), NOW());
INSERT INTO fund_allocations (id, fund_id, category_id, created_at, updated_at) VALUES (111, 27, 24, NOW(), NOW());
INSERT INTO fund_allocations (id, fund_id, category_id, created_at, updated_at) VALUES (112, 27, 23, NOW(), NOW());
INSERT INTO fund_allocations (id, fund_id, category_id, created_at, updated_at) VALUES (113, 27, 25, NOW(), NOW());
INSERT INTO funds (id, user_id, name, balance, color, icon, created_at, updated_at) VALUES (28, 5, 'Inversión', 3077.70, '#4a5209', 'icon-fund', NOW(), NOW());
INSERT INTO fund_allocations (id, fund_id, category_id, created_at, updated_at) VALUES (114, 28, 4, NOW(), NOW());
INSERT INTO fund_allocations (id, fund_id, category_id, created_at, updated_at) VALUES (115, 28, 20, NOW(), NOW());
INSERT INTO fund_allocations (id, fund_id, category_id, created_at, updated_at) VALUES (116, 28, 17, NOW(), NOW());
INSERT INTO fund_allocations (id, fund_id, category_id, created_at, updated_at) VALUES (117, 28, 9, NOW(), NOW());
INSERT INTO fund_allocations (id, fund_id, category_id, created_at, updated_at) VALUES (118, 28, 12, NOW(), NOW());
INSERT INTO funds (id, user_id, name, balance, color, icon, created_at, updated_at) VALUES (29, 5, 'Fondo de emergencia', 6376.15, '#fb03d9', 'icon-fund', NOW(), NOW());
INSERT INTO fund_allocations (id, fund_id, category_id, created_at, updated_at) VALUES (119, 29, 15, NOW(), NOW());
INSERT INTO fund_allocations (id, fund_id, category_id, created_at, updated_at) VALUES (120, 29, 1, NOW(), NOW());
INSERT INTO fund_allocations (id, fund_id, category_id, created_at, updated_at) VALUES (121, 29, 21, NOW(), NOW());
INSERT INTO fund_allocations (id, fund_id, category_id, created_at, updated_at) VALUES (122, 29, 12, NOW(), NOW());
INSERT INTO fund_allocations (id, fund_id, category_id, created_at, updated_at) VALUES (123, 29, 9, NOW(), NOW());
INSERT INTO funds (id, user_id, name, balance, color, icon, created_at, updated_at) VALUES (30, 5, 'Vacaciones', 7274.15, '#ba034e', 'icon-fund', NOW(), NOW());
INSERT INTO fund_allocations (id, fund_id, category_id, created_at, updated_at) VALUES (124, 30, 7, NOW(), NOW());
INSERT INTO fund_allocations (id, fund_id, category_id, created_at, updated_at) VALUES (125, 30, 28, NOW(), NOW());
INSERT INTO transactions (id, user_id, account_id, category_id, type, amount, description, notes, date, created_at, updated_at) VALUES (222, 5, 23, 2, 'income', 1198.80, 'Upwork', 'Nota de prueba', '2026-04-01 21:21:50', NOW(), NOW());
INSERT INTO transactions (id, user_id, account_id, category_id, type, amount, description, notes, date, created_at, updated_at) VALUES (223, 5, 23, 5, 'income', 3097.64, 'Upwork', 'Nota de prueba', '2026-03-13 03:35:52', NOW(), NOW());
INSERT INTO transactions (id, user_id, account_id, category_id, type, amount, description, notes, date, created_at, updated_at) VALUES (224, 5, 23, 27, 'expense', 1734.72, 'Steam', 'Nota de prueba', '2026-03-25 01:38:01', NOW(), NOW());
INSERT INTO transactions (id, user_id, account_id, category_id, type, amount, description, notes, date, created_at, updated_at) VALUES (225, 5, 21, 23, 'expense', 4563.30, 'Gasolinera Pemex', 'Nota de prueba', '2026-03-14 16:52:13', NOW(), NOW());
INSERT INTO transactions (id, user_id, account_id, category_id, type, amount, description, notes, date, created_at, updated_at) VALUES (226, 5, 19, 19, 'expense', 3471.95, 'CFE', 'Nota de prueba', '2026-01-24 04:09:08', NOW(), NOW());
INSERT INTO transactions (id, user_id, account_id, category_id, type, amount, description, notes, date, created_at, updated_at) VALUES (227, 5, 20, 1, 'income', 3272.70, 'Dividendos GBM', 'Nota de prueba', '2025-07-16 23:38:24', NOW(), NOW());
INSERT INTO transactions (id, user_id, account_id, category_id, type, amount, description, notes, date, created_at, updated_at) VALUES (228, 5, 22, 30, 'investment', 4106.99, 'GBM', 'Nota de prueba', '2026-04-03 21:08:38', NOW(), NOW());
INSERT INTO transactions (id, user_id, account_id, category_id, type, amount, description, notes, date, created_at, updated_at) VALUES (229, 5, 19, 23, 'expense', 2228.67, 'Netflix', 'Nota de prueba', '2025-12-04 19:09:30', NOW(), NOW());
INSERT INTO transactions (id, user_id, account_id, category_id, type, amount, description, notes, date, created_at, updated_at) VALUES (230, 5, 20, 16, 'expense', 4709.93, 'Telcel', 'Nota de prueba', '2026-01-11 00:02:38', NOW(), NOW());
INSERT INTO transactions (id, user_id, account_id, category_id, type, amount, description, notes, date, created_at, updated_at) VALUES (231, 5, 20, 3, 'income', 2522.76, 'Upwork', 'Nota de prueba', '2026-06-08 08:14:05', NOW(), NOW());
INSERT INTO transactions (id, user_id, account_id, category_id, type, amount, description, notes, date, created_at, updated_at) VALUES (232, 5, 21, 5, 'income', 4022.59, 'Fiverr', 'Nota de prueba', '2025-09-15 22:34:40', NOW(), NOW());
INSERT INTO transactions (id, user_id, account_id, category_id, type, amount, description, notes, date, created_at, updated_at) VALUES (233, 5, 19, 3, 'income', 2119.90, 'Empresa S.A. de C.V.', 'Nota de prueba', '2025-11-24 18:07:21', NOW(), NOW());
INSERT INTO transactions (id, user_id, account_id, category_id, type, amount, description, notes, date, created_at, updated_at) VALUES (234, 5, 24, 23, 'expense', 268.66, 'Uber', 'Nota de prueba', '2025-08-14 09:12:24', NOW(), NOW());
INSERT INTO transactions (id, user_id, account_id, category_id, type, amount, description, notes, date, created_at, updated_at) VALUES (235, 5, 20, 4, 'income', 3756.15, 'Empresa S.A. de C.V.', 'Nota de prueba', '2025-09-17 22:22:05', NOW(), NOW());
INSERT INTO transactions (id, user_id, account_id, category_id, type, amount, description, notes, date, created_at, updated_at) VALUES (236, 5, 19, 27, 'expense', 850.98, 'Uber', 'Nota de prueba', '2026-01-09 06:18:01', NOW(), NOW());
INSERT INTO transactions (id, user_id, account_id, category_id, type, amount, description, notes, date, created_at, updated_at) VALUES (237, 5, 20, 10, 'expense', 2989.78, 'Soriana', 'Nota de prueba', '2026-02-16 11:15:16', NOW(), NOW());
INSERT INTO transactions (id, user_id, account_id, category_id, type, amount, description, notes, date, created_at, updated_at) VALUES (238, 5, 19, 25, 'expense', 1466.18, 'Cinépolis', 'Nota de prueba', '2026-04-11 01:13:50', NOW(), NOW());
INSERT INTO transactions (id, user_id, account_id, category_id, type, amount, description, notes, date, created_at, updated_at) VALUES (239, 5, 20, 10, 'expense', 2538.92, 'Cinépolis', 'Nota de prueba', '2025-08-22 13:39:15', NOW(), NOW());
INSERT INTO transactions (id, user_id, account_id, category_id, type, amount, description, notes, date, created_at, updated_at) VALUES (240, 5, 21, 22, 'expense', 3875.78, 'OXXO', 'Nota de prueba', '2025-11-25 23:22:17', NOW(), NOW());
INSERT INTO transactions (id, user_id, account_id, category_id, type, amount, description, notes, date, created_at, updated_at) VALUES (241, 5, 21, 19, 'expense', 1003.63, 'Walmart', 'Nota de prueba', '2025-10-02 21:30:16', NOW(), NOW());
INSERT INTO transactions (id, user_id, account_id, category_id, type, amount, description, notes, date, created_at, updated_at) VALUES (242, 5, 20, 7, 'expense', 4023.00, 'Soriana', 'Nota de prueba', '2025-07-27 09:39:00', NOW(), NOW());
INSERT INTO transactions (id, user_id, account_id, category_id, type, amount, description, notes, date, created_at, updated_at) VALUES (243, 5, 20, 8, 'expense', 1262.26, 'Walmart', 'Nota de prueba', '2025-07-08 00:56:19', NOW(), NOW());
INSERT INTO transactions (id, user_id, account_id, category_id, type, amount, description, notes, date, created_at, updated_at) VALUES (244, 5, 23, 5, 'income', 4518.57, 'Upwork', 'Nota de prueba', '2025-09-02 22:14:08', NOW(), NOW());
INSERT INTO transactions (id, user_id, account_id, category_id, type, amount, description, notes, date, created_at, updated_at) VALUES (245, 5, 23, 27, 'expense', 4846.15, 'Uber', 'Nota de prueba', '2025-10-07 10:58:41', NOW(), NOW());
INSERT INTO transactions (id, user_id, account_id, category_id, type, amount, description, notes, date, created_at, updated_at) VALUES (246, 5, 22, 6, 'expense', 4056.58, 'McDonald''s', 'Nota de prueba', '2026-03-20 02:56:26', NOW(), NOW());
INSERT INTO transactions (id, user_id, account_id, category_id, type, amount, description, notes, date, created_at, updated_at) VALUES (247, 5, 20, 26, 'expense', 3064.98, 'Netflix', 'Nota de prueba', '2026-03-05 19:43:53', NOW(), NOW());
INSERT INTO transactions (id, user_id, account_id, category_id, type, amount, description, notes, date, created_at, updated_at) VALUES (248, 5, 19, 8, 'expense', 376.87, 'Mercado Libre', 'Nota de prueba', '2025-08-05 17:30:10', NOW(), NOW());
INSERT INTO transactions (id, user_id, account_id, category_id, type, amount, description, notes, date, created_at, updated_at) VALUES (249, 5, 24, 21, 'expense', 948.57, 'Costco', 'Nota de prueba', '2026-02-18 13:28:10', NOW(), NOW());
INSERT INTO transactions (id, user_id, account_id, category_id, type, amount, description, notes, date, created_at, updated_at) VALUES (250, 5, 23, 7, 'expense', 1041.99, 'Telcel', 'Nota de prueba', '2025-10-21 06:14:19', NOW(), NOW());
INSERT INTO transactions (id, user_id, account_id, category_id, type, amount, description, notes, date, created_at, updated_at) VALUES (251, 5, 21, 20, 'expense', 998.22, 'Izzi', 'Nota de prueba', '2025-08-18 12:05:33', NOW(), NOW());
INSERT INTO transactions (id, user_id, account_id, category_id, type, amount, description, notes, date, created_at, updated_at) VALUES (252, 5, 22, 29, 'investment', 2609.38, 'GBM', 'Nota de prueba', '2025-11-22 10:27:19', NOW(), NOW());
INSERT INTO transactions (id, user_id, account_id, category_id, type, amount, description, notes, date, created_at, updated_at) VALUES (253, 5, 22, 20, 'expense', 3468.98, 'CFE', 'Nota de prueba', '2025-08-24 14:14:52', NOW(), NOW());
INSERT INTO transactions (id, user_id, account_id, category_id, type, amount, description, notes, date, created_at, updated_at) VALUES (254, 5, 22, 22, 'expense', 1275.18, 'Gasolinera Pemex', 'Nota de prueba', '2026-01-22 17:48:49', NOW(), NOW());
INSERT INTO transactions (id, user_id, account_id, category_id, type, amount, description, notes, date, created_at, updated_at) VALUES (255, 5, 19, 23, 'expense', 493.01, 'CFE', 'Nota de prueba', '2025-11-18 23:56:05', NOW(), NOW());
INSERT INTO transactions (id, user_id, account_id, category_id, type, amount, description, notes, date, created_at, updated_at) VALUES (256, 5, 23, 20, 'expense', 4165.92, 'Netflix', 'Nota de prueba', '2025-08-13 14:06:12', NOW(), NOW());
INSERT INTO transactions (id, user_id, account_id, category_id, type, amount, description, notes, date, created_at, updated_at) VALUES (257, 5, 19, 1, 'income', 1510.66, 'Fiverr', 'Nota de prueba', '2026-04-16 16:31:56', NOW(), NOW());
INSERT INTO transactions (id, user_id, account_id, category_id, type, amount, description, notes, date, created_at, updated_at) VALUES (258, 5, 20, 8, 'expense', 3219.18, 'Izzi', 'Nota de prueba', '2025-07-09 00:31:25', NOW(), NOW());
INSERT INTO transactions (id, user_id, account_id, category_id, type, amount, description, notes, date, created_at, updated_at) VALUES (259, 5, 19, 22, 'expense', 4632.45, 'CFE', 'Nota de prueba', '2025-12-26 09:12:41', NOW(), NOW());
INSERT INTO transactions (id, user_id, account_id, category_id, type, amount, description, notes, date, created_at, updated_at) VALUES (260, 5, 20, 4, 'income', 1784.77, 'Fiverr', 'Nota de prueba', '2026-03-19 22:00:13', NOW(), NOW());
INSERT INTO transactions (id, user_id, account_id, category_id, type, amount, description, notes, date, created_at, updated_at) VALUES (261, 5, 22, 4, 'income', 1036.72, 'Empresa S.A. de C.V.', 'Nota de prueba', '2025-09-08 04:50:21', NOW(), NOW());
INSERT INTO transactions (id, user_id, account_id, category_id, type, amount, description, notes, date, created_at, updated_at) VALUES (262, 5, 20, 16, 'expense', 677.46, 'Uber', 'Nota de prueba', '2025-11-17 17:50:49', NOW(), NOW());
INSERT INTO transactions (id, user_id, account_id, category_id, type, amount, description, notes, date, created_at, updated_at) VALUES (263, 5, 24, 8, 'expense', 2213.13, 'Telcel', 'Nota de prueba', '2025-07-24 21:30:50', NOW(), NOW());
INSERT INTO transactions (id, user_id, account_id, category_id, type, amount, description, notes, date, created_at, updated_at) VALUES (264, 5, 24, 19, 'expense', 1799.77, 'Spotify', 'Nota de prueba', '2026-06-27 21:43:11', NOW(), NOW());
INSERT INTO transactions (id, user_id, account_id, category_id, type, amount, description, notes, date, created_at, updated_at) VALUES (265, 5, 23, 16, 'expense', 3266.29, 'CFE', 'Nota de prueba', '2026-02-20 06:44:10', NOW(), NOW());
INSERT INTO transactions (id, user_id, account_id, category_id, type, amount, description, notes, date, created_at, updated_at) VALUES (266, 5, 22, 23, 'expense', 4149.28, 'Steam', 'Nota de prueba', '2025-09-06 19:45:02', NOW(), NOW());
INSERT INTO transactions (id, user_id, account_id, category_id, type, amount, description, notes, date, created_at, updated_at) VALUES (267, 5, 24, 6, 'expense', 240.26, 'Liverpool', 'Nota de prueba', '2025-11-07 14:21:19', NOW(), NOW());
INSERT INTO transactions (id, user_id, account_id, category_id, type, amount, description, notes, date, created_at, updated_at) VALUES (268, 5, 19, 27, 'expense', 1215.21, 'Gasolinera Pemex', 'Nota de prueba', '2025-09-15 00:21:11', NOW(), NOW());
INSERT INTO transactions (id, user_id, account_id, category_id, type, amount, description, notes, date, created_at, updated_at) VALUES (269, 5, 20, 30, 'investment', 3293.12, 'Bitso', 'Nota de prueba', '2025-10-11 04:47:48', NOW(), NOW());
INSERT INTO transactions (id, user_id, account_id, category_id, type, amount, description, notes, date, created_at, updated_at) VALUES (270, 5, 23, 22, 'expense', 3567.84, 'Gasolinera Pemex', 'Nota de prueba', '2026-04-27 01:45:50', NOW(), NOW());
INSERT INTO transactions (id, user_id, account_id, category_id, type, amount, description, notes, date, created_at, updated_at) VALUES (271, 5, 19, 6, 'expense', 1074.84, 'Didi', 'Nota de prueba', '2025-10-11 10:30:34', NOW(), NOW());
INSERT INTO transactions (id, user_id, account_id, category_id, type, amount, description, notes, date, created_at, updated_at) VALUES (272, 5, 21, 25, 'expense', 3209.43, 'Gasolinera Pemex', 'Nota de prueba', '2025-07-10 18:10:38', NOW(), NOW());
INSERT INTO transactions (id, user_id, account_id, category_id, type, amount, description, notes, date, created_at, updated_at) VALUES (273, 5, 23, 15, 'expense', 2644.25, 'Didi', 'Nota de prueba', '2026-05-16 09:10:20', NOW(), NOW());
INSERT INTO transactions (id, user_id, account_id, category_id, type, amount, description, notes, date, created_at, updated_at) VALUES (274, 5, 21, 20, 'expense', 3982.15, 'Netflix', 'Nota de prueba', '2025-12-24 02:55:46', NOW(), NOW());
INSERT INTO transactions (id, user_id, account_id, category_id, type, amount, description, notes, date, created_at, updated_at) VALUES (275, 5, 21, 18, 'expense', 1319.91, 'Apple', 'Nota de prueba', '2025-07-17 04:56:58', NOW(), NOW());
INSERT INTO transactions (id, user_id, account_id, category_id, type, amount, description, notes, date, created_at, updated_at) VALUES (276, 5, 19, 5, 'income', 3100.76, 'SAT Reembolso', 'Nota de prueba', '2026-05-01 10:36:30', NOW(), NOW());
INSERT INTO transactions (id, user_id, account_id, category_id, type, amount, description, notes, date, created_at, updated_at) VALUES (277, 5, 22, 1, 'income', 117.98, 'SAT Reembolso', 'Nota de prueba', '2026-02-20 02:55:38', NOW(), NOW());
INSERT INTO transactions (id, user_id, account_id, category_id, type, amount, description, notes, date, created_at, updated_at) VALUES (278, 5, 24, 13, 'expense', 4215.85, 'Costco', 'Nota de prueba', '2025-12-01 09:34:58', NOW(), NOW());
INSERT INTO transactions (id, user_id, account_id, category_id, type, amount, description, notes, date, created_at, updated_at) VALUES (279, 5, 21, 13, 'expense', 209.50, 'Domino''s', 'Nota de prueba', '2026-06-25 10:35:18', NOW(), NOW());
INSERT INTO transactions (id, user_id, account_id, category_id, type, amount, description, notes, date, created_at, updated_at) VALUES (280, 5, 19, 18, 'expense', 945.50, 'Netflix', 'Nota de prueba', '2025-11-11 02:53:47', NOW(), NOW());
INSERT INTO transactions (id, user_id, account_id, category_id, type, amount, description, notes, date, created_at, updated_at) VALUES (281, 5, 22, 19, 'expense', 4034.59, 'Cinépolis', 'Nota de prueba', '2026-01-19 09:58:54', NOW(), NOW());
INSERT INTO transactions (id, user_id, account_id, category_id, type, amount, description, notes, date, created_at, updated_at) VALUES (282, 5, 22, 26, 'expense', 1324.18, 'Domino''s', 'Nota de prueba', '2026-06-21 16:22:41', NOW(), NOW());
INSERT INTO transactions (id, user_id, account_id, category_id, type, amount, description, notes, date, created_at, updated_at) VALUES (283, 5, 23, 9, 'expense', 633.53, 'Uber', 'Nota de prueba', '2026-01-08 16:55:23', NOW(), NOW());
INSERT INTO transactions (id, user_id, account_id, category_id, type, amount, description, notes, date, created_at, updated_at) VALUES (284, 5, 19, 15, 'expense', 4342.95, 'Telcel', 'Nota de prueba', '2025-08-25 08:33:28', NOW(), NOW());
INSERT INTO transactions (id, user_id, account_id, category_id, type, amount, description, notes, date, created_at, updated_at) VALUES (285, 5, 24, 29, 'investment', 3446.85, 'Binance', 'Nota de prueba', '2026-04-05 10:46:02', NOW(), NOW());
INSERT INTO transactions (id, user_id, account_id, category_id, type, amount, description, notes, date, created_at, updated_at) VALUES (286, 5, 24, 20, 'expense', 4047.63, 'Steam', 'Nota de prueba', '2025-07-30 13:05:13', NOW(), NOW());
INSERT INTO transactions (id, user_id, account_id, category_id, type, amount, description, notes, date, created_at, updated_at) VALUES (287, 5, 21, 16, 'expense', 171.82, 'Netflix', 'Nota de prueba', '2026-05-25 20:40:51', NOW(), NOW());
INSERT INTO budgets (id, user_id, category_id, amount, month, created_at, updated_at) VALUES (21, 5, 26, 1402.69, '2026-07-01', NOW(), NOW());
INSERT INTO budgets (id, user_id, category_id, amount, month, created_at, updated_at) VALUES (22, 5, 19, 4237.30, '2026-07-01', NOW(), NOW());
INSERT INTO budgets (id, user_id, category_id, amount, month, created_at, updated_at) VALUES (23, 5, 12, 1749.27, '2026-07-01', NOW(), NOW());
INSERT INTO budgets (id, user_id, category_id, amount, month, created_at, updated_at) VALUES (24, 5, 11, 2464.12, '2026-07-01', NOW(), NOW());
INSERT INTO budgets (id, user_id, category_id, amount, month, created_at, updated_at) VALUES (25, 5, 24, 4594.68, '2026-07-01', NOW(), NOW());
INSERT INTO goals (id, user_id, name, target_amount, current_amount, status, deadline, created_at, updated_at) VALUES (15, 5, 'Casa', 28862.65, 4087.71, 'completed', '2026-10-31', NOW(), NOW());
INSERT INTO goals (id, user_id, name, target_amount, current_amount, status, deadline, created_at, updated_at) VALUES (16, 5, 'Comprar automóvil', 21047.88, 16278.69, 'active', '2026-07-30', NOW(), NOW());
INSERT INTO goals (id, user_id, name, target_amount, current_amount, status, deadline, created_at, updated_at) VALUES (17, 5, 'Viaje a Japón', 38629.19, 2117.10, 'active', '2026-10-08', NOW(), NOW());
INSERT INTO goals (id, user_id, name, target_amount, current_amount, status, deadline, created_at, updated_at) VALUES (18, 5, 'Fondo de emergencia', 13609.30, 6593.27, 'active', '2026-12-03', NOW(), NOW());
INSERT INTO subscriptions (id, user_id, name, amount, billing_cycle, next_billing_date, category_id, account_id, created_at, updated_at) VALUES (29, 5, 'Spotify', 141.64, 'monthly', '2026-07-14', 25, 19, NOW(), NOW());
INSERT INTO subscriptions (id, user_id, name, amount, billing_cycle, next_billing_date, category_id, account_id, created_at, updated_at) VALUES (30, 5, 'YouTube Premium', 327.28, 'monthly', '2026-07-24', 12, 24, NOW(), NOW());
INSERT INTO subscriptions (id, user_id, name, amount, billing_cycle, next_billing_date, category_id, account_id, created_at, updated_at) VALUES (31, 5, 'Amazon Prime', 375.12, 'monthly', '2026-07-25', 11, 23, NOW(), NOW());
INSERT INTO subscriptions (id, user_id, name, amount, billing_cycle, next_billing_date, category_id, account_id, created_at, updated_at) VALUES (32, 5, 'Disney+', 200.07, 'monthly', '2026-07-03', 21, 23, NOW(), NOW());
INSERT INTO subscriptions (id, user_id, name, amount, billing_cycle, next_billing_date, category_id, account_id, created_at, updated_at) VALUES (33, 5, 'Google One', 353.63, 'monthly', '2026-07-11', 8, 24, NOW(), NOW());
INSERT INTO subscriptions (id, user_id, name, amount, billing_cycle, next_billing_date, category_id, account_id, created_at, updated_at) VALUES (34, 5, 'ChatGPT Plus', 123.03, 'monthly', '2026-07-21', 13, 19, NOW(), NOW());
INSERT INTO subscriptions (id, user_id, name, amount, billing_cycle, next_billing_date, category_id, account_id, created_at, updated_at) VALUES (35, 5, 'iCloud', 123.44, 'monthly', '2026-07-18', 15, 21, NOW(), NOW());
INSERT INTO subscriptions (id, user_id, name, amount, billing_cycle, next_billing_date, category_id, account_id, created_at, updated_at) VALUES (36, 5, 'Netflix', 351.99, 'monthly', '2026-07-17', 13, 21, NOW(), NOW());
INSERT INTO subscriptions (id, user_id, name, amount, billing_cycle, next_billing_date, category_id, account_id, created_at, updated_at) VALUES (37, 5, 'Crunchyroll', 111.38, 'monthly', '2026-07-14', 7, 22, NOW(), NOW());
INSERT INTO subscriptions (id, user_id, name, amount, billing_cycle, next_billing_date, category_id, account_id, created_at, updated_at) VALUES (38, 5, 'Microsoft 365', 205.35, 'monthly', '2026-07-20', 23, 24, NOW(), NOW());
INSERT INTO investments (id, user_id, account_id, symbol, quantity, average_price, currency, type, created_at, updated_at) VALUES (13, 5, 24, 'QQQ', 3.55, 157.19, 'USD', 'etf', NOW(), NOW());
INSERT INTO investment_prices (id, investment_id, price, date, created_at, updated_at) VALUES (361, 13, 156.36, '2025-07-14 06:34:37', NOW(), NOW());
INSERT INTO investment_prices (id, investment_id, price, date, created_at, updated_at) VALUES (362, 13, 151.93, '2025-07-26 06:34:37', NOW(), NOW());
INSERT INTO investment_prices (id, investment_id, price, date, created_at, updated_at) VALUES (363, 13, 160.72, '2025-08-07 06:34:37', NOW(), NOW());
INSERT INTO investment_prices (id, investment_id, price, date, created_at, updated_at) VALUES (364, 13, 159.04, '2025-08-19 06:34:37', NOW(), NOW());
INSERT INTO investment_prices (id, investment_id, price, date, created_at, updated_at) VALUES (365, 13, 154.57, '2025-08-31 06:34:37', NOW(), NOW());
INSERT INTO investment_prices (id, investment_id, price, date, created_at, updated_at) VALUES (366, 13, 149.31, '2025-09-12 06:34:37', NOW(), NOW());
INSERT INTO investment_prices (id, investment_id, price, date, created_at, updated_at) VALUES (367, 13, 149.79, '2025-09-24 06:34:37', NOW(), NOW());
INSERT INTO investment_prices (id, investment_id, price, date, created_at, updated_at) VALUES (368, 13, 157.41, '2025-10-06 06:34:37', NOW(), NOW());
INSERT INTO investment_prices (id, investment_id, price, date, created_at, updated_at) VALUES (369, 13, 166.01, '2025-10-18 06:34:37', NOW(), NOW());
INSERT INTO investment_prices (id, investment_id, price, date, created_at, updated_at) VALUES (370, 13, 169.03, '2025-10-30 06:34:37', NOW(), NOW());
INSERT INTO investment_prices (id, investment_id, price, date, created_at, updated_at) VALUES (371, 13, 177.73, '2025-11-11 06:34:37', NOW(), NOW());
INSERT INTO investment_prices (id, investment_id, price, date, created_at, updated_at) VALUES (372, 13, 180.99, '2025-11-23 06:34:37', NOW(), NOW());
INSERT INTO investment_prices (id, investment_id, price, date, created_at, updated_at) VALUES (373, 13, 187.25, '2025-12-05 06:34:37', NOW(), NOW());
INSERT INTO investment_prices (id, investment_id, price, date, created_at, updated_at) VALUES (374, 13, 185.24, '2025-12-17 06:34:37', NOW(), NOW());
INSERT INTO investment_prices (id, investment_id, price, date, created_at, updated_at) VALUES (375, 13, 183.54, '2025-12-29 06:34:37', NOW(), NOW());
INSERT INTO investment_prices (id, investment_id, price, date, created_at, updated_at) VALUES (376, 13, 184.24, '2026-01-10 06:34:37', NOW(), NOW());
INSERT INTO investment_prices (id, investment_id, price, date, created_at, updated_at) VALUES (377, 13, 187.59, '2026-01-22 06:34:37', NOW(), NOW());
INSERT INTO investment_prices (id, investment_id, price, date, created_at, updated_at) VALUES (378, 13, 186.28, '2026-02-03 06:34:37', NOW(), NOW());
INSERT INTO investment_prices (id, investment_id, price, date, created_at, updated_at) VALUES (379, 13, 193.19, '2026-02-15 06:34:37', NOW(), NOW());
INSERT INTO investment_prices (id, investment_id, price, date, created_at, updated_at) VALUES (380, 13, 186.88, '2026-02-27 06:34:37', NOW(), NOW());
INSERT INTO investment_prices (id, investment_id, price, date, created_at, updated_at) VALUES (381, 13, 191.89, '2026-03-11 06:34:37', NOW(), NOW());
INSERT INTO investment_prices (id, investment_id, price, date, created_at, updated_at) VALUES (382, 13, 192.31, '2026-03-23 06:34:37', NOW(), NOW());
INSERT INTO investment_prices (id, investment_id, price, date, created_at, updated_at) VALUES (383, 13, 202.88, '2026-04-04 06:34:37', NOW(), NOW());
INSERT INTO investment_prices (id, investment_id, price, date, created_at, updated_at) VALUES (384, 13, 210.59, '2026-04-16 06:34:37', NOW(), NOW());
INSERT INTO investment_prices (id, investment_id, price, date, created_at, updated_at) VALUES (385, 13, 208.30, '2026-04-28 06:34:37', NOW(), NOW());
INSERT INTO investment_prices (id, investment_id, price, date, created_at, updated_at) VALUES (386, 13, 200.67, '2026-05-10 06:34:37', NOW(), NOW());
INSERT INTO investment_prices (id, investment_id, price, date, created_at, updated_at) VALUES (387, 13, 204.85, '2026-05-22 06:34:37', NOW(), NOW());
INSERT INTO investment_prices (id, investment_id, price, date, created_at, updated_at) VALUES (388, 13, 197.73, '2026-06-03 06:34:37', NOW(), NOW());
INSERT INTO investment_prices (id, investment_id, price, date, created_at, updated_at) VALUES (389, 13, 202.29, '2026-06-15 06:34:37', NOW(), NOW());
INSERT INTO investment_prices (id, investment_id, price, date, created_at, updated_at) VALUES (390, 13, 213.59, '2026-06-27 06:34:37', NOW(), NOW());
INSERT INTO investments (id, user_id, account_id, symbol, quantity, average_price, currency, type, created_at, updated_at) VALUES (14, 5, 22, 'MSFT', 12.46, 191.45, 'USD', 'stock', NOW(), NOW());
INSERT INTO investment_prices (id, investment_id, price, date, created_at, updated_at) VALUES (391, 14, 197.45, '2025-07-14 06:34:37', NOW(), NOW());
INSERT INTO investment_prices (id, investment_id, price, date, created_at, updated_at) VALUES (392, 14, 195.22, '2025-07-26 06:34:37', NOW(), NOW());
INSERT INTO investment_prices (id, investment_id, price, date, created_at, updated_at) VALUES (393, 14, 205.71, '2025-08-07 06:34:37', NOW(), NOW());
INSERT INTO investment_prices (id, investment_id, price, date, created_at, updated_at) VALUES (394, 14, 198.95, '2025-08-19 06:34:37', NOW(), NOW());
INSERT INTO investment_prices (id, investment_id, price, date, created_at, updated_at) VALUES (395, 14, 192.43, '2025-08-31 06:34:37', NOW(), NOW());
INSERT INTO investment_prices (id, investment_id, price, date, created_at, updated_at) VALUES (396, 14, 189.57, '2025-09-12 06:34:37', NOW(), NOW());
INSERT INTO investment_prices (id, investment_id, price, date, created_at, updated_at) VALUES (397, 14, 189.82, '2025-09-24 06:34:37', NOW(), NOW());
INSERT INTO investment_prices (id, investment_id, price, date, created_at, updated_at) VALUES (398, 14, 186.96, '2025-10-06 06:34:37', NOW(), NOW());
INSERT INTO investment_prices (id, investment_id, price, date, created_at, updated_at) VALUES (399, 14, 191.36, '2025-10-18 06:34:37', NOW(), NOW());
INSERT INTO investment_prices (id, investment_id, price, date, created_at, updated_at) VALUES (400, 14, 194.21, '2025-10-30 06:34:37', NOW(), NOW());
INSERT INTO investment_prices (id, investment_id, price, date, created_at, updated_at) VALUES (401, 14, 204.57, '2025-11-11 06:34:37', NOW(), NOW());
INSERT INTO investment_prices (id, investment_id, price, date, created_at, updated_at) VALUES (402, 14, 210.08, '2025-11-23 06:34:37', NOW(), NOW());
INSERT INTO investment_prices (id, investment_id, price, date, created_at, updated_at) VALUES (403, 14, 211.58, '2025-12-05 06:34:37', NOW(), NOW());
INSERT INTO investment_prices (id, investment_id, price, date, created_at, updated_at) VALUES (404, 14, 204.41, '2025-12-17 06:34:37', NOW(), NOW());
INSERT INTO investment_prices (id, investment_id, price, date, created_at, updated_at) VALUES (405, 14, 205.99, '2025-12-29 06:34:37', NOW(), NOW());
INSERT INTO investment_prices (id, investment_id, price, date, created_at, updated_at) VALUES (406, 14, 203.87, '2026-01-10 06:34:37', NOW(), NOW());
INSERT INTO investment_prices (id, investment_id, price, date, created_at, updated_at) VALUES (407, 14, 197.96, '2026-01-22 06:34:37', NOW(), NOW());
INSERT INTO investment_prices (id, investment_id, price, date, created_at, updated_at) VALUES (408, 14, 201.68, '2026-02-03 06:34:37', NOW(), NOW());
INSERT INTO investment_prices (id, investment_id, price, date, created_at, updated_at) VALUES (409, 14, 209.18, '2026-02-15 06:34:37', NOW(), NOW());
INSERT INTO investment_prices (id, investment_id, price, date, created_at, updated_at) VALUES (410, 14, 201.34, '2026-02-27 06:34:37', NOW(), NOW());
INSERT INTO investment_prices (id, investment_id, price, date, created_at, updated_at) VALUES (411, 14, 205.06, '2026-03-11 06:34:37', NOW(), NOW());
INSERT INTO investment_prices (id, investment_id, price, date, created_at, updated_at) VALUES (412, 14, 204.32, '2026-03-23 06:34:37', NOW(), NOW());
INSERT INTO investment_prices (id, investment_id, price, date, created_at, updated_at) VALUES (413, 14, 207.75, '2026-04-04 06:34:37', NOW(), NOW());
INSERT INTO investment_prices (id, investment_id, price, date, created_at, updated_at) VALUES (414, 14, 210.93, '2026-04-16 06:34:37', NOW(), NOW());
INSERT INTO investment_prices (id, investment_id, price, date, created_at, updated_at) VALUES (415, 14, 217.02, '2026-04-28 06:34:37', NOW(), NOW());
INSERT INTO investment_prices (id, investment_id, price, date, created_at, updated_at) VALUES (416, 14, 218.38, '2026-05-10 06:34:37', NOW(), NOW());
INSERT INTO investment_prices (id, investment_id, price, date, created_at, updated_at) VALUES (417, 14, 224.48, '2026-05-22 06:34:37', NOW(), NOW());
INSERT INTO investment_prices (id, investment_id, price, date, created_at, updated_at) VALUES (418, 14, 236.44, '2026-06-03 06:34:37', NOW(), NOW());
INSERT INTO investment_prices (id, investment_id, price, date, created_at, updated_at) VALUES (419, 14, 241.10, '2026-06-15 06:34:37', NOW(), NOW());
INSERT INTO investment_prices (id, investment_id, price, date, created_at, updated_at) VALUES (420, 14, 254.51, '2026-06-27 06:34:37', NOW(), NOW());
INSERT INTO investments (id, user_id, account_id, symbol, quantity, average_price, currency, type, created_at, updated_at) VALUES (15, 5, 24, 'SOL', 47.17, 285.77, 'USD', 'crypto', NOW(), NOW());
INSERT INTO investment_prices (id, investment_id, price, date, created_at, updated_at) VALUES (421, 15, 284.76, '2025-07-14 06:34:37', NOW(), NOW());
INSERT INTO investment_prices (id, investment_id, price, date, created_at, updated_at) VALUES (422, 15, 280.17, '2025-07-26 06:34:37', NOW(), NOW());
INSERT INTO investment_prices (id, investment_id, price, date, created_at, updated_at) VALUES (423, 15, 272.02, '2025-08-07 06:34:37', NOW(), NOW());
INSERT INTO investment_prices (id, investment_id, price, date, created_at, updated_at) VALUES (424, 15, 276.92, '2025-08-19 06:34:37', NOW(), NOW());
INSERT INTO investment_prices (id, investment_id, price, date, created_at, updated_at) VALUES (425, 15, 266.79, '2025-08-31 06:34:37', NOW(), NOW());
INSERT INTO investment_prices (id, investment_id, price, date, created_at, updated_at) VALUES (426, 15, 260.60, '2025-09-12 06:34:37', NOW(), NOW());
INSERT INTO investment_prices (id, investment_id, price, date, created_at, updated_at) VALUES (427, 15, 260.20, '2025-09-24 06:34:37', NOW(), NOW());
INSERT INTO investment_prices (id, investment_id, price, date, created_at, updated_at) VALUES (428, 15, 256.59, '2025-10-06 06:34:37', NOW(), NOW());
INSERT INTO investment_prices (id, investment_id, price, date, created_at, updated_at) VALUES (429, 15, 247.53, '2025-10-18 06:34:37', NOW(), NOW());
INSERT INTO investment_prices (id, investment_id, price, date, created_at, updated_at) VALUES (430, 15, 245.76, '2025-10-30 06:34:37', NOW(), NOW());
INSERT INTO investment_prices (id, investment_id, price, date, created_at, updated_at) VALUES (431, 15, 248.09, '2025-11-11 06:34:37', NOW(), NOW());
INSERT INTO investment_prices (id, investment_id, price, date, created_at, updated_at) VALUES (432, 15, 242.41, '2025-11-23 06:34:37', NOW(), NOW());
INSERT INTO investment_prices (id, investment_id, price, date, created_at, updated_at) VALUES (433, 15, 235.67, '2025-12-05 06:34:37', NOW(), NOW());
INSERT INTO investment_prices (id, investment_id, price, date, created_at, updated_at) VALUES (434, 15, 237.95, '2025-12-17 06:34:37', NOW(), NOW());
INSERT INTO investment_prices (id, investment_id, price, date, created_at, updated_at) VALUES (435, 15, 251.63, '2025-12-29 06:34:37', NOW(), NOW());
INSERT INTO investment_prices (id, investment_id, price, date, created_at, updated_at) VALUES (436, 15, 265.20, '2026-01-10 06:34:37', NOW(), NOW());
INSERT INTO investment_prices (id, investment_id, price, date, created_at, updated_at) VALUES (437, 15, 267.21, '2026-01-22 06:34:37', NOW(), NOW());
INSERT INTO investment_prices (id, investment_id, price, date, created_at, updated_at) VALUES (438, 15, 273.69, '2026-02-03 06:34:37', NOW(), NOW());
INSERT INTO investment_prices (id, investment_id, price, date, created_at, updated_at) VALUES (439, 15, 276.19, '2026-02-15 06:34:37', NOW(), NOW());
INSERT INTO investment_prices (id, investment_id, price, date, created_at, updated_at) VALUES (440, 15, 278.73, '2026-02-27 06:34:37', NOW(), NOW());
INSERT INTO investment_prices (id, investment_id, price, date, created_at, updated_at) VALUES (441, 15, 275.19, '2026-03-11 06:34:37', NOW(), NOW());
INSERT INTO investment_prices (id, investment_id, price, date, created_at, updated_at) VALUES (442, 15, 284.64, '2026-03-23 06:34:37', NOW(), NOW());
INSERT INTO investment_prices (id, investment_id, price, date, created_at, updated_at) VALUES (443, 15, 277.52, '2026-04-04 06:34:37', NOW(), NOW());
INSERT INTO investment_prices (id, investment_id, price, date, created_at, updated_at) VALUES (444, 15, 272.49, '2026-04-16 06:34:37', NOW(), NOW());
INSERT INTO investment_prices (id, investment_id, price, date, created_at, updated_at) VALUES (445, 15, 284.29, '2026-04-28 06:34:37', NOW(), NOW());
INSERT INTO investment_prices (id, investment_id, price, date, created_at, updated_at) VALUES (446, 15, 284.38, '2026-05-10 06:34:37', NOW(), NOW());
INSERT INTO investment_prices (id, investment_id, price, date, created_at, updated_at) VALUES (447, 15, 275.16, '2026-05-22 06:34:37', NOW(), NOW());
INSERT INTO investment_prices (id, investment_id, price, date, created_at, updated_at) VALUES (448, 15, 272.22, '2026-06-03 06:34:37', NOW(), NOW());
INSERT INTO investment_prices (id, investment_id, price, date, created_at, updated_at) VALUES (449, 15, 267.15, '2026-06-15 06:34:37', NOW(), NOW());
INSERT INTO investment_prices (id, investment_id, price, date, created_at, updated_at) VALUES (450, 15, 268.80, '2026-06-27 06:34:37', NOW(), NOW());
INSERT INTO reminders (id, user_id, title, description, due_date, status, created_at, updated_at) VALUES (27, 5, 'Invertir este mes', 'Recordatorio generado automáticamente', '2026-07-14 04:16:16', 'completed', NOW(), NOW());
INSERT INTO reminders (id, user_id, title, description, due_date, status, created_at, updated_at) VALUES (28, 5, 'Pagar universidad', 'Recordatorio generado automáticamente', '2026-08-25 10:08:10', 'pending', NOW(), NOW());
INSERT INTO reminders (id, user_id, title, description, due_date, status, created_at, updated_at) VALUES (29, 5, 'Pagar universidad', 'Recordatorio generado automáticamente', '2026-08-16 22:00:43', 'completed', NOW(), NOW());
INSERT INTO reminders (id, user_id, title, description, due_date, status, created_at, updated_at) VALUES (30, 5, 'Pagar universidad', 'Recordatorio generado automáticamente', '2026-08-01 22:11:37', 'pending', NOW(), NOW());
INSERT INTO reminders (id, user_id, title, description, due_date, status, created_at, updated_at) VALUES (31, 5, 'Invertir este mes', 'Recordatorio generado automáticamente', '2026-07-24 08:32:34', 'completed', NOW(), NOW());
INSERT INTO reminders (id, user_id, title, description, due_date, status, created_at, updated_at) VALUES (32, 5, 'Renovar seguro', 'Recordatorio generado automáticamente', '2026-07-11 00:11:09', 'completed', NOW(), NOW());
INSERT INTO reminders (id, user_id, title, description, due_date, status, created_at, updated_at) VALUES (33, 5, 'Renovar seguro', 'Recordatorio generado automáticamente', '2026-07-24 19:05:17', 'completed', NOW(), NOW());
INSERT INTO receipts (id, user_id, transaction_id, merchant, total_amount, date, image_url, created_at, updated_at) VALUES (82, 5, 263, 'Telcel', 2213.13, '2025-07-24 21:30:50', 'https://example.com/receipt_263.jpg', NOW(), NOW());
INSERT INTO receipts (id, user_id, transaction_id, merchant, total_amount, date, image_url, created_at, updated_at) VALUES (83, 5, 254, 'Gasolinera Pemex', 1275.18, '2026-01-22 17:48:49', 'https://example.com/receipt_254.jpg', NOW(), NOW());
INSERT INTO receipts (id, user_id, transaction_id, merchant, total_amount, date, image_url, created_at, updated_at) VALUES (84, 5, 257, 'Fiverr', 1510.66, '2026-04-16 16:31:56', 'https://example.com/receipt_257.jpg', NOW(), NOW());
INSERT INTO receipts (id, user_id, transaction_id, merchant, total_amount, date, image_url, created_at, updated_at) VALUES (85, 5, 270, 'Gasolinera Pemex', 3567.84, '2026-04-27 01:45:50', 'https://example.com/receipt_270.jpg', NOW(), NOW());
INSERT INTO receipts (id, user_id, transaction_id, merchant, total_amount, date, image_url, created_at, updated_at) VALUES (86, 5, 222, 'Upwork', 1198.80, '2026-04-01 21:21:50', 'https://example.com/receipt_222.jpg', NOW(), NOW());
INSERT INTO receipts (id, user_id, transaction_id, merchant, total_amount, date, image_url, created_at, updated_at) VALUES (87, 5, 286, 'Steam', 4047.63, '2025-07-30 13:05:13', 'https://example.com/receipt_286.jpg', NOW(), NOW());
INSERT INTO receipts (id, user_id, transaction_id, merchant, total_amount, date, image_url, created_at, updated_at) VALUES (88, 5, 283, 'Uber', 633.53, '2026-01-08 16:55:23', 'https://example.com/receipt_283.jpg', NOW(), NOW());
INSERT INTO receipts (id, user_id, transaction_id, merchant, total_amount, date, image_url, created_at, updated_at) VALUES (89, 5, 276, 'SAT Reembolso', 3100.76, '2026-05-01 10:36:30', 'https://example.com/receipt_276.jpg', NOW(), NOW());
INSERT INTO receipts (id, user_id, transaction_id, merchant, total_amount, date, image_url, created_at, updated_at) VALUES (90, 5, 258, 'Izzi', 3219.18, '2025-07-09 00:31:25', 'https://example.com/receipt_258.jpg', NOW(), NOW());
INSERT INTO receipts (id, user_id, transaction_id, merchant, total_amount, date, image_url, created_at, updated_at) VALUES (91, 5, 262, 'Uber', 677.46, '2025-11-17 17:50:49', 'https://example.com/receipt_262.jpg', NOW(), NOW());
INSERT INTO receipts (id, user_id, transaction_id, merchant, total_amount, date, image_url, created_at, updated_at) VALUES (92, 5, 266, 'Steam', 4149.28, '2025-09-06 19:45:02', 'https://example.com/receipt_266.jpg', NOW(), NOW());
INSERT INTO receipts (id, user_id, transaction_id, merchant, total_amount, date, image_url, created_at, updated_at) VALUES (93, 5, 243, 'Walmart', 1262.26, '2025-07-08 00:56:19', 'https://example.com/receipt_243.jpg', NOW(), NOW());
INSERT INTO receipts (id, user_id, transaction_id, merchant, total_amount, date, image_url, created_at, updated_at) VALUES (94, 5, 228, 'GBM', 4106.99, '2026-04-03 21:08:38', 'https://example.com/receipt_228.jpg', NOW(), NOW());
INSERT INTO receipts (id, user_id, transaction_id, merchant, total_amount, date, image_url, created_at, updated_at) VALUES (95, 5, 260, 'Fiverr', 1784.77, '2026-03-19 22:00:13', 'https://example.com/receipt_260.jpg', NOW(), NOW());
INSERT INTO receipts (id, user_id, transaction_id, merchant, total_amount, date, image_url, created_at, updated_at) VALUES (96, 5, 284, 'Telcel', 4342.95, '2025-08-25 08:33:28', 'https://example.com/receipt_284.jpg', NOW(), NOW());
INSERT INTO receipts (id, user_id, transaction_id, merchant, total_amount, date, image_url, created_at, updated_at) VALUES (97, 5, 250, 'Telcel', 1041.99, '2025-10-21 06:14:19', 'https://example.com/receipt_250.jpg', NOW(), NOW());
INSERT INTO receipts (id, user_id, transaction_id, merchant, total_amount, date, image_url, created_at, updated_at) VALUES (98, 5, 266, 'Steam', 4149.28, '2025-09-06 19:45:02', 'https://example.com/receipt_266.jpg', NOW(), NOW());
INSERT INTO receipts (id, user_id, transaction_id, merchant, total_amount, date, image_url, created_at, updated_at) VALUES (99, 5, 226, 'CFE', 3471.95, '2026-01-24 04:09:08', 'https://example.com/receipt_226.jpg', NOW(), NOW());
INSERT INTO receipts (id, user_id, transaction_id, merchant, total_amount, date, image_url, created_at, updated_at) VALUES (100, 5, 281, 'Cinépolis', 4034.59, '2026-01-19 09:58:54', 'https://example.com/receipt_281.jpg', NOW(), NOW());
INSERT INTO receipts (id, user_id, transaction_id, merchant, total_amount, date, image_url, created_at, updated_at) VALUES (101, 5, 228, 'GBM', 4106.99, '2026-04-03 21:08:38', 'https://example.com/receipt_228.jpg', NOW(), NOW());
INSERT INTO receipts (id, user_id, transaction_id, merchant, total_amount, date, image_url, created_at, updated_at) VALUES (102, 5, 235, 'Empresa S.A. de C.V.', 3756.15, '2025-09-17 22:22:05', 'https://example.com/receipt_235.jpg', NOW(), NOW());
INSERT INTO receipts (id, user_id, transaction_id, merchant, total_amount, date, image_url, created_at, updated_at) VALUES (103, 5, 232, 'Fiverr', 4022.59, '2025-09-15 22:34:40', 'https://example.com/receipt_232.jpg', NOW(), NOW());
INSERT INTO receipts (id, user_id, transaction_id, merchant, total_amount, date, image_url, created_at, updated_at) VALUES (104, 5, 237, 'Soriana', 2989.78, '2026-02-16 11:15:16', 'https://example.com/receipt_237.jpg', NOW(), NOW());
INSERT INTO receipts (id, user_id, transaction_id, merchant, total_amount, date, image_url, created_at, updated_at) VALUES (105, 5, 243, 'Walmart', 1262.26, '2025-07-08 00:56:19', 'https://example.com/receipt_243.jpg', NOW(), NOW());
INSERT INTO receipts (id, user_id, transaction_id, merchant, total_amount, date, image_url, created_at, updated_at) VALUES (106, 5, 257, 'Fiverr', 1510.66, '2026-04-16 16:31:56', 'https://example.com/receipt_257.jpg', NOW(), NOW());
INSERT INTO receipts (id, user_id, transaction_id, merchant, total_amount, date, image_url, created_at, updated_at) VALUES (107, 5, 264, 'Spotify', 1799.77, '2026-06-27 21:43:11', 'https://example.com/receipt_264.jpg', NOW(), NOW());
INSERT INTO receipts (id, user_id, transaction_id, merchant, total_amount, date, image_url, created_at, updated_at) VALUES (108, 5, 256, 'Netflix', 4165.92, '2025-08-13 14:06:12', 'https://example.com/receipt_256.jpg', NOW(), NOW());
INSERT INTO receipts (id, user_id, transaction_id, merchant, total_amount, date, image_url, created_at, updated_at) VALUES (109, 5, 254, 'Gasolinera Pemex', 1275.18, '2026-01-22 17:48:49', 'https://example.com/receipt_254.jpg', NOW(), NOW());
INSERT INTO financial_snapshots (id, user_id, date, net_worth, total_assets, total_liabilities, created_at, updated_at) VALUES (209, 5, '2025-07-02', 32621.11, 39145.33, 6524.22, NOW(), NOW());
INSERT INTO financial_snapshots (id, user_id, date, net_worth, total_assets, total_liabilities, created_at, updated_at) VALUES (210, 5, '2025-07-09', 33863.65, 40636.38, 6772.73, NOW(), NOW());
INSERT INTO financial_snapshots (id, user_id, date, net_worth, total_assets, total_liabilities, created_at, updated_at) VALUES (211, 5, '2025-07-16', 35231.13, 42277.36, 7046.23, NOW(), NOW());
INSERT INTO financial_snapshots (id, user_id, date, net_worth, total_assets, total_liabilities, created_at, updated_at) VALUES (212, 5, '2025-07-23', 35640.11, 42768.13, 7128.02, NOW(), NOW());
INSERT INTO financial_snapshots (id, user_id, date, net_worth, total_assets, total_liabilities, created_at, updated_at) VALUES (213, 5, '2025-07-30', 36168.56, 43402.27, 7233.71, NOW(), NOW());
INSERT INTO financial_snapshots (id, user_id, date, net_worth, total_assets, total_liabilities, created_at, updated_at) VALUES (214, 5, '2025-08-06', 36252.55, 43503.06, 7250.51, NOW(), NOW());
INSERT INTO financial_snapshots (id, user_id, date, net_worth, total_assets, total_liabilities, created_at, updated_at) VALUES (215, 5, '2025-08-13', 36827.59, 44193.11, 7365.52, NOW(), NOW());
INSERT INTO financial_snapshots (id, user_id, date, net_worth, total_assets, total_liabilities, created_at, updated_at) VALUES (216, 5, '2025-08-20', 37553.85, 45064.62, 7510.77, NOW(), NOW());
INSERT INTO financial_snapshots (id, user_id, date, net_worth, total_assets, total_liabilities, created_at, updated_at) VALUES (217, 5, '2025-08-27', 38248.26, 45897.91, 7649.65, NOW(), NOW());
INSERT INTO financial_snapshots (id, user_id, date, net_worth, total_assets, total_liabilities, created_at, updated_at) VALUES (218, 5, '2025-09-03', 39676.28, 47611.54, 7935.26, NOW(), NOW());
INSERT INTO financial_snapshots (id, user_id, date, net_worth, total_assets, total_liabilities, created_at, updated_at) VALUES (219, 5, '2025-09-10', 40284.74, 48341.69, 8056.95, NOW(), NOW());
INSERT INTO financial_snapshots (id, user_id, date, net_worth, total_assets, total_liabilities, created_at, updated_at) VALUES (220, 5, '2025-09-17', 39960.53, 47952.64, 7992.11, NOW(), NOW());
INSERT INTO financial_snapshots (id, user_id, date, net_worth, total_assets, total_liabilities, created_at, updated_at) VALUES (221, 5, '2025-09-24', 40703.61, 48844.33, 8140.72, NOW(), NOW());
INSERT INTO financial_snapshots (id, user_id, date, net_worth, total_assets, total_liabilities, created_at, updated_at) VALUES (222, 5, '2025-10-01', 41941.46, 50329.75, 8388.29, NOW(), NOW());
INSERT INTO financial_snapshots (id, user_id, date, net_worth, total_assets, total_liabilities, created_at, updated_at) VALUES (223, 5, '2025-10-08', 43424.80, 52109.76, 8684.96, NOW(), NOW());
INSERT INTO financial_snapshots (id, user_id, date, net_worth, total_assets, total_liabilities, created_at, updated_at) VALUES (224, 5, '2025-10-15', 44071.29, 52885.55, 8814.26, NOW(), NOW());
INSERT INTO financial_snapshots (id, user_id, date, net_worth, total_assets, total_liabilities, created_at, updated_at) VALUES (225, 5, '2025-10-22', 44570.55, 53484.66, 8914.11, NOW(), NOW());
INSERT INTO financial_snapshots (id, user_id, date, net_worth, total_assets, total_liabilities, created_at, updated_at) VALUES (226, 5, '2025-10-29', 44427.74, 53313.29, 8885.55, NOW(), NOW());
INSERT INTO financial_snapshots (id, user_id, date, net_worth, total_assets, total_liabilities, created_at, updated_at) VALUES (227, 5, '2025-11-05', 44504.55, 53405.46, 8900.91, NOW(), NOW());
INSERT INTO financial_snapshots (id, user_id, date, net_worth, total_assets, total_liabilities, created_at, updated_at) VALUES (228, 5, '2025-11-12', 45154.37, 54185.24, 9030.87, NOW(), NOW());
INSERT INTO financial_snapshots (id, user_id, date, net_worth, total_assets, total_liabilities, created_at, updated_at) VALUES (229, 5, '2025-11-19', 45549.46, 54659.35, 9109.89, NOW(), NOW());
INSERT INTO financial_snapshots (id, user_id, date, net_worth, total_assets, total_liabilities, created_at, updated_at) VALUES (230, 5, '2025-11-26', 45197.19, 54236.63, 9039.44, NOW(), NOW());
INSERT INTO financial_snapshots (id, user_id, date, net_worth, total_assets, total_liabilities, created_at, updated_at) VALUES (231, 5, '2025-12-03', 46568.07, 55881.68, 9313.61, NOW(), NOW());
INSERT INTO financial_snapshots (id, user_id, date, net_worth, total_assets, total_liabilities, created_at, updated_at) VALUES (232, 5, '2025-12-10', 46626.61, 55951.93, 9325.32, NOW(), NOW());
INSERT INTO financial_snapshots (id, user_id, date, net_worth, total_assets, total_liabilities, created_at, updated_at) VALUES (233, 5, '2025-12-17', 47085.08, 56502.10, 9417.02, NOW(), NOW());
INSERT INTO financial_snapshots (id, user_id, date, net_worth, total_assets, total_liabilities, created_at, updated_at) VALUES (234, 5, '2025-12-24', 47021.24, 56425.49, 9404.25, NOW(), NOW());
INSERT INTO financial_snapshots (id, user_id, date, net_worth, total_assets, total_liabilities, created_at, updated_at) VALUES (235, 5, '2025-12-31', 47010.78, 56412.94, 9402.16, NOW(), NOW());
INSERT INTO financial_snapshots (id, user_id, date, net_worth, total_assets, total_liabilities, created_at, updated_at) VALUES (236, 5, '2026-01-07', 46746.93, 56096.32, 9349.39, NOW(), NOW());
INSERT INTO financial_snapshots (id, user_id, date, net_worth, total_assets, total_liabilities, created_at, updated_at) VALUES (237, 5, '2026-01-14', 46768.05, 56121.66, 9353.61, NOW(), NOW());
INSERT INTO financial_snapshots (id, user_id, date, net_worth, total_assets, total_liabilities, created_at, updated_at) VALUES (238, 5, '2026-01-21', 47694.21, 57233.05, 9538.84, NOW(), NOW());
INSERT INTO financial_snapshots (id, user_id, date, net_worth, total_assets, total_liabilities, created_at, updated_at) VALUES (239, 5, '2026-01-28', 48438.52, 58126.22, 9687.70, NOW(), NOW());
INSERT INTO financial_snapshots (id, user_id, date, net_worth, total_assets, total_liabilities, created_at, updated_at) VALUES (240, 5, '2026-02-04', 49829.09, 59794.91, 9965.82, NOW(), NOW());
INSERT INTO financial_snapshots (id, user_id, date, net_worth, total_assets, total_liabilities, created_at, updated_at) VALUES (241, 5, '2026-02-11', 51030.21, 61236.25, 10206.04, NOW(), NOW());
INSERT INTO financial_snapshots (id, user_id, date, net_worth, total_assets, total_liabilities, created_at, updated_at) VALUES (242, 5, '2026-02-18', 51686.93, 62024.32, 10337.39, NOW(), NOW());
INSERT INTO financial_snapshots (id, user_id, date, net_worth, total_assets, total_liabilities, created_at, updated_at) VALUES (243, 5, '2026-02-25', 52044.90, 62453.88, 10408.98, NOW(), NOW());
INSERT INTO financial_snapshots (id, user_id, date, net_worth, total_assets, total_liabilities, created_at, updated_at) VALUES (244, 5, '2026-03-04', 53141.29, 63769.55, 10628.26, NOW(), NOW());
INSERT INTO financial_snapshots (id, user_id, date, net_worth, total_assets, total_liabilities, created_at, updated_at) VALUES (245, 5, '2026-03-11', 52818.31, 63381.97, 10563.66, NOW(), NOW());
INSERT INTO financial_snapshots (id, user_id, date, net_worth, total_assets, total_liabilities, created_at, updated_at) VALUES (246, 5, '2026-03-18', 53428.75, 64114.50, 10685.75, NOW(), NOW());
INSERT INTO financial_snapshots (id, user_id, date, net_worth, total_assets, total_liabilities, created_at, updated_at) VALUES (247, 5, '2026-03-25', 53648.34, 64378.01, 10729.67, NOW(), NOW());
INSERT INTO financial_snapshots (id, user_id, date, net_worth, total_assets, total_liabilities, created_at, updated_at) VALUES (248, 5, '2026-04-01', 54676.99, 65612.39, 10935.40, NOW(), NOW());
INSERT INTO financial_snapshots (id, user_id, date, net_worth, total_assets, total_liabilities, created_at, updated_at) VALUES (249, 5, '2026-04-08', 54983.09, 65979.71, 10996.62, NOW(), NOW());
INSERT INTO financial_snapshots (id, user_id, date, net_worth, total_assets, total_liabilities, created_at, updated_at) VALUES (250, 5, '2026-04-15', 56110.66, 67332.79, 11222.13, NOW(), NOW());
INSERT INTO financial_snapshots (id, user_id, date, net_worth, total_assets, total_liabilities, created_at, updated_at) VALUES (251, 5, '2026-04-22', 55732.05, 66878.46, 11146.41, NOW(), NOW());
INSERT INTO financial_snapshots (id, user_id, date, net_worth, total_assets, total_liabilities, created_at, updated_at) VALUES (252, 5, '2026-04-29', 56921.90, 68306.28, 11384.38, NOW(), NOW());
INSERT INTO financial_snapshots (id, user_id, date, net_worth, total_assets, total_liabilities, created_at, updated_at) VALUES (253, 5, '2026-05-06', 56676.74, 68012.09, 11335.35, NOW(), NOW());
INSERT INTO financial_snapshots (id, user_id, date, net_worth, total_assets, total_liabilities, created_at, updated_at) VALUES (254, 5, '2026-05-13', 57547.85, 69057.42, 11509.57, NOW(), NOW());
INSERT INTO financial_snapshots (id, user_id, date, net_worth, total_assets, total_liabilities, created_at, updated_at) VALUES (255, 5, '2026-05-20', 57976.89, 69572.27, 11595.38, NOW(), NOW());
INSERT INTO financial_snapshots (id, user_id, date, net_worth, total_assets, total_liabilities, created_at, updated_at) VALUES (256, 5, '2026-05-27', 57865.40, 69438.48, 11573.08, NOW(), NOW());
INSERT INTO financial_snapshots (id, user_id, date, net_worth, total_assets, total_liabilities, created_at, updated_at) VALUES (257, 5, '2026-06-03', 58637.69, 70365.23, 11727.54, NOW(), NOW());
INSERT INTO financial_snapshots (id, user_id, date, net_worth, total_assets, total_liabilities, created_at, updated_at) VALUES (258, 5, '2026-06-10', 58768.40, 70522.08, 11753.68, NOW(), NOW());
INSERT INTO financial_snapshots (id, user_id, date, net_worth, total_assets, total_liabilities, created_at, updated_at) VALUES (259, 5, '2026-06-17', 59827.05, 71792.46, 11965.41, NOW(), NOW());
INSERT INTO financial_snapshots (id, user_id, date, net_worth, total_assets, total_liabilities, created_at, updated_at) VALUES (260, 5, '2026-06-24', 60456.26, 72547.51, 12091.25, NOW(), NOW());
INSERT INTO conversations (id, user_id, title, created_at, updated_at) VALUES (17, 5, '¿Cómo puedo ahorrar?', NOW(), NOW());
INSERT INTO messages (id, conversation_id, sender, content, created_at, updated_at) VALUES (244, 17, 'user', 'Pregunta sobre ¿Cómo puedo ahorrar?', '2026-06-27 06:36:37', NOW());
INSERT INTO messages (id, conversation_id, sender, content, created_at, updated_at) VALUES (245, 17, 'assistant', 'Respuesta del asistente a ¿Cómo puedo ahorrar? con análisis detallado.', '2026-06-27 06:44:37', NOW());
INSERT INTO messages (id, conversation_id, sender, content, created_at, updated_at) VALUES (246, 17, 'user', 'Pregunta sobre ¿Cómo puedo ahorrar?', '2026-06-27 06:49:37', NOW());
INSERT INTO messages (id, conversation_id, sender, content, created_at, updated_at) VALUES (247, 17, 'assistant', 'Respuesta del asistente a ¿Cómo puedo ahorrar? con análisis detallado.', '2026-06-27 06:51:37', NOW());
INSERT INTO messages (id, conversation_id, sender, content, created_at, updated_at) VALUES (248, 17, 'user', 'Pregunta sobre ¿Cómo puedo ahorrar?', '2026-06-27 06:53:37', NOW());
INSERT INTO messages (id, conversation_id, sender, content, created_at, updated_at) VALUES (249, 17, 'assistant', 'Respuesta del asistente a ¿Cómo puedo ahorrar? con análisis detallado.', '2026-06-27 07:02:37', NOW());
INSERT INTO messages (id, conversation_id, sender, content, created_at, updated_at) VALUES (250, 17, 'user', 'Pregunta sobre ¿Cómo puedo ahorrar?', '2026-06-27 07:10:37', NOW());
INSERT INTO messages (id, conversation_id, sender, content, created_at, updated_at) VALUES (251, 17, 'assistant', 'Respuesta del asistente a ¿Cómo puedo ahorrar? con análisis detallado.', '2026-06-27 07:16:37', NOW());
INSERT INTO messages (id, conversation_id, sender, content, created_at, updated_at) VALUES (252, 17, 'user', 'Pregunta sobre ¿Cómo puedo ahorrar?', '2026-06-27 07:25:37', NOW());
INSERT INTO conversations (id, user_id, title, created_at, updated_at) VALUES (18, 5, '¿Cómo puedo ahorrar?', NOW(), NOW());
INSERT INTO messages (id, conversation_id, sender, content, created_at, updated_at) VALUES (253, 18, 'user', 'Pregunta sobre ¿Cómo puedo ahorrar?', '2026-06-27 06:41:37', NOW());
INSERT INTO messages (id, conversation_id, sender, content, created_at, updated_at) VALUES (254, 18, 'assistant', 'Respuesta del asistente a ¿Cómo puedo ahorrar? con análisis detallado.', '2026-06-27 06:47:37', NOW());
INSERT INTO messages (id, conversation_id, sender, content, created_at, updated_at) VALUES (255, 18, 'user', 'Pregunta sobre ¿Cómo puedo ahorrar?', '2026-06-27 06:50:37', NOW());
INSERT INTO messages (id, conversation_id, sender, content, created_at, updated_at) VALUES (256, 18, 'assistant', 'Respuesta del asistente a ¿Cómo puedo ahorrar? con análisis detallado.', '2026-06-27 06:59:37', NOW());
INSERT INTO messages (id, conversation_id, sender, content, created_at, updated_at) VALUES (257, 18, 'user', 'Pregunta sobre ¿Cómo puedo ahorrar?', '2026-06-27 07:04:37', NOW());
INSERT INTO messages (id, conversation_id, sender, content, created_at, updated_at) VALUES (258, 18, 'assistant', 'Respuesta del asistente a ¿Cómo puedo ahorrar? con análisis detallado.', '2026-06-27 07:11:37', NOW());
INSERT INTO messages (id, conversation_id, sender, content, created_at, updated_at) VALUES (259, 18, 'user', 'Pregunta sobre ¿Cómo puedo ahorrar?', '2026-06-27 07:20:37', NOW());
INSERT INTO messages (id, conversation_id, sender, content, created_at, updated_at) VALUES (260, 18, 'assistant', 'Respuesta del asistente a ¿Cómo puedo ahorrar? con análisis detallado.', '2026-06-27 07:27:37', NOW());
INSERT INTO messages (id, conversation_id, sender, content, created_at, updated_at) VALUES (261, 18, 'user', 'Pregunta sobre ¿Cómo puedo ahorrar?', '2026-06-27 07:36:37', NOW());
INSERT INTO messages (id, conversation_id, sender, content, created_at, updated_at) VALUES (262, 18, 'assistant', 'Respuesta del asistente a ¿Cómo puedo ahorrar? con análisis detallado.', '2026-06-27 07:44:37', NOW());
INSERT INTO messages (id, conversation_id, sender, content, created_at, updated_at) VALUES (263, 18, 'user', 'Pregunta sobre ¿Cómo puedo ahorrar?', '2026-06-27 07:51:37', NOW());
INSERT INTO messages (id, conversation_id, sender, content, created_at, updated_at) VALUES (264, 18, 'assistant', 'Respuesta del asistente a ¿Cómo puedo ahorrar? con análisis detallado.', '2026-06-27 07:53:37', NOW());
INSERT INTO messages (id, conversation_id, sender, content, created_at, updated_at) VALUES (265, 18, 'user', 'Pregunta sobre ¿Cómo puedo ahorrar?', '2026-06-27 07:59:37', NOW());
INSERT INTO messages (id, conversation_id, sender, content, created_at, updated_at) VALUES (266, 18, 'assistant', 'Respuesta del asistente a ¿Cómo puedo ahorrar? con análisis detallado.', '2026-06-27 08:05:37', NOW());
INSERT INTO messages (id, conversation_id, sender, content, created_at, updated_at) VALUES (267, 18, 'user', 'Pregunta sobre ¿Cómo puedo ahorrar?', '2026-06-27 08:10:37', NOW());
INSERT INTO messages (id, conversation_id, sender, content, created_at, updated_at) VALUES (268, 18, 'assistant', 'Respuesta del asistente a ¿Cómo puedo ahorrar? con análisis detallado.', '2026-06-27 08:15:37', NOW());
INSERT INTO messages (id, conversation_id, sender, content, created_at, updated_at) VALUES (269, 18, 'user', 'Pregunta sobre ¿Cómo puedo ahorrar?', '2026-06-27 08:17:37', NOW());
INSERT INTO messages (id, conversation_id, sender, content, created_at, updated_at) VALUES (270, 18, 'assistant', 'Respuesta del asistente a ¿Cómo puedo ahorrar? con análisis detallado.', '2026-06-27 08:26:37', NOW());
INSERT INTO conversations (id, user_id, title, created_at, updated_at) VALUES (19, 5, '¿En qué gasto más?', NOW(), NOW());
INSERT INTO messages (id, conversation_id, sender, content, created_at, updated_at) VALUES (271, 19, 'user', 'Pregunta sobre ¿En qué gasto más?', '2026-06-27 06:39:37', NOW());
INSERT INTO messages (id, conversation_id, sender, content, created_at, updated_at) VALUES (272, 19, 'assistant', 'Respuesta del asistente a ¿En qué gasto más? con análisis detallado.', '2026-06-27 06:46:37', NOW());
INSERT INTO messages (id, conversation_id, sender, content, created_at, updated_at) VALUES (273, 19, 'user', 'Pregunta sobre ¿En qué gasto más?', '2026-06-27 06:55:37', NOW());
INSERT INTO messages (id, conversation_id, sender, content, created_at, updated_at) VALUES (274, 19, 'assistant', 'Respuesta del asistente a ¿En qué gasto más? con análisis detallado.', '2026-06-27 07:03:37', NOW());
INSERT INTO messages (id, conversation_id, sender, content, created_at, updated_at) VALUES (275, 19, 'user', 'Pregunta sobre ¿En qué gasto más?', '2026-06-27 07:13:37', NOW());
INSERT INTO messages (id, conversation_id, sender, content, created_at, updated_at) VALUES (276, 19, 'assistant', 'Respuesta del asistente a ¿En qué gasto más? con análisis detallado.', '2026-06-27 07:22:37', NOW());
INSERT INTO messages (id, conversation_id, sender, content, created_at, updated_at) VALUES (277, 19, 'user', 'Pregunta sobre ¿En qué gasto más?', '2026-06-27 07:24:37', NOW());
INSERT INTO messages (id, conversation_id, sender, content, created_at, updated_at) VALUES (278, 19, 'assistant', 'Respuesta del asistente a ¿En qué gasto más? con análisis detallado.', '2026-06-27 07:26:37', NOW());
INSERT INTO messages (id, conversation_id, sender, content, created_at, updated_at) VALUES (279, 19, 'user', 'Pregunta sobre ¿En qué gasto más?', '2026-06-27 07:27:37', NOW());
INSERT INTO messages (id, conversation_id, sender, content, created_at, updated_at) VALUES (280, 19, 'assistant', 'Respuesta del asistente a ¿En qué gasto más? con análisis detallado.', '2026-06-27 07:28:37', NOW());
INSERT INTO messages (id, conversation_id, sender, content, created_at, updated_at) VALUES (281, 19, 'user', 'Pregunta sobre ¿En qué gasto más?', '2026-06-27 07:33:37', NOW());
INSERT INTO conversations (id, user_id, title, created_at, updated_at) VALUES (20, 5, '¿Cuánto puedo invertir este mes?', NOW(), NOW());
INSERT INTO messages (id, conversation_id, sender, content, created_at, updated_at) VALUES (282, 20, 'user', 'Pregunta sobre ¿Cuánto puedo invertir este mes?', '2026-06-27 06:42:37', NOW());
INSERT INTO messages (id, conversation_id, sender, content, created_at, updated_at) VALUES (283, 20, 'assistant', 'Respuesta del asistente a ¿Cuánto puedo invertir este mes? con análisis detallado.', '2026-06-27 06:43:37', NOW());
INSERT INTO messages (id, conversation_id, sender, content, created_at, updated_at) VALUES (284, 20, 'user', 'Pregunta sobre ¿Cuánto puedo invertir este mes?', '2026-06-27 06:46:37', NOW());
INSERT INTO messages (id, conversation_id, sender, content, created_at, updated_at) VALUES (285, 20, 'assistant', 'Respuesta del asistente a ¿Cuánto puedo invertir este mes? con análisis detallado.', '2026-06-27 06:48:37', NOW());
INSERT INTO messages (id, conversation_id, sender, content, created_at, updated_at) VALUES (286, 20, 'user', 'Pregunta sobre ¿Cuánto puedo invertir este mes?', '2026-06-27 06:55:37', NOW());
INSERT INTO messages (id, conversation_id, sender, content, created_at, updated_at) VALUES (287, 20, 'assistant', 'Respuesta del asistente a ¿Cuánto puedo invertir este mes? con análisis detallado.', '2026-06-27 06:57:37', NOW());
INSERT INTO messages (id, conversation_id, sender, content, created_at, updated_at) VALUES (288, 20, 'user', 'Pregunta sobre ¿Cuánto puedo invertir este mes?', '2026-06-27 07:04:37', NOW());
INSERT INTO messages (id, conversation_id, sender, content, created_at, updated_at) VALUES (289, 20, 'assistant', 'Respuesta del asistente a ¿Cuánto puedo invertir este mes? con análisis detallado.', '2026-06-27 07:08:37', NOW());
INSERT INTO messages (id, conversation_id, sender, content, created_at, updated_at) VALUES (290, 20, 'user', 'Pregunta sobre ¿Cuánto puedo invertir este mes?', '2026-06-27 07:16:37', NOW());
INSERT INTO messages (id, conversation_id, sender, content, created_at, updated_at) VALUES (291, 20, 'assistant', 'Respuesta del asistente a ¿Cuánto puedo invertir este mes? con análisis detallado.', '2026-06-27 07:26:37', NOW());
INSERT INTO conversations (id, user_id, title, created_at, updated_at) VALUES (21, 5, 'Analiza mi portafolio', NOW(), NOW());
INSERT INTO messages (id, conversation_id, sender, content, created_at, updated_at) VALUES (292, 21, 'user', 'Pregunta sobre Analiza mi portafolio', '2026-06-27 06:43:37', NOW());
INSERT INTO messages (id, conversation_id, sender, content, created_at, updated_at) VALUES (293, 21, 'assistant', 'Respuesta del asistente a Analiza mi portafolio con análisis detallado.', '2026-06-27 06:48:37', NOW());
INSERT INTO messages (id, conversation_id, sender, content, created_at, updated_at) VALUES (294, 21, 'user', 'Pregunta sobre Analiza mi portafolio', '2026-06-27 06:55:37', NOW());
INSERT INTO messages (id, conversation_id, sender, content, created_at, updated_at) VALUES (295, 21, 'assistant', 'Respuesta del asistente a Analiza mi portafolio con análisis detallado.', '2026-06-27 06:57:37', NOW());
INSERT INTO messages (id, conversation_id, sender, content, created_at, updated_at) VALUES (296, 21, 'user', 'Pregunta sobre Analiza mi portafolio', '2026-06-27 07:03:37', NOW());
INSERT INTO messages (id, conversation_id, sender, content, created_at, updated_at) VALUES (297, 21, 'assistant', 'Respuesta del asistente a Analiza mi portafolio con análisis detallado.', '2026-06-27 07:10:37', NOW());
INSERT INTO messages (id, conversation_id, sender, content, created_at, updated_at) VALUES (298, 21, 'user', 'Pregunta sobre Analiza mi portafolio', '2026-06-27 07:18:37', NOW());
INSERT INTO messages (id, conversation_id, sender, content, created_at, updated_at) VALUES (299, 21, 'assistant', 'Respuesta del asistente a Analiza mi portafolio con análisis detallado.', '2026-06-27 07:28:37', NOW());
INSERT INTO messages (id, conversation_id, sender, content, created_at, updated_at) VALUES (300, 21, 'user', 'Pregunta sobre Analiza mi portafolio', '2026-06-27 07:33:37', NOW());
INSERT INTO messages (id, conversation_id, sender, content, created_at, updated_at) VALUES (301, 21, 'assistant', 'Respuesta del asistente a Analiza mi portafolio con análisis detallado.', '2026-06-27 07:43:37', NOW());
INSERT INTO messages (id, conversation_id, sender, content, created_at, updated_at) VALUES (302, 21, 'user', 'Pregunta sobre Analiza mi portafolio', '2026-06-27 07:48:37', NOW());
INSERT INTO messages (id, conversation_id, sender, content, created_at, updated_at) VALUES (303, 21, 'assistant', 'Respuesta del asistente a Analiza mi portafolio con análisis detallado.', '2026-06-27 07:54:37', NOW());
INSERT INTO messages (id, conversation_id, sender, content, created_at, updated_at) VALUES (304, 21, 'user', 'Pregunta sobre Analiza mi portafolio', '2026-06-27 07:56:37', NOW());
INSERT INTO messages (id, conversation_id, sender, content, created_at, updated_at) VALUES (305, 21, 'assistant', 'Respuesta del asistente a Analiza mi portafolio con análisis detallado.', '2026-06-27 08:06:37', NOW());
INSERT INTO messages (id, conversation_id, sender, content, created_at, updated_at) VALUES (306, 21, 'user', 'Pregunta sobre Analiza mi portafolio', '2026-06-27 08:09:37', NOW());
INSERT INTO messages (id, conversation_id, sender, content, created_at, updated_at) VALUES (307, 21, 'assistant', 'Respuesta del asistente a Analiza mi portafolio con análisis detallado.', '2026-06-27 08:10:37', NOW());
INSERT INTO users (id, name, last_name, email, password, created_at, updated_at) VALUES (6, 'Maria', 'Hernandez', 'maria.hernandez6@example.com', 'password', NOW(), NOW());
INSERT INTO settings (user_id, currency, language, theme, monthly_income, payday, ai_enabled, created_at, updated_at) VALUES (6, 'USD', 'en', 'dark', 41692.02, 18, true, NOW(), NOW());
INSERT INTO accounts (id, user_id, name, balance, color, icon, type, currency, created_at, updated_at) VALUES (25, 6, 'Nu', 31109.54, '#de97', 'icon-credit', 'credit', 'MXN', NOW(), NOW());
INSERT INTO accounts (id, user_id, name, balance, color, icon, type, currency, created_at, updated_at) VALUES (26, 6, 'Mercado Pago', 28171.08, '#3ca443', 'icon-wallet', 'wallet', 'MXN', NOW(), NOW());
INSERT INTO accounts (id, user_id, name, balance, color, icon, type, currency, created_at, updated_at) VALUES (27, 6, 'Nu', 45092.28, '#5acc56', 'icon-wallet', 'wallet', 'MXN', NOW(), NOW());
INSERT INTO funds (id, user_id, name, balance, color, icon, created_at, updated_at) VALUES (31, 6, 'Gastos necesarios', 6630.17, '#4129ca', 'icon-fund', NOW(), NOW());
INSERT INTO fund_allocations (id, fund_id, category_id, created_at, updated_at) VALUES (126, 31, 29, NOW(), NOW());
INSERT INTO fund_allocations (id, fund_id, category_id, created_at, updated_at) VALUES (127, 31, 30, NOW(), NOW());
INSERT INTO fund_allocations (id, fund_id, category_id, created_at, updated_at) VALUES (128, 31, 11, NOW(), NOW());
INSERT INTO fund_allocations (id, fund_id, category_id, created_at, updated_at) VALUES (129, 31, 27, NOW(), NOW());
INSERT INTO funds (id, user_id, name, balance, color, icon, created_at, updated_at) VALUES (32, 6, 'Gastos personales', 14763.45, '#820f74', 'icon-fund', NOW(), NOW());
INSERT INTO fund_allocations (id, fund_id, category_id, created_at, updated_at) VALUES (130, 32, 17, NOW(), NOW());
INSERT INTO fund_allocations (id, fund_id, category_id, created_at, updated_at) VALUES (131, 32, 11, NOW(), NOW());
INSERT INTO fund_allocations (id, fund_id, category_id, created_at, updated_at) VALUES (132, 32, 10, NOW(), NOW());
INSERT INTO funds (id, user_id, name, balance, color, icon, created_at, updated_at) VALUES (33, 6, 'Ahorro', 5881.24, '#9016b8', 'icon-fund', NOW(), NOW());
INSERT INTO fund_allocations (id, fund_id, category_id, created_at, updated_at) VALUES (133, 33, 4, NOW(), NOW());
INSERT INTO fund_allocations (id, fund_id, category_id, created_at, updated_at) VALUES (134, 33, 29, NOW(), NOW());
INSERT INTO fund_allocations (id, fund_id, category_id, created_at, updated_at) VALUES (135, 33, 21, NOW(), NOW());
INSERT INTO fund_allocations (id, fund_id, category_id, created_at, updated_at) VALUES (136, 33, 6, NOW(), NOW());
INSERT INTO fund_allocations (id, fund_id, category_id, created_at, updated_at) VALUES (137, 33, 11, NOW(), NOW());
INSERT INTO funds (id, user_id, name, balance, color, icon, created_at, updated_at) VALUES (34, 6, 'Inversión', 11717.31, '#fba48c', 'icon-fund', NOW(), NOW());
INSERT INTO fund_allocations (id, fund_id, category_id, created_at, updated_at) VALUES (138, 34, 15, NOW(), NOW());
INSERT INTO fund_allocations (id, fund_id, category_id, created_at, updated_at) VALUES (139, 34, 19, NOW(), NOW());
INSERT INTO fund_allocations (id, fund_id, category_id, created_at, updated_at) VALUES (140, 34, 3, NOW(), NOW());
INSERT INTO fund_allocations (id, fund_id, category_id, created_at, updated_at) VALUES (141, 34, 11, NOW(), NOW());
INSERT INTO fund_allocations (id, fund_id, category_id, created_at, updated_at) VALUES (142, 34, 14, NOW(), NOW());
INSERT INTO funds (id, user_id, name, balance, color, icon, created_at, updated_at) VALUES (35, 6, 'Fondo de emergencia', 9959.32, '#80f2a4', 'icon-fund', NOW(), NOW());
INSERT INTO fund_allocations (id, fund_id, category_id, created_at, updated_at) VALUES (143, 35, 15, NOW(), NOW());
INSERT INTO fund_allocations (id, fund_id, category_id, created_at, updated_at) VALUES (144, 35, 29, NOW(), NOW());
INSERT INTO fund_allocations (id, fund_id, category_id, created_at, updated_at) VALUES (145, 35, 23, NOW(), NOW());
INSERT INTO fund_allocations (id, fund_id, category_id, created_at, updated_at) VALUES (146, 35, 13, NOW(), NOW());
INSERT INTO fund_allocations (id, fund_id, category_id, created_at, updated_at) VALUES (147, 35, 7, NOW(), NOW());
INSERT INTO fund_allocations (id, fund_id, category_id, created_at, updated_at) VALUES (148, 35, 4, NOW(), NOW());
INSERT INTO funds (id, user_id, name, balance, color, icon, created_at, updated_at) VALUES (36, 6, 'Vacaciones', 17075.49, '#5709e6', 'icon-fund', NOW(), NOW());
INSERT INTO fund_allocations (id, fund_id, category_id, created_at, updated_at) VALUES (149, 36, 15, NOW(), NOW());
INSERT INTO fund_allocations (id, fund_id, category_id, created_at, updated_at) VALUES (150, 36, 29, NOW(), NOW());
INSERT INTO fund_allocations (id, fund_id, category_id, created_at, updated_at) VALUES (151, 36, 20, NOW(), NOW());
INSERT INTO fund_allocations (id, fund_id, category_id, created_at, updated_at) VALUES (152, 36, 5, NOW(), NOW());
INSERT INTO transactions (id, user_id, account_id, category_id, type, amount, description, notes, date, created_at, updated_at) VALUES (288, 6, 26, 13, 'expense', 4131.22, 'Cinépolis', 'Nota de prueba', '2026-01-15 19:11:17', NOW(), NOW());
INSERT INTO transactions (id, user_id, account_id, category_id, type, amount, description, notes, date, created_at, updated_at) VALUES (289, 6, 26, 5, 'income', 4028.31, 'Fiverr', 'Nota de prueba', '2026-04-03 15:26:54', NOW(), NOW());
INSERT INTO transactions (id, user_id, account_id, category_id, type, amount, description, notes, date, created_at, updated_at) VALUES (290, 6, 26, 13, 'expense', 1942.51, 'Izzi', 'Nota de prueba', '2025-10-30 01:27:23', NOW(), NOW());
INSERT INTO transactions (id, user_id, account_id, category_id, type, amount, description, notes, date, created_at, updated_at) VALUES (291, 6, 25, 16, 'expense', 532.30, 'Gasolinera Pemex', 'Nota de prueba', '2025-11-08 14:13:15', NOW(), NOW());
INSERT INTO transactions (id, user_id, account_id, category_id, type, amount, description, notes, date, created_at, updated_at) VALUES (292, 6, 27, 17, 'expense', 377.94, 'Mercado Libre', 'Nota de prueba', '2026-06-22 07:25:20', NOW(), NOW());
INSERT INTO transactions (id, user_id, account_id, category_id, type, amount, description, notes, date, created_at, updated_at) VALUES (293, 6, 26, 19, 'expense', 1637.06, 'Cinépolis', 'Nota de prueba', '2025-10-23 03:49:49', NOW(), NOW());
INSERT INTO transactions (id, user_id, account_id, category_id, type, amount, description, notes, date, created_at, updated_at) VALUES (294, 6, 26, 28, 'investment', 2597.16, 'Interactive Brokers', 'Nota de prueba', '2025-07-23 02:55:56', NOW(), NOW());
INSERT INTO transactions (id, user_id, account_id, category_id, type, amount, description, notes, date, created_at, updated_at) VALUES (295, 6, 25, 23, 'expense', 2389.60, 'Amazon', 'Nota de prueba', '2025-11-26 23:35:41', NOW(), NOW());
INSERT INTO transactions (id, user_id, account_id, category_id, type, amount, description, notes, date, created_at, updated_at) VALUES (296, 6, 26, 12, 'expense', 3322.04, 'Spotify', 'Nota de prueba', '2026-05-09 08:12:26', NOW(), NOW());
INSERT INTO transactions (id, user_id, account_id, category_id, type, amount, description, notes, date, created_at, updated_at) VALUES (297, 6, 27, 25, 'expense', 909.13, 'Uber', 'Nota de prueba', '2026-04-23 01:52:36', NOW(), NOW());
INSERT INTO transactions (id, user_id, account_id, category_id, type, amount, description, notes, date, created_at, updated_at) VALUES (298, 6, 26, 21, 'expense', 2434.58, 'Uber', 'Nota de prueba', '2025-08-28 08:42:13', NOW(), NOW());
INSERT INTO transactions (id, user_id, account_id, category_id, type, amount, description, notes, date, created_at, updated_at) VALUES (299, 6, 26, 28, 'investment', 2679.21, 'GBM', 'Nota de prueba', '2025-10-29 14:15:51', NOW(), NOW());
INSERT INTO transactions (id, user_id, account_id, category_id, type, amount, description, notes, date, created_at, updated_at) VALUES (300, 6, 26, 26, 'expense', 810.13, 'Liverpool', 'Nota de prueba', '2026-03-18 21:12:51', NOW(), NOW());
INSERT INTO transactions (id, user_id, account_id, category_id, type, amount, description, notes, date, created_at, updated_at) VALUES (301, 6, 26, 24, 'expense', 3491.80, 'Starbucks', 'Nota de prueba', '2025-07-18 00:13:47', NOW(), NOW());
INSERT INTO transactions (id, user_id, account_id, category_id, type, amount, description, notes, date, created_at, updated_at) VALUES (302, 6, 26, 24, 'expense', 1506.83, 'Izzi', 'Nota de prueba', '2026-02-28 05:00:48', NOW(), NOW());
INSERT INTO transactions (id, user_id, account_id, category_id, type, amount, description, notes, date, created_at, updated_at) VALUES (303, 6, 26, 28, 'investment', 3254.08, 'Binance', 'Nota de prueba', '2026-01-13 09:03:56', NOW(), NOW());
INSERT INTO transactions (id, user_id, account_id, category_id, type, amount, description, notes, date, created_at, updated_at) VALUES (304, 6, 26, 25, 'expense', 1545.10, 'Amazon', 'Nota de prueba', '2026-05-17 03:02:56', NOW(), NOW());
INSERT INTO transactions (id, user_id, account_id, category_id, type, amount, description, notes, date, created_at, updated_at) VALUES (305, 6, 26, 2, 'income', 902.64, 'SAT Reembolso', 'Nota de prueba', '2025-12-05 13:10:06', NOW(), NOW());
INSERT INTO transactions (id, user_id, account_id, category_id, type, amount, description, notes, date, created_at, updated_at) VALUES (306, 6, 27, 18, 'expense', 1625.81, 'Didi', 'Nota de prueba', '2026-06-01 02:18:22', NOW(), NOW());
INSERT INTO transactions (id, user_id, account_id, category_id, type, amount, description, notes, date, created_at, updated_at) VALUES (307, 6, 26, 12, 'expense', 1998.06, 'McDonald''s', 'Nota de prueba', '2025-09-25 08:08:08', NOW(), NOW());
INSERT INTO transactions (id, user_id, account_id, category_id, type, amount, description, notes, date, created_at, updated_at) VALUES (308, 6, 25, 12, 'expense', 3261.50, 'CFE', 'Nota de prueba', '2025-11-25 19:05:27', NOW(), NOW());
INSERT INTO transactions (id, user_id, account_id, category_id, type, amount, description, notes, date, created_at, updated_at) VALUES (309, 6, 25, 22, 'expense', 403.15, 'Liverpool', 'Nota de prueba', '2025-12-12 22:37:18', NOW(), NOW());
INSERT INTO transactions (id, user_id, account_id, category_id, type, amount, description, notes, date, created_at, updated_at) VALUES (310, 6, 26, 5, 'income', 1143.38, 'Dividendos GBM', 'Nota de prueba', '2026-04-02 03:11:46', NOW(), NOW());
INSERT INTO transactions (id, user_id, account_id, category_id, type, amount, description, notes, date, created_at, updated_at) VALUES (311, 6, 25, 11, 'expense', 2181.91, 'Gasolinera Pemex', 'Nota de prueba', '2025-11-08 23:15:06', NOW(), NOW());
INSERT INTO transactions (id, user_id, account_id, category_id, type, amount, description, notes, date, created_at, updated_at) VALUES (312, 6, 26, 18, 'expense', 4065.33, 'Steam', 'Nota de prueba', '2025-11-16 16:29:21', NOW(), NOW());
INSERT INTO transactions (id, user_id, account_id, category_id, type, amount, description, notes, date, created_at, updated_at) VALUES (313, 6, 26, 24, 'expense', 4368.10, 'Apple', 'Nota de prueba', '2025-07-19 16:32:07', NOW(), NOW());
INSERT INTO transactions (id, user_id, account_id, category_id, type, amount, description, notes, date, created_at, updated_at) VALUES (314, 6, 27, 11, 'expense', 3213.45, 'Mercado Libre', 'Nota de prueba', '2025-11-15 21:30:54', NOW(), NOW());
INSERT INTO transactions (id, user_id, account_id, category_id, type, amount, description, notes, date, created_at, updated_at) VALUES (315, 6, 27, 30, 'investment', 4332.74, 'Interactive Brokers', 'Nota de prueba', '2025-08-29 13:53:44', NOW(), NOW());
INSERT INTO transactions (id, user_id, account_id, category_id, type, amount, description, notes, date, created_at, updated_at) VALUES (316, 6, 25, 22, 'expense', 4143.79, 'McDonald''s', 'Nota de prueba', '2026-03-04 10:34:05', NOW(), NOW());
INSERT INTO transactions (id, user_id, account_id, category_id, type, amount, description, notes, date, created_at, updated_at) VALUES (317, 6, 26, 28, 'investment', 3959.21, 'Binance', 'Nota de prueba', '2025-08-22 07:46:57', NOW(), NOW());
INSERT INTO transactions (id, user_id, account_id, category_id, type, amount, description, notes, date, created_at, updated_at) VALUES (318, 6, 26, 6, 'expense', 3787.77, 'Domino''s', 'Nota de prueba', '2025-10-05 04:33:54', NOW(), NOW());
INSERT INTO transactions (id, user_id, account_id, category_id, type, amount, description, notes, date, created_at, updated_at) VALUES (319, 6, 27, 18, 'expense', 1724.33, 'Starbucks', 'Nota de prueba', '2026-05-18 20:54:17', NOW(), NOW());
INSERT INTO transactions (id, user_id, account_id, category_id, type, amount, description, notes, date, created_at, updated_at) VALUES (320, 6, 25, 7, 'expense', 2250.93, 'Telcel', 'Nota de prueba', '2026-05-03 12:32:30', NOW(), NOW());
INSERT INTO transactions (id, user_id, account_id, category_id, type, amount, description, notes, date, created_at, updated_at) VALUES (321, 6, 26, 23, 'expense', 1324.79, 'Starbucks', 'Nota de prueba', '2026-03-22 02:00:22', NOW(), NOW());
INSERT INTO transactions (id, user_id, account_id, category_id, type, amount, description, notes, date, created_at, updated_at) VALUES (322, 6, 27, 22, 'expense', 2772.68, 'Telcel', 'Nota de prueba', '2026-06-07 04:03:51', NOW(), NOW());
INSERT INTO transactions (id, user_id, account_id, category_id, type, amount, description, notes, date, created_at, updated_at) VALUES (323, 6, 27, 22, 'expense', 1778.00, 'Domino''s', 'Nota de prueba', '2026-05-04 16:57:52', NOW(), NOW());
INSERT INTO transactions (id, user_id, account_id, category_id, type, amount, description, notes, date, created_at, updated_at) VALUES (324, 6, 25, 10, 'expense', 2519.59, 'Walmart', 'Nota de prueba', '2026-04-07 07:01:21', NOW(), NOW());
INSERT INTO transactions (id, user_id, account_id, category_id, type, amount, description, notes, date, created_at, updated_at) VALUES (325, 6, 26, 27, 'expense', 287.74, 'Uber', 'Nota de prueba', '2026-05-04 20:11:37', NOW(), NOW());
INSERT INTO transactions (id, user_id, account_id, category_id, type, amount, description, notes, date, created_at, updated_at) VALUES (326, 6, 25, 12, 'expense', 4436.67, 'Apple', 'Nota de prueba', '2026-04-30 09:20:47', NOW(), NOW());
INSERT INTO transactions (id, user_id, account_id, category_id, type, amount, description, notes, date, created_at, updated_at) VALUES (327, 6, 25, 20, 'expense', 3700.28, 'Domino''s', 'Nota de prueba', '2025-08-28 19:23:38', NOW(), NOW());
INSERT INTO transactions (id, user_id, account_id, category_id, type, amount, description, notes, date, created_at, updated_at) VALUES (328, 6, 25, 13, 'expense', 2063.72, 'McDonald''s', 'Nota de prueba', '2026-02-09 07:22:14', NOW(), NOW());
INSERT INTO transactions (id, user_id, account_id, category_id, type, amount, description, notes, date, created_at, updated_at) VALUES (329, 6, 26, 15, 'expense', 167.19, 'Costco', 'Nota de prueba', '2025-12-25 19:32:17', NOW(), NOW());
INSERT INTO transactions (id, user_id, account_id, category_id, type, amount, description, notes, date, created_at, updated_at) VALUES (330, 6, 25, 22, 'expense', 3414.13, 'Apple', 'Nota de prueba', '2025-11-18 12:07:47', NOW(), NOW());
INSERT INTO transactions (id, user_id, account_id, category_id, type, amount, description, notes, date, created_at, updated_at) VALUES (331, 6, 26, 16, 'expense', 2972.48, 'Domino''s', 'Nota de prueba', '2026-02-08 07:28:21', NOW(), NOW());
INSERT INTO transactions (id, user_id, account_id, category_id, type, amount, description, notes, date, created_at, updated_at) VALUES (332, 6, 26, 11, 'expense', 803.47, 'Walmart', 'Nota de prueba', '2025-12-31 19:21:23', NOW(), NOW());
INSERT INTO transactions (id, user_id, account_id, category_id, type, amount, description, notes, date, created_at, updated_at) VALUES (333, 6, 27, 15, 'expense', 3149.59, 'Amazon', 'Nota de prueba', '2026-03-06 13:05:39', NOW(), NOW());
INSERT INTO transactions (id, user_id, account_id, category_id, type, amount, description, notes, date, created_at, updated_at) VALUES (334, 6, 27, 7, 'expense', 2601.62, 'Didi', 'Nota de prueba', '2026-06-09 09:37:24', NOW(), NOW());
INSERT INTO transactions (id, user_id, account_id, category_id, type, amount, description, notes, date, created_at, updated_at) VALUES (335, 6, 26, 22, 'expense', 396.79, 'Steam', 'Nota de prueba', '2026-04-27 18:34:56', NOW(), NOW());
INSERT INTO transactions (id, user_id, account_id, category_id, type, amount, description, notes, date, created_at, updated_at) VALUES (336, 6, 27, 10, 'expense', 885.08, 'Walmart', 'Nota de prueba', '2026-03-08 15:45:35', NOW(), NOW());
INSERT INTO transactions (id, user_id, account_id, category_id, type, amount, description, notes, date, created_at, updated_at) VALUES (337, 6, 27, 10, 'expense', 2905.01, 'Cinépolis', 'Nota de prueba', '2025-12-08 23:06:35', NOW(), NOW());
INSERT INTO transactions (id, user_id, account_id, category_id, type, amount, description, notes, date, created_at, updated_at) VALUES (338, 6, 26, 3, 'income', 3665.26, 'Dividendos GBM', 'Nota de prueba', '2025-09-06 02:29:59', NOW(), NOW());
INSERT INTO transactions (id, user_id, account_id, category_id, type, amount, description, notes, date, created_at, updated_at) VALUES (339, 6, 25, 5, 'income', 3065.32, 'Empresa S.A. de C.V.', 'Nota de prueba', '2025-10-18 11:57:16', NOW(), NOW());
INSERT INTO transactions (id, user_id, account_id, category_id, type, amount, description, notes, date, created_at, updated_at) VALUES (340, 6, 27, 19, 'expense', 695.46, 'Cinépolis', 'Nota de prueba', '2026-04-03 07:57:01', NOW(), NOW());
INSERT INTO transactions (id, user_id, account_id, category_id, type, amount, description, notes, date, created_at, updated_at) VALUES (341, 6, 27, 14, 'expense', 2909.57, 'Steam', 'Nota de prueba', '2025-09-21 14:39:30', NOW(), NOW());
INSERT INTO transactions (id, user_id, account_id, category_id, type, amount, description, notes, date, created_at, updated_at) VALUES (342, 6, 27, 11, 'expense', 1445.36, 'Telcel', 'Nota de prueba', '2025-09-14 17:47:51', NOW(), NOW());
INSERT INTO transactions (id, user_id, account_id, category_id, type, amount, description, notes, date, created_at, updated_at) VALUES (343, 6, 27, 19, 'expense', 1333.90, 'McDonald''s', 'Nota de prueba', '2026-03-21 21:52:10', NOW(), NOW());
INSERT INTO transactions (id, user_id, account_id, category_id, type, amount, description, notes, date, created_at, updated_at) VALUES (344, 6, 27, 4, 'income', 4548.10, 'Dividendos GBM', 'Nota de prueba', '2025-08-30 22:47:25', NOW(), NOW());
INSERT INTO transactions (id, user_id, account_id, category_id, type, amount, description, notes, date, created_at, updated_at) VALUES (345, 6, 25, 21, 'expense', 2779.58, 'Apple', 'Nota de prueba', '2025-07-31 19:19:40', NOW(), NOW());
INSERT INTO transactions (id, user_id, account_id, category_id, type, amount, description, notes, date, created_at, updated_at) VALUES (346, 6, 26, 12, 'expense', 1687.79, 'Soriana', 'Nota de prueba', '2025-07-14 07:17:48', NOW(), NOW());
INSERT INTO transactions (id, user_id, account_id, category_id, type, amount, description, notes, date, created_at, updated_at) VALUES (347, 6, 27, 25, 'expense', 421.71, 'Soriana', 'Nota de prueba', '2025-11-03 13:06:34', NOW(), NOW());
INSERT INTO budgets (id, user_id, category_id, amount, month, created_at, updated_at) VALUES (26, 6, 24, 1825.60, '2026-07-01', NOW(), NOW());
INSERT INTO budgets (id, user_id, category_id, amount, month, created_at, updated_at) VALUES (27, 6, 22, 3626.42, '2026-07-01', NOW(), NOW());
INSERT INTO budgets (id, user_id, category_id, amount, month, created_at, updated_at) VALUES (28, 6, 9, 2319.06, '2026-07-01', NOW(), NOW());
INSERT INTO budgets (id, user_id, category_id, amount, month, created_at, updated_at) VALUES (29, 6, 27, 3518.57, '2026-07-01', NOW(), NOW());
INSERT INTO budgets (id, user_id, category_id, amount, month, created_at, updated_at) VALUES (30, 6, 25, 3451.75, '2026-07-01', NOW(), NOW());
INSERT INTO goals (id, user_id, name, target_amount, current_amount, status, deadline, created_at, updated_at) VALUES (19, 6, 'Casa', 64395.58, 44969.53, 'active', '2027-03-30', NOW(), NOW());
INSERT INTO goals (id, user_id, name, target_amount, current_amount, status, deadline, created_at, updated_at) VALUES (20, 6, 'Comprar automóvil', 61794.88, 42416.93, 'paused', '2026-12-13', NOW(), NOW());
INSERT INTO goals (id, user_id, name, target_amount, current_amount, status, deadline, created_at, updated_at) VALUES (21, 6, 'Viaje a Japón', 92620.31, 18820.45, 'active', '2026-09-27', NOW(), NOW());
INSERT INTO goals (id, user_id, name, target_amount, current_amount, status, deadline, created_at, updated_at) VALUES (22, 6, 'Fondo de emergencia', 48006.30, 45958.02, 'paused', '2026-07-05', NOW(), NOW());
INSERT INTO goals (id, user_id, name, target_amount, current_amount, status, deadline, created_at, updated_at) VALUES (23, 6, 'Laptop nueva', 75702.66, 16324.90, 'active', '2026-09-13', NOW(), NOW());
INSERT INTO goals (id, user_id, name, target_amount, current_amount, status, deadline, created_at, updated_at) VALUES (24, 6, 'Invertir 100,000', 11735.34, 11556.43, 'completed', '2027-03-13', NOW(), NOW());
INSERT INTO subscriptions (id, user_id, name, amount, billing_cycle, next_billing_date, category_id, account_id, created_at, updated_at) VALUES (39, 6, 'Disney+', 332.60, 'monthly', '2026-07-16', 14, 26, NOW(), NOW());
INSERT INTO subscriptions (id, user_id, name, amount, billing_cycle, next_billing_date, category_id, account_id, created_at, updated_at) VALUES (40, 6, 'iCloud', 100.09, 'monthly', '2026-07-27', 22, 26, NOW(), NOW());
INSERT INTO subscriptions (id, user_id, name, amount, billing_cycle, next_billing_date, category_id, account_id, created_at, updated_at) VALUES (41, 6, 'Crunchyroll', 297.87, 'monthly', '2026-07-03', 9, 26, NOW(), NOW());
INSERT INTO subscriptions (id, user_id, name, amount, billing_cycle, next_billing_date, category_id, account_id, created_at, updated_at) VALUES (42, 6, 'Microsoft 365', 311.08, 'monthly', '2026-07-20', 8, 27, NOW(), NOW());
INSERT INTO subscriptions (id, user_id, name, amount, billing_cycle, next_billing_date, category_id, account_id, created_at, updated_at) VALUES (43, 6, 'Netflix', 254.68, 'monthly', '2026-07-28', 19, 25, NOW(), NOW());
INSERT INTO investments (id, user_id, account_id, symbol, quantity, average_price, currency, type, created_at, updated_at) VALUES (16, 6, 25, 'QQQ', 41.54, 361.99, 'USD', 'etf', NOW(), NOW());
INSERT INTO investment_prices (id, investment_id, price, date, created_at, updated_at) VALUES (451, 16, 347.70, '2025-07-14 06:34:37', NOW(), NOW());
INSERT INTO investment_prices (id, investment_id, price, date, created_at, updated_at) VALUES (452, 16, 336.92, '2025-07-26 06:34:37', NOW(), NOW());
INSERT INTO investment_prices (id, investment_id, price, date, created_at, updated_at) VALUES (453, 16, 345.05, '2025-08-07 06:34:37', NOW(), NOW());
INSERT INTO investment_prices (id, investment_id, price, date, created_at, updated_at) VALUES (454, 16, 356.40, '2025-08-19 06:34:37', NOW(), NOW());
INSERT INTO investment_prices (id, investment_id, price, date, created_at, updated_at) VALUES (455, 16, 365.88, '2025-08-31 06:34:37', NOW(), NOW());
INSERT INTO investment_prices (id, investment_id, price, date, created_at, updated_at) VALUES (456, 16, 374.04, '2025-09-12 06:34:37', NOW(), NOW());
INSERT INTO investment_prices (id, investment_id, price, date, created_at, updated_at) VALUES (457, 16, 362.69, '2025-09-24 06:34:37', NOW(), NOW());
INSERT INTO investment_prices (id, investment_id, price, date, created_at, updated_at) VALUES (458, 16, 355.51, '2025-10-06 06:34:37', NOW(), NOW());
INSERT INTO investment_prices (id, investment_id, price, date, created_at, updated_at) VALUES (459, 16, 371.06, '2025-10-18 06:34:37', NOW(), NOW());
INSERT INTO investment_prices (id, investment_id, price, date, created_at, updated_at) VALUES (460, 16, 375.46, '2025-10-30 06:34:37', NOW(), NOW());
INSERT INTO investment_prices (id, investment_id, price, date, created_at, updated_at) VALUES (461, 16, 362.22, '2025-11-11 06:34:37', NOW(), NOW());
INSERT INTO investment_prices (id, investment_id, price, date, created_at, updated_at) VALUES (462, 16, 351.47, '2025-11-23 06:34:37', NOW(), NOW());
INSERT INTO investment_prices (id, investment_id, price, date, created_at, updated_at) VALUES (463, 16, 359.85, '2025-12-05 06:34:37', NOW(), NOW());
INSERT INTO investment_prices (id, investment_id, price, date, created_at, updated_at) VALUES (464, 16, 355.27, '2025-12-17 06:34:37', NOW(), NOW());
INSERT INTO investment_prices (id, investment_id, price, date, created_at, updated_at) VALUES (465, 16, 347.19, '2025-12-29 06:34:37', NOW(), NOW());
INSERT INTO investment_prices (id, investment_id, price, date, created_at, updated_at) VALUES (466, 16, 355.28, '2026-01-10 06:34:37', NOW(), NOW());
INSERT INTO investment_prices (id, investment_id, price, date, created_at, updated_at) VALUES (467, 16, 361.97, '2026-01-22 06:34:37', NOW(), NOW());
INSERT INTO investment_prices (id, investment_id, price, date, created_at, updated_at) VALUES (468, 16, 378.45, '2026-02-03 06:34:37', NOW(), NOW());
INSERT INTO investment_prices (id, investment_id, price, date, created_at, updated_at) VALUES (469, 16, 374.67, '2026-02-15 06:34:37', NOW(), NOW());
INSERT INTO investment_prices (id, investment_id, price, date, created_at, updated_at) VALUES (470, 16, 367.06, '2026-02-27 06:34:37', NOW(), NOW());
INSERT INTO investment_prices (id, investment_id, price, date, created_at, updated_at) VALUES (471, 16, 361.93, '2026-03-11 06:34:37', NOW(), NOW());
INSERT INTO investment_prices (id, investment_id, price, date, created_at, updated_at) VALUES (472, 16, 355.57, '2026-03-23 06:34:37', NOW(), NOW());
INSERT INTO investment_prices (id, investment_id, price, date, created_at, updated_at) VALUES (473, 16, 365.98, '2026-04-04 06:34:37', NOW(), NOW());
INSERT INTO investment_prices (id, investment_id, price, date, created_at, updated_at) VALUES (474, 16, 381.96, '2026-04-16 06:34:37', NOW(), NOW());
INSERT INTO investment_prices (id, investment_id, price, date, created_at, updated_at) VALUES (475, 16, 400.48, '2026-04-28 06:34:37', NOW(), NOW());
INSERT INTO investment_prices (id, investment_id, price, date, created_at, updated_at) VALUES (476, 16, 401.63, '2026-05-10 06:34:37', NOW(), NOW());
INSERT INTO investment_prices (id, investment_id, price, date, created_at, updated_at) VALUES (477, 16, 401.48, '2026-05-22 06:34:37', NOW(), NOW());
INSERT INTO investment_prices (id, investment_id, price, date, created_at, updated_at) VALUES (478, 16, 398.68, '2026-06-03 06:34:37', NOW(), NOW());
INSERT INTO investment_prices (id, investment_id, price, date, created_at, updated_at) VALUES (479, 16, 397.21, '2026-06-15 06:34:37', NOW(), NOW());
INSERT INTO investment_prices (id, investment_id, price, date, created_at, updated_at) VALUES (480, 16, 406.07, '2026-06-27 06:34:37', NOW(), NOW());
INSERT INTO investments (id, user_id, account_id, symbol, quantity, average_price, currency, type, created_at, updated_at) VALUES (17, 6, 27, 'NVDA', 5.22, 284.83, 'USD', 'stock', NOW(), NOW());
INSERT INTO investment_prices (id, investment_id, price, date, created_at, updated_at) VALUES (481, 17, 283.47, '2025-07-14 06:34:37', NOW(), NOW());
INSERT INTO investment_prices (id, investment_id, price, date, created_at, updated_at) VALUES (482, 17, 290.59, '2025-07-26 06:34:37', NOW(), NOW());
INSERT INTO investment_prices (id, investment_id, price, date, created_at, updated_at) VALUES (483, 17, 301.92, '2025-08-07 06:34:37', NOW(), NOW());
INSERT INTO investment_prices (id, investment_id, price, date, created_at, updated_at) VALUES (484, 17, 301.04, '2025-08-19 06:34:37', NOW(), NOW());
INSERT INTO investment_prices (id, investment_id, price, date, created_at, updated_at) VALUES (485, 17, 309.89, '2025-08-31 06:34:37', NOW(), NOW());
INSERT INTO investment_prices (id, investment_id, price, date, created_at, updated_at) VALUES (486, 17, 301.73, '2025-09-12 06:34:37', NOW(), NOW());
INSERT INTO investment_prices (id, investment_id, price, date, created_at, updated_at) VALUES (487, 17, 309.83, '2025-09-24 06:34:37', NOW(), NOW());
INSERT INTO investment_prices (id, investment_id, price, date, created_at, updated_at) VALUES (488, 17, 304.20, '2025-10-06 06:34:37', NOW(), NOW());
INSERT INTO investment_prices (id, investment_id, price, date, created_at, updated_at) VALUES (489, 17, 311.27, '2025-10-18 06:34:37', NOW(), NOW());
INSERT INTO investment_prices (id, investment_id, price, date, created_at, updated_at) VALUES (490, 17, 325.27, '2025-10-30 06:34:37', NOW(), NOW());
INSERT INTO investment_prices (id, investment_id, price, date, created_at, updated_at) VALUES (491, 17, 318.61, '2025-11-11 06:34:37', NOW(), NOW());
INSERT INTO investment_prices (id, investment_id, price, date, created_at, updated_at) VALUES (492, 17, 313.67, '2025-11-23 06:34:37', NOW(), NOW());
INSERT INTO investment_prices (id, investment_id, price, date, created_at, updated_at) VALUES (493, 17, 307.37, '2025-12-05 06:34:37', NOW(), NOW());
INSERT INTO investment_prices (id, investment_id, price, date, created_at, updated_at) VALUES (494, 17, 320.87, '2025-12-17 06:34:37', NOW(), NOW());
INSERT INTO investment_prices (id, investment_id, price, date, created_at, updated_at) VALUES (495, 17, 327.88, '2025-12-29 06:34:37', NOW(), NOW());
INSERT INTO investment_prices (id, investment_id, price, date, created_at, updated_at) VALUES (496, 17, 324.64, '2026-01-10 06:34:37', NOW(), NOW());
INSERT INTO investment_prices (id, investment_id, price, date, created_at, updated_at) VALUES (497, 17, 337.80, '2026-01-22 06:34:37', NOW(), NOW());
INSERT INTO investment_prices (id, investment_id, price, date, created_at, updated_at) VALUES (498, 17, 327.08, '2026-02-03 06:34:37', NOW(), NOW());
INSERT INTO investment_prices (id, investment_id, price, date, created_at, updated_at) VALUES (499, 17, 314.82, '2026-02-15 06:34:37', NOW(), NOW());
INSERT INTO investment_prices (id, investment_id, price, date, created_at, updated_at) VALUES (500, 17, 318.02, '2026-02-27 06:34:37', NOW(), NOW());
INSERT INTO investment_prices (id, investment_id, price, date, created_at, updated_at) VALUES (501, 17, 334.89, '2026-03-11 06:34:37', NOW(), NOW());
INSERT INTO investment_prices (id, investment_id, price, date, created_at, updated_at) VALUES (502, 17, 349.97, '2026-03-23 06:34:37', NOW(), NOW());
INSERT INTO investment_prices (id, investment_id, price, date, created_at, updated_at) VALUES (503, 17, 360.71, '2026-04-04 06:34:37', NOW(), NOW());
INSERT INTO investment_prices (id, investment_id, price, date, created_at, updated_at) VALUES (504, 17, 348.82, '2026-04-16 06:34:37', NOW(), NOW());
INSERT INTO investment_prices (id, investment_id, price, date, created_at, updated_at) VALUES (505, 17, 348.36, '2026-04-28 06:34:37', NOW(), NOW());
INSERT INTO investment_prices (id, investment_id, price, date, created_at, updated_at) VALUES (506, 17, 350.98, '2026-05-10 06:34:37', NOW(), NOW());
INSERT INTO investment_prices (id, investment_id, price, date, created_at, updated_at) VALUES (507, 17, 355.26, '2026-05-22 06:34:37', NOW(), NOW());
INSERT INTO investment_prices (id, investment_id, price, date, created_at, updated_at) VALUES (508, 17, 369.06, '2026-06-03 06:34:37', NOW(), NOW());
INSERT INTO investment_prices (id, investment_id, price, date, created_at, updated_at) VALUES (509, 17, 374.00, '2026-06-15 06:34:37', NOW(), NOW());
INSERT INTO investment_prices (id, investment_id, price, date, created_at, updated_at) VALUES (510, 17, 388.13, '2026-06-27 06:34:37', NOW(), NOW());
INSERT INTO investments (id, user_id, account_id, symbol, quantity, average_price, currency, type, created_at, updated_at) VALUES (18, 6, 27, 'BTC', 30.82, 382.30, 'USD', 'crypto', NOW(), NOW());
INSERT INTO investment_prices (id, investment_id, price, date, created_at, updated_at) VALUES (511, 18, 377.14, '2025-07-14 06:34:37', NOW(), NOW());
INSERT INTO investment_prices (id, investment_id, price, date, created_at, updated_at) VALUES (512, 18, 389.00, '2025-07-26 06:34:37', NOW(), NOW());
INSERT INTO investment_prices (id, investment_id, price, date, created_at, updated_at) VALUES (513, 18, 401.75, '2025-08-07 06:34:37', NOW(), NOW());
INSERT INTO investment_prices (id, investment_id, price, date, created_at, updated_at) VALUES (514, 18, 402.71, '2025-08-19 06:34:37', NOW(), NOW());
INSERT INTO investment_prices (id, investment_id, price, date, created_at, updated_at) VALUES (515, 18, 408.22, '2025-08-31 06:34:37', NOW(), NOW());
INSERT INTO investment_prices (id, investment_id, price, date, created_at, updated_at) VALUES (516, 18, 431.20, '2025-09-12 06:34:37', NOW(), NOW());
INSERT INTO investment_prices (id, investment_id, price, date, created_at, updated_at) VALUES (517, 18, 440.06, '2025-09-24 06:34:37', NOW(), NOW());
INSERT INTO investment_prices (id, investment_id, price, date, created_at, updated_at) VALUES (518, 18, 434.93, '2025-10-06 06:34:37', NOW(), NOW());
INSERT INTO investment_prices (id, investment_id, price, date, created_at, updated_at) VALUES (519, 18, 457.55, '2025-10-18 06:34:37', NOW(), NOW());
INSERT INTO investment_prices (id, investment_id, price, date, created_at, updated_at) VALUES (520, 18, 484.42, '2025-10-30 06:34:37', NOW(), NOW());
INSERT INTO investment_prices (id, investment_id, price, date, created_at, updated_at) VALUES (521, 18, 494.83, '2025-11-11 06:34:37', NOW(), NOW());
INSERT INTO investment_prices (id, investment_id, price, date, created_at, updated_at) VALUES (522, 18, 513.21, '2025-11-23 06:34:37', NOW(), NOW());
INSERT INTO investment_prices (id, investment_id, price, date, created_at, updated_at) VALUES (523, 18, 514.81, '2025-12-05 06:34:37', NOW(), NOW());
INSERT INTO investment_prices (id, investment_id, price, date, created_at, updated_at) VALUES (524, 18, 508.88, '2025-12-17 06:34:37', NOW(), NOW());
INSERT INTO investment_prices (id, investment_id, price, date, created_at, updated_at) VALUES (525, 18, 518.61, '2025-12-29 06:34:37', NOW(), NOW());
INSERT INTO investment_prices (id, investment_id, price, date, created_at, updated_at) VALUES (526, 18, 538.44, '2026-01-10 06:34:37', NOW(), NOW());
INSERT INTO investment_prices (id, investment_id, price, date, created_at, updated_at) VALUES (527, 18, 555.30, '2026-01-22 06:34:37', NOW(), NOW());
INSERT INTO investment_prices (id, investment_id, price, date, created_at, updated_at) VALUES (528, 18, 558.68, '2026-02-03 06:34:37', NOW(), NOW());
INSERT INTO investment_prices (id, investment_id, price, date, created_at, updated_at) VALUES (529, 18, 542.26, '2026-02-15 06:34:37', NOW(), NOW());
INSERT INTO investment_prices (id, investment_id, price, date, created_at, updated_at) VALUES (530, 18, 574.32, '2026-02-27 06:34:37', NOW(), NOW());
INSERT INTO investment_prices (id, investment_id, price, date, created_at, updated_at) VALUES (531, 18, 569.04, '2026-03-11 06:34:37', NOW(), NOW());
INSERT INTO investment_prices (id, investment_id, price, date, created_at, updated_at) VALUES (532, 18, 585.99, '2026-03-23 06:34:37', NOW(), NOW());
INSERT INTO investment_prices (id, investment_id, price, date, created_at, updated_at) VALUES (533, 18, 619.66, '2026-04-04 06:34:37', NOW(), NOW());
INSERT INTO investment_prices (id, investment_id, price, date, created_at, updated_at) VALUES (534, 18, 652.97, '2026-04-16 06:34:37', NOW(), NOW());
INSERT INTO investment_prices (id, investment_id, price, date, created_at, updated_at) VALUES (535, 18, 691.86, '2026-04-28 06:34:37', NOW(), NOW());
INSERT INTO investment_prices (id, investment_id, price, date, created_at, updated_at) VALUES (536, 18, 704.46, '2026-05-10 06:34:37', NOW(), NOW());
INSERT INTO investment_prices (id, investment_id, price, date, created_at, updated_at) VALUES (537, 18, 713.94, '2026-05-22 06:34:37', NOW(), NOW());
INSERT INTO investment_prices (id, investment_id, price, date, created_at, updated_at) VALUES (538, 18, 691.11, '2026-06-03 06:34:37', NOW(), NOW());
INSERT INTO investment_prices (id, investment_id, price, date, created_at, updated_at) VALUES (539, 18, 710.32, '2026-06-15 06:34:37', NOW(), NOW());
INSERT INTO investment_prices (id, investment_id, price, date, created_at, updated_at) VALUES (540, 18, 703.22, '2026-06-27 06:34:37', NOW(), NOW());
INSERT INTO reminders (id, user_id, title, description, due_date, status, created_at, updated_at) VALUES (34, 6, 'Pagar tarjeta', 'Recordatorio generado automáticamente', '2026-08-12 06:32:48', 'pending', NOW(), NOW());
INSERT INTO reminders (id, user_id, title, description, due_date, status, created_at, updated_at) VALUES (35, 6, 'Pagar universidad', 'Recordatorio generado automáticamente', '2026-08-13 07:58:55', 'pending', NOW(), NOW());
INSERT INTO reminders (id, user_id, title, description, due_date, status, created_at, updated_at) VALUES (36, 6, 'Pagar tarjeta', 'Recordatorio generado automáticamente', '2026-08-26 12:29:23', 'completed', NOW(), NOW());
INSERT INTO reminders (id, user_id, title, description, due_date, status, created_at, updated_at) VALUES (37, 6, 'Comprar gasolina', 'Recordatorio generado automáticamente', '2026-07-14 18:35:48', 'completed', NOW(), NOW());
INSERT INTO reminders (id, user_id, title, description, due_date, status, created_at, updated_at) VALUES (38, 6, 'Renovar seguro', 'Recordatorio generado automáticamente', '2026-07-21 03:47:17', 'completed', NOW(), NOW());
INSERT INTO reminders (id, user_id, title, description, due_date, status, created_at, updated_at) VALUES (39, 6, 'Renovar seguro', 'Recordatorio generado automáticamente', '2026-07-13 07:23:13', 'pending', NOW(), NOW());
INSERT INTO reminders (id, user_id, title, description, due_date, status, created_at, updated_at) VALUES (40, 6, 'Pagar universidad', 'Recordatorio generado automáticamente', '2026-07-12 16:47:23', 'pending', NOW(), NOW());
INSERT INTO reminders (id, user_id, title, description, due_date, status, created_at, updated_at) VALUES (41, 6, 'Invertir este mes', 'Recordatorio generado automáticamente', '2026-08-25 04:42:45', 'completed', NOW(), NOW());
INSERT INTO reminders (id, user_id, title, description, due_date, status, created_at, updated_at) VALUES (42, 6, 'Renovar seguro', 'Recordatorio generado automáticamente', '2026-08-20 11:20:15', 'completed', NOW(), NOW());
INSERT INTO receipts (id, user_id, transaction_id, merchant, total_amount, date, image_url, created_at, updated_at) VALUES (110, 6, 290, 'Izzi', 1942.51, '2025-10-30 01:27:23', 'https://example.com/receipt_290.jpg', NOW(), NOW());
INSERT INTO receipts (id, user_id, transaction_id, merchant, total_amount, date, image_url, created_at, updated_at) VALUES (111, 6, 333, 'Amazon', 3149.59, '2026-03-06 13:05:39', 'https://example.com/receipt_333.jpg', NOW(), NOW());
INSERT INTO receipts (id, user_id, transaction_id, merchant, total_amount, date, image_url, created_at, updated_at) VALUES (112, 6, 333, 'Amazon', 3149.59, '2026-03-06 13:05:39', 'https://example.com/receipt_333.jpg', NOW(), NOW());
INSERT INTO receipts (id, user_id, transaction_id, merchant, total_amount, date, image_url, created_at, updated_at) VALUES (113, 6, 307, 'McDonald''s', 1998.06, '2025-09-25 08:08:08', 'https://example.com/receipt_307.jpg', NOW(), NOW());
INSERT INTO receipts (id, user_id, transaction_id, merchant, total_amount, date, image_url, created_at, updated_at) VALUES (114, 6, 338, 'Dividendos GBM', 3665.26, '2025-09-06 02:29:59', 'https://example.com/receipt_338.jpg', NOW(), NOW());
INSERT INTO receipts (id, user_id, transaction_id, merchant, total_amount, date, image_url, created_at, updated_at) VALUES (115, 6, 288, 'Cinépolis', 4131.22, '2026-01-15 19:11:17', 'https://example.com/receipt_288.jpg', NOW(), NOW());
INSERT INTO receipts (id, user_id, transaction_id, merchant, total_amount, date, image_url, created_at, updated_at) VALUES (116, 6, 327, 'Domino''s', 3700.28, '2025-08-28 19:23:38', 'https://example.com/receipt_327.jpg', NOW(), NOW());
INSERT INTO receipts (id, user_id, transaction_id, merchant, total_amount, date, image_url, created_at, updated_at) VALUES (117, 6, 335, 'Steam', 396.79, '2026-04-27 18:34:56', 'https://example.com/receipt_335.jpg', NOW(), NOW());
INSERT INTO receipts (id, user_id, transaction_id, merchant, total_amount, date, image_url, created_at, updated_at) VALUES (118, 6, 345, 'Apple', 2779.58, '2025-07-31 19:19:40', 'https://example.com/receipt_345.jpg', NOW(), NOW());
INSERT INTO receipts (id, user_id, transaction_id, merchant, total_amount, date, image_url, created_at, updated_at) VALUES (119, 6, 303, 'Binance', 3254.08, '2026-01-13 09:03:56', 'https://example.com/receipt_303.jpg', NOW(), NOW());
INSERT INTO receipts (id, user_id, transaction_id, merchant, total_amount, date, image_url, created_at, updated_at) VALUES (120, 6, 344, 'Dividendos GBM', 4548.10, '2025-08-30 22:47:25', 'https://example.com/receipt_344.jpg', NOW(), NOW());
INSERT INTO receipts (id, user_id, transaction_id, merchant, total_amount, date, image_url, created_at, updated_at) VALUES (121, 6, 321, 'Starbucks', 1324.79, '2026-03-22 02:00:22', 'https://example.com/receipt_321.jpg', NOW(), NOW());
INSERT INTO receipts (id, user_id, transaction_id, merchant, total_amount, date, image_url, created_at, updated_at) VALUES (122, 6, 308, 'CFE', 3261.50, '2025-11-25 19:05:27', 'https://example.com/receipt_308.jpg', NOW(), NOW());
INSERT INTO receipts (id, user_id, transaction_id, merchant, total_amount, date, image_url, created_at, updated_at) VALUES (123, 6, 333, 'Amazon', 3149.59, '2026-03-06 13:05:39', 'https://example.com/receipt_333.jpg', NOW(), NOW());
INSERT INTO receipts (id, user_id, transaction_id, merchant, total_amount, date, image_url, created_at, updated_at) VALUES (124, 6, 314, 'Mercado Libre', 3213.45, '2025-11-15 21:30:54', 'https://example.com/receipt_314.jpg', NOW(), NOW());
INSERT INTO receipts (id, user_id, transaction_id, merchant, total_amount, date, image_url, created_at, updated_at) VALUES (125, 6, 296, 'Spotify', 3322.04, '2026-05-09 08:12:26', 'https://example.com/receipt_296.jpg', NOW(), NOW());
INSERT INTO receipts (id, user_id, transaction_id, merchant, total_amount, date, image_url, created_at, updated_at) VALUES (126, 6, 312, 'Steam', 4065.33, '2025-11-16 16:29:21', 'https://example.com/receipt_312.jpg', NOW(), NOW());
INSERT INTO receipts (id, user_id, transaction_id, merchant, total_amount, date, image_url, created_at, updated_at) VALUES (127, 6, 297, 'Uber', 909.13, '2026-04-23 01:52:36', 'https://example.com/receipt_297.jpg', NOW(), NOW());
INSERT INTO receipts (id, user_id, transaction_id, merchant, total_amount, date, image_url, created_at, updated_at) VALUES (128, 6, 334, 'Didi', 2601.62, '2026-06-09 09:37:24', 'https://example.com/receipt_334.jpg', NOW(), NOW());
INSERT INTO receipts (id, user_id, transaction_id, merchant, total_amount, date, image_url, created_at, updated_at) VALUES (129, 6, 322, 'Telcel', 2772.68, '2026-06-07 04:03:51', 'https://example.com/receipt_322.jpg', NOW(), NOW());
INSERT INTO receipts (id, user_id, transaction_id, merchant, total_amount, date, image_url, created_at, updated_at) VALUES (130, 6, 310, 'Dividendos GBM', 1143.38, '2026-04-02 03:11:46', 'https://example.com/receipt_310.jpg', NOW(), NOW());
INSERT INTO receipts (id, user_id, transaction_id, merchant, total_amount, date, image_url, created_at, updated_at) VALUES (131, 6, 341, 'Steam', 2909.57, '2025-09-21 14:39:30', 'https://example.com/receipt_341.jpg', NOW(), NOW());
INSERT INTO receipts (id, user_id, transaction_id, merchant, total_amount, date, image_url, created_at, updated_at) VALUES (132, 6, 347, 'Soriana', 421.71, '2025-11-03 13:06:34', 'https://example.com/receipt_347.jpg', NOW(), NOW());
INSERT INTO receipts (id, user_id, transaction_id, merchant, total_amount, date, image_url, created_at, updated_at) VALUES (133, 6, 307, 'McDonald''s', 1998.06, '2025-09-25 08:08:08', 'https://example.com/receipt_307.jpg', NOW(), NOW());
INSERT INTO receipts (id, user_id, transaction_id, merchant, total_amount, date, image_url, created_at, updated_at) VALUES (134, 6, 295, 'Amazon', 2389.60, '2025-11-26 23:35:41', 'https://example.com/receipt_295.jpg', NOW(), NOW());
INSERT INTO receipts (id, user_id, transaction_id, merchant, total_amount, date, image_url, created_at, updated_at) VALUES (135, 6, 334, 'Didi', 2601.62, '2026-06-09 09:37:24', 'https://example.com/receipt_334.jpg', NOW(), NOW());
INSERT INTO financial_snapshots (id, user_id, date, net_worth, total_assets, total_liabilities, created_at, updated_at) VALUES (261, 6, '2025-07-02', 11496.08, 13795.30, 2299.22, NOW(), NOW());
INSERT INTO financial_snapshots (id, user_id, date, net_worth, total_assets, total_liabilities, created_at, updated_at) VALUES (262, 6, '2025-07-09', 12678.72, 15214.46, 2535.74, NOW(), NOW());
INSERT INTO financial_snapshots (id, user_id, date, net_worth, total_assets, total_liabilities, created_at, updated_at) VALUES (263, 6, '2025-07-16', 13140.38, 15768.46, 2628.08, NOW(), NOW());
INSERT INTO financial_snapshots (id, user_id, date, net_worth, total_assets, total_liabilities, created_at, updated_at) VALUES (264, 6, '2025-07-23', 14521.40, 17425.68, 2904.28, NOW(), NOW());
INSERT INTO financial_snapshots (id, user_id, date, net_worth, total_assets, total_liabilities, created_at, updated_at) VALUES (265, 6, '2025-07-30', 14864.42, 17837.30, 2972.88, NOW(), NOW());
INSERT INTO financial_snapshots (id, user_id, date, net_worth, total_assets, total_liabilities, created_at, updated_at) VALUES (266, 6, '2025-08-06', 14865.19, 17838.23, 2973.04, NOW(), NOW());
INSERT INTO financial_snapshots (id, user_id, date, net_worth, total_assets, total_liabilities, created_at, updated_at) VALUES (267, 6, '2025-08-13', 15227.06, 18272.47, 3045.41, NOW(), NOW());
INSERT INTO financial_snapshots (id, user_id, date, net_worth, total_assets, total_liabilities, created_at, updated_at) VALUES (268, 6, '2025-08-20', 16612.02, 19934.42, 3322.40, NOW(), NOW());
INSERT INTO financial_snapshots (id, user_id, date, net_worth, total_assets, total_liabilities, created_at, updated_at) VALUES (269, 6, '2025-08-27', 17202.98, 20643.58, 3440.60, NOW(), NOW());
INSERT INTO financial_snapshots (id, user_id, date, net_worth, total_assets, total_liabilities, created_at, updated_at) VALUES (270, 6, '2025-09-03', 18310.37, 21972.44, 3662.07, NOW(), NOW());
INSERT INTO financial_snapshots (id, user_id, date, net_worth, total_assets, total_liabilities, created_at, updated_at) VALUES (271, 6, '2025-09-10', 17817.18, 21380.62, 3563.44, NOW(), NOW());
INSERT INTO financial_snapshots (id, user_id, date, net_worth, total_assets, total_liabilities, created_at, updated_at) VALUES (272, 6, '2025-09-17', 17613.31, 21135.97, 3522.66, NOW(), NOW());
INSERT INTO financial_snapshots (id, user_id, date, net_worth, total_assets, total_liabilities, created_at, updated_at) VALUES (273, 6, '2025-09-24', 18242.57, 21891.08, 3648.51, NOW(), NOW());
INSERT INTO financial_snapshots (id, user_id, date, net_worth, total_assets, total_liabilities, created_at, updated_at) VALUES (274, 6, '2025-10-01', 18830.42, 22596.50, 3766.08, NOW(), NOW());
INSERT INTO financial_snapshots (id, user_id, date, net_worth, total_assets, total_liabilities, created_at, updated_at) VALUES (275, 6, '2025-10-08', 18363.42, 22036.10, 3672.68, NOW(), NOW());
INSERT INTO financial_snapshots (id, user_id, date, net_worth, total_assets, total_liabilities, created_at, updated_at) VALUES (276, 6, '2025-10-15', 19389.51, 23267.41, 3877.90, NOW(), NOW());
INSERT INTO financial_snapshots (id, user_id, date, net_worth, total_assets, total_liabilities, created_at, updated_at) VALUES (277, 6, '2025-10-22', 19512.95, 23415.54, 3902.59, NOW(), NOW());
INSERT INTO financial_snapshots (id, user_id, date, net_worth, total_assets, total_liabilities, created_at, updated_at) VALUES (278, 6, '2025-10-29', 19794.81, 23753.77, 3958.96, NOW(), NOW());
INSERT INTO financial_snapshots (id, user_id, date, net_worth, total_assets, total_liabilities, created_at, updated_at) VALUES (279, 6, '2025-11-05', 20401.04, 24481.25, 4080.21, NOW(), NOW());
INSERT INTO financial_snapshots (id, user_id, date, net_worth, total_assets, total_liabilities, created_at, updated_at) VALUES (280, 6, '2025-11-12', 20821.40, 24985.68, 4164.28, NOW(), NOW());
INSERT INTO financial_snapshots (id, user_id, date, net_worth, total_assets, total_liabilities, created_at, updated_at) VALUES (281, 6, '2025-11-19', 21255.80, 25506.96, 4251.16, NOW(), NOW());
INSERT INTO financial_snapshots (id, user_id, date, net_worth, total_assets, total_liabilities, created_at, updated_at) VALUES (282, 6, '2025-11-26', 21096.44, 25315.73, 4219.29, NOW(), NOW());
INSERT INTO financial_snapshots (id, user_id, date, net_worth, total_assets, total_liabilities, created_at, updated_at) VALUES (283, 6, '2025-12-03', 21718.67, 26062.40, 4343.73, NOW(), NOW());
INSERT INTO financial_snapshots (id, user_id, date, net_worth, total_assets, total_liabilities, created_at, updated_at) VALUES (284, 6, '2025-12-10', 22430.25, 26916.30, 4486.05, NOW(), NOW());
INSERT INTO financial_snapshots (id, user_id, date, net_worth, total_assets, total_liabilities, created_at, updated_at) VALUES (285, 6, '2025-12-17', 23045.71, 27654.85, 4609.14, NOW(), NOW());
INSERT INTO financial_snapshots (id, user_id, date, net_worth, total_assets, total_liabilities, created_at, updated_at) VALUES (286, 6, '2025-12-24', 24390.19, 29268.23, 4878.04, NOW(), NOW());
INSERT INTO financial_snapshots (id, user_id, date, net_worth, total_assets, total_liabilities, created_at, updated_at) VALUES (287, 6, '2025-12-31', 23915.85, 28699.02, 4783.17, NOW(), NOW());
INSERT INTO financial_snapshots (id, user_id, date, net_worth, total_assets, total_liabilities, created_at, updated_at) VALUES (288, 6, '2026-01-07', 24451.07, 29341.28, 4890.21, NOW(), NOW());
INSERT INTO financial_snapshots (id, user_id, date, net_worth, total_assets, total_liabilities, created_at, updated_at) VALUES (289, 6, '2026-01-14', 25326.83, 30392.20, 5065.37, NOW(), NOW());
INSERT INTO financial_snapshots (id, user_id, date, net_worth, total_assets, total_liabilities, created_at, updated_at) VALUES (290, 6, '2026-01-21', 25501.68, 30602.02, 5100.34, NOW(), NOW());
INSERT INTO financial_snapshots (id, user_id, date, net_worth, total_assets, total_liabilities, created_at, updated_at) VALUES (291, 6, '2026-01-28', 25027.96, 30033.55, 5005.59, NOW(), NOW());
INSERT INTO financial_snapshots (id, user_id, date, net_worth, total_assets, total_liabilities, created_at, updated_at) VALUES (292, 6, '2026-02-04', 25247.16, 30296.59, 5049.43, NOW(), NOW());
INSERT INTO financial_snapshots (id, user_id, date, net_worth, total_assets, total_liabilities, created_at, updated_at) VALUES (293, 6, '2026-02-11', 24854.53, 29825.44, 4970.91, NOW(), NOW());
INSERT INTO financial_snapshots (id, user_id, date, net_worth, total_assets, total_liabilities, created_at, updated_at) VALUES (294, 6, '2026-02-18', 24573.50, 29488.20, 4914.70, NOW(), NOW());
INSERT INTO financial_snapshots (id, user_id, date, net_worth, total_assets, total_liabilities, created_at, updated_at) VALUES (295, 6, '2026-02-25', 26008.30, 31209.96, 5201.66, NOW(), NOW());
INSERT INTO financial_snapshots (id, user_id, date, net_worth, total_assets, total_liabilities, created_at, updated_at) VALUES (296, 6, '2026-03-04', 26181.43, 31417.72, 5236.29, NOW(), NOW());
INSERT INTO financial_snapshots (id, user_id, date, net_worth, total_assets, total_liabilities, created_at, updated_at) VALUES (297, 6, '2026-03-11', 26231.45, 31477.74, 5246.29, NOW(), NOW());
INSERT INTO financial_snapshots (id, user_id, date, net_worth, total_assets, total_liabilities, created_at, updated_at) VALUES (298, 6, '2026-03-18', 26338.29, 31605.95, 5267.66, NOW(), NOW());
INSERT INTO financial_snapshots (id, user_id, date, net_worth, total_assets, total_liabilities, created_at, updated_at) VALUES (299, 6, '2026-03-25', 27380.88, 32857.06, 5476.18, NOW(), NOW());
INSERT INTO financial_snapshots (id, user_id, date, net_worth, total_assets, total_liabilities, created_at, updated_at) VALUES (300, 6, '2026-04-01', 28858.69, 34630.43, 5771.74, NOW(), NOW());
INSERT INTO financial_snapshots (id, user_id, date, net_worth, total_assets, total_liabilities, created_at, updated_at) VALUES (301, 6, '2026-04-08', 29900.65, 35880.78, 5980.13, NOW(), NOW());
INSERT INTO financial_snapshots (id, user_id, date, net_worth, total_assets, total_liabilities, created_at, updated_at) VALUES (302, 6, '2026-04-15', 30133.14, 36159.77, 6026.63, NOW(), NOW());
INSERT INTO financial_snapshots (id, user_id, date, net_worth, total_assets, total_liabilities, created_at, updated_at) VALUES (303, 6, '2026-04-22', 30757.80, 36909.36, 6151.56, NOW(), NOW());
INSERT INTO financial_snapshots (id, user_id, date, net_worth, total_assets, total_liabilities, created_at, updated_at) VALUES (304, 6, '2026-04-29', 31438.15, 37725.78, 6287.63, NOW(), NOW());
INSERT INTO financial_snapshots (id, user_id, date, net_worth, total_assets, total_liabilities, created_at, updated_at) VALUES (305, 6, '2026-05-06', 32658.27, 39189.92, 6531.65, NOW(), NOW());
INSERT INTO financial_snapshots (id, user_id, date, net_worth, total_assets, total_liabilities, created_at, updated_at) VALUES (306, 6, '2026-05-13', 32636.17, 39163.40, 6527.23, NOW(), NOW());
INSERT INTO financial_snapshots (id, user_id, date, net_worth, total_assets, total_liabilities, created_at, updated_at) VALUES (307, 6, '2026-05-20', 32241.61, 38689.93, 6448.32, NOW(), NOW());
INSERT INTO financial_snapshots (id, user_id, date, net_worth, total_assets, total_liabilities, created_at, updated_at) VALUES (308, 6, '2026-05-27', 33446.81, 40136.17, 6689.36, NOW(), NOW());
INSERT INTO financial_snapshots (id, user_id, date, net_worth, total_assets, total_liabilities, created_at, updated_at) VALUES (309, 6, '2026-06-03', 34483.39, 41380.07, 6896.68, NOW(), NOW());
INSERT INTO financial_snapshots (id, user_id, date, net_worth, total_assets, total_liabilities, created_at, updated_at) VALUES (310, 6, '2026-06-10', 34596.35, 41515.62, 6919.27, NOW(), NOW());
INSERT INTO financial_snapshots (id, user_id, date, net_worth, total_assets, total_liabilities, created_at, updated_at) VALUES (311, 6, '2026-06-17', 34740.52, 41688.62, 6948.10, NOW(), NOW());
INSERT INTO financial_snapshots (id, user_id, date, net_worth, total_assets, total_liabilities, created_at, updated_at) VALUES (312, 6, '2026-06-24', 35064.68, 42077.62, 7012.94, NOW(), NOW());
INSERT INTO conversations (id, user_id, title, created_at, updated_at) VALUES (22, 6, '¿En qué gasto más?', NOW(), NOW());
INSERT INTO messages (id, conversation_id, sender, content, created_at, updated_at) VALUES (308, 22, 'user', 'Pregunta sobre ¿En qué gasto más?', '2026-06-28 06:43:37', NOW());
INSERT INTO messages (id, conversation_id, sender, content, created_at, updated_at) VALUES (309, 22, 'assistant', 'Respuesta del asistente a ¿En qué gasto más? con análisis detallado.', '2026-06-28 06:45:37', NOW());
INSERT INTO messages (id, conversation_id, sender, content, created_at, updated_at) VALUES (310, 22, 'user', 'Pregunta sobre ¿En qué gasto más?', '2026-06-28 06:54:37', NOW());
INSERT INTO messages (id, conversation_id, sender, content, created_at, updated_at) VALUES (311, 22, 'assistant', 'Respuesta del asistente a ¿En qué gasto más? con análisis detallado.', '2026-06-28 07:01:37', NOW());
INSERT INTO messages (id, conversation_id, sender, content, created_at, updated_at) VALUES (312, 22, 'user', 'Pregunta sobre ¿En qué gasto más?', '2026-06-28 07:09:37', NOW());
INSERT INTO messages (id, conversation_id, sender, content, created_at, updated_at) VALUES (313, 22, 'assistant', 'Respuesta del asistente a ¿En qué gasto más? con análisis detallado.', '2026-06-28 07:17:37', NOW());
INSERT INTO messages (id, conversation_id, sender, content, created_at, updated_at) VALUES (314, 22, 'user', 'Pregunta sobre ¿En qué gasto más?', '2026-06-28 07:20:37', NOW());
INSERT INTO messages (id, conversation_id, sender, content, created_at, updated_at) VALUES (315, 22, 'assistant', 'Respuesta del asistente a ¿En qué gasto más? con análisis detallado.', '2026-06-28 07:29:37', NOW());
INSERT INTO messages (id, conversation_id, sender, content, created_at, updated_at) VALUES (316, 22, 'user', 'Pregunta sobre ¿En qué gasto más?', '2026-06-28 07:35:37', NOW());
INSERT INTO messages (id, conversation_id, sender, content, created_at, updated_at) VALUES (317, 22, 'assistant', 'Respuesta del asistente a ¿En qué gasto más? con análisis detallado.', '2026-06-28 07:36:37', NOW());
INSERT INTO messages (id, conversation_id, sender, content, created_at, updated_at) VALUES (318, 22, 'user', 'Pregunta sobre ¿En qué gasto más?', '2026-06-28 07:38:37', NOW());
INSERT INTO messages (id, conversation_id, sender, content, created_at, updated_at) VALUES (319, 22, 'assistant', 'Respuesta del asistente a ¿En qué gasto más? con análisis detallado.', '2026-06-28 07:41:37', NOW());
INSERT INTO messages (id, conversation_id, sender, content, created_at, updated_at) VALUES (320, 22, 'user', 'Pregunta sobre ¿En qué gasto más?', '2026-06-28 07:49:37', NOW());
INSERT INTO messages (id, conversation_id, sender, content, created_at, updated_at) VALUES (321, 22, 'assistant', 'Respuesta del asistente a ¿En qué gasto más? con análisis detallado.', '2026-06-28 07:54:37', NOW());
INSERT INTO messages (id, conversation_id, sender, content, created_at, updated_at) VALUES (322, 22, 'user', 'Pregunta sobre ¿En qué gasto más?', '2026-06-28 07:55:37', NOW());
INSERT INTO messages (id, conversation_id, sender, content, created_at, updated_at) VALUES (323, 22, 'assistant', 'Respuesta del asistente a ¿En qué gasto más? con análisis detallado.', '2026-06-28 07:56:37', NOW());
INSERT INTO messages (id, conversation_id, sender, content, created_at, updated_at) VALUES (324, 22, 'user', 'Pregunta sobre ¿En qué gasto más?', '2026-06-28 08:00:37', NOW());
INSERT INTO conversations (id, user_id, title, created_at, updated_at) VALUES (23, 6, '¿En qué gasto más?', NOW(), NOW());
INSERT INTO messages (id, conversation_id, sender, content, created_at, updated_at) VALUES (325, 23, 'user', 'Pregunta sobre ¿En qué gasto más?', '2026-06-28 06:40:37', NOW());
INSERT INTO messages (id, conversation_id, sender, content, created_at, updated_at) VALUES (326, 23, 'assistant', 'Respuesta del asistente a ¿En qué gasto más? con análisis detallado.', '2026-06-28 06:43:37', NOW());
INSERT INTO messages (id, conversation_id, sender, content, created_at, updated_at) VALUES (327, 23, 'user', 'Pregunta sobre ¿En qué gasto más?', '2026-06-28 06:48:37', NOW());
INSERT INTO messages (id, conversation_id, sender, content, created_at, updated_at) VALUES (328, 23, 'assistant', 'Respuesta del asistente a ¿En qué gasto más? con análisis detallado.', '2026-06-28 06:57:37', NOW());
INSERT INTO messages (id, conversation_id, sender, content, created_at, updated_at) VALUES (329, 23, 'user', 'Pregunta sobre ¿En qué gasto más?', '2026-06-28 06:58:37', NOW());
INSERT INTO messages (id, conversation_id, sender, content, created_at, updated_at) VALUES (330, 23, 'assistant', 'Respuesta del asistente a ¿En qué gasto más? con análisis detallado.', '2026-06-28 07:06:37', NOW());
INSERT INTO messages (id, conversation_id, sender, content, created_at, updated_at) VALUES (331, 23, 'user', 'Pregunta sobre ¿En qué gasto más?', '2026-06-28 07:12:37', NOW());
INSERT INTO messages (id, conversation_id, sender, content, created_at, updated_at) VALUES (332, 23, 'assistant', 'Respuesta del asistente a ¿En qué gasto más? con análisis detallado.', '2026-06-28 07:18:37', NOW());
INSERT INTO messages (id, conversation_id, sender, content, created_at, updated_at) VALUES (333, 23, 'user', 'Pregunta sobre ¿En qué gasto más?', '2026-06-28 07:28:37', NOW());
INSERT INTO messages (id, conversation_id, sender, content, created_at, updated_at) VALUES (334, 23, 'assistant', 'Respuesta del asistente a ¿En qué gasto más? con análisis detallado.', '2026-06-28 07:31:37', NOW());
INSERT INTO messages (id, conversation_id, sender, content, created_at, updated_at) VALUES (335, 23, 'user', 'Pregunta sobre ¿En qué gasto más?', '2026-06-28 07:35:37', NOW());
INSERT INTO conversations (id, user_id, title, created_at, updated_at) VALUES (24, 6, '¿Cuánto puedo invertir este mes?', NOW(), NOW());
INSERT INTO messages (id, conversation_id, sender, content, created_at, updated_at) VALUES (336, 24, 'user', 'Pregunta sobre ¿Cuánto puedo invertir este mes?', '2026-06-28 06:36:37', NOW());
INSERT INTO messages (id, conversation_id, sender, content, created_at, updated_at) VALUES (337, 24, 'assistant', 'Respuesta del asistente a ¿Cuánto puedo invertir este mes? con análisis detallado.', '2026-06-28 06:39:37', NOW());
INSERT INTO messages (id, conversation_id, sender, content, created_at, updated_at) VALUES (338, 24, 'user', 'Pregunta sobre ¿Cuánto puedo invertir este mes?', '2026-06-28 06:48:37', NOW());
INSERT INTO messages (id, conversation_id, sender, content, created_at, updated_at) VALUES (339, 24, 'assistant', 'Respuesta del asistente a ¿Cuánto puedo invertir este mes? con análisis detallado.', '2026-06-28 06:51:37', NOW());
INSERT INTO messages (id, conversation_id, sender, content, created_at, updated_at) VALUES (340, 24, 'user', 'Pregunta sobre ¿Cuánto puedo invertir este mes?', '2026-06-28 06:55:37', NOW());
INSERT INTO messages (id, conversation_id, sender, content, created_at, updated_at) VALUES (341, 24, 'assistant', 'Respuesta del asistente a ¿Cuánto puedo invertir este mes? con análisis detallado.', '2026-06-28 06:59:37', NOW());
INSERT INTO messages (id, conversation_id, sender, content, created_at, updated_at) VALUES (342, 24, 'user', 'Pregunta sobre ¿Cuánto puedo invertir este mes?', '2026-06-28 07:09:37', NOW());
INSERT INTO messages (id, conversation_id, sender, content, created_at, updated_at) VALUES (343, 24, 'assistant', 'Respuesta del asistente a ¿Cuánto puedo invertir este mes? con análisis detallado.', '2026-06-28 07:10:37', NOW());
INSERT INTO messages (id, conversation_id, sender, content, created_at, updated_at) VALUES (344, 24, 'user', 'Pregunta sobre ¿Cuánto puedo invertir este mes?', '2026-06-28 07:12:37', NOW());
INSERT INTO messages (id, conversation_id, sender, content, created_at, updated_at) VALUES (345, 24, 'assistant', 'Respuesta del asistente a ¿Cuánto puedo invertir este mes? con análisis detallado.', '2026-06-28 07:15:37', NOW());
INSERT INTO messages (id, conversation_id, sender, content, created_at, updated_at) VALUES (346, 24, 'user', 'Pregunta sobre ¿Cuánto puedo invertir este mes?', '2026-06-28 07:20:37', NOW());
INSERT INTO messages (id, conversation_id, sender, content, created_at, updated_at) VALUES (347, 24, 'assistant', 'Respuesta del asistente a ¿Cuánto puedo invertir este mes? con análisis detallado.', '2026-06-28 07:30:37', NOW());
INSERT INTO messages (id, conversation_id, sender, content, created_at, updated_at) VALUES (348, 24, 'user', 'Pregunta sobre ¿Cuánto puedo invertir este mes?', '2026-06-28 07:33:37', NOW());
INSERT INTO messages (id, conversation_id, sender, content, created_at, updated_at) VALUES (349, 24, 'assistant', 'Respuesta del asistente a ¿Cuánto puedo invertir este mes? con análisis detallado.', '2026-06-28 07:42:37', NOW());
INSERT INTO messages (id, conversation_id, sender, content, created_at, updated_at) VALUES (350, 24, 'user', 'Pregunta sobre ¿Cuánto puedo invertir este mes?', '2026-06-28 07:47:37', NOW());
INSERT INTO messages (id, conversation_id, sender, content, created_at, updated_at) VALUES (351, 24, 'assistant', 'Respuesta del asistente a ¿Cuánto puedo invertir este mes? con análisis detallado.', '2026-06-28 07:48:37', NOW());
INSERT INTO messages (id, conversation_id, sender, content, created_at, updated_at) VALUES (352, 24, 'user', 'Pregunta sobre ¿Cuánto puedo invertir este mes?', '2026-06-28 07:54:37', NOW());
INSERT INTO conversations (id, user_id, title, created_at, updated_at) VALUES (25, 6, '¿Cuánto puedo invertir este mes?', NOW(), NOW());
INSERT INTO messages (id, conversation_id, sender, content, created_at, updated_at) VALUES (353, 25, 'user', 'Pregunta sobre ¿Cuánto puedo invertir este mes?', '2026-06-28 06:37:37', NOW());
INSERT INTO messages (id, conversation_id, sender, content, created_at, updated_at) VALUES (354, 25, 'assistant', 'Respuesta del asistente a ¿Cuánto puedo invertir este mes? con análisis detallado.', '2026-06-28 06:44:37', NOW());
INSERT INTO messages (id, conversation_id, sender, content, created_at, updated_at) VALUES (355, 25, 'user', 'Pregunta sobre ¿Cuánto puedo invertir este mes?', '2026-06-28 06:46:37', NOW());
INSERT INTO messages (id, conversation_id, sender, content, created_at, updated_at) VALUES (356, 25, 'assistant', 'Respuesta del asistente a ¿Cuánto puedo invertir este mes? con análisis detallado.', '2026-06-28 06:47:37', NOW());
INSERT INTO messages (id, conversation_id, sender, content, created_at, updated_at) VALUES (357, 25, 'user', 'Pregunta sobre ¿Cuánto puedo invertir este mes?', '2026-06-28 06:50:37', NOW());
INSERT INTO messages (id, conversation_id, sender, content, created_at, updated_at) VALUES (358, 25, 'assistant', 'Respuesta del asistente a ¿Cuánto puedo invertir este mes? con análisis detallado.', '2026-06-28 06:53:37', NOW());
INSERT INTO messages (id, conversation_id, sender, content, created_at, updated_at) VALUES (359, 25, 'user', 'Pregunta sobre ¿Cuánto puedo invertir este mes?', '2026-06-28 07:03:37', NOW());
INSERT INTO messages (id, conversation_id, sender, content, created_at, updated_at) VALUES (360, 25, 'assistant', 'Respuesta del asistente a ¿Cuánto puedo invertir este mes? con análisis detallado.', '2026-06-28 07:09:37', NOW());
INSERT INTO messages (id, conversation_id, sender, content, created_at, updated_at) VALUES (361, 25, 'user', 'Pregunta sobre ¿Cuánto puedo invertir este mes?', '2026-06-28 07:14:37', NOW());
INSERT INTO messages (id, conversation_id, sender, content, created_at, updated_at) VALUES (362, 25, 'assistant', 'Respuesta del asistente a ¿Cuánto puedo invertir este mes? con análisis detallado.', '2026-06-28 07:16:37', NOW());
INSERT INTO messages (id, conversation_id, sender, content, created_at, updated_at) VALUES (363, 25, 'user', 'Pregunta sobre ¿Cuánto puedo invertir este mes?', '2026-06-28 07:18:37', NOW());
INSERT INTO messages (id, conversation_id, sender, content, created_at, updated_at) VALUES (364, 25, 'assistant', 'Respuesta del asistente a ¿Cuánto puedo invertir este mes? con análisis detallado.', '2026-06-28 07:28:37', NOW());
INSERT INTO messages (id, conversation_id, sender, content, created_at, updated_at) VALUES (365, 25, 'user', 'Pregunta sobre ¿Cuánto puedo invertir este mes?', '2026-06-28 07:32:37', NOW());
INSERT INTO messages (id, conversation_id, sender, content, created_at, updated_at) VALUES (366, 25, 'assistant', 'Respuesta del asistente a ¿Cuánto puedo invertir este mes? con análisis detallado.', '2026-06-28 07:40:37', NOW());
INSERT INTO messages (id, conversation_id, sender, content, created_at, updated_at) VALUES (367, 25, 'user', 'Pregunta sobre ¿Cuánto puedo invertir este mes?', '2026-06-28 07:41:37', NOW());
INSERT INTO messages (id, conversation_id, sender, content, created_at, updated_at) VALUES (368, 25, 'assistant', 'Respuesta del asistente a ¿Cuánto puedo invertir este mes? con análisis detallado.', '2026-06-28 07:49:37', NOW());
INSERT INTO messages (id, conversation_id, sender, content, created_at, updated_at) VALUES (369, 25, 'user', 'Pregunta sobre ¿Cuánto puedo invertir este mes?', '2026-06-28 07:59:37', NOW());
INSERT INTO messages (id, conversation_id, sender, content, created_at, updated_at) VALUES (370, 25, 'assistant', 'Respuesta del asistente a ¿Cuánto puedo invertir este mes? con análisis detallado.', '2026-06-28 08:06:37', NOW());
INSERT INTO messages (id, conversation_id, sender, content, created_at, updated_at) VALUES (371, 25, 'user', 'Pregunta sobre ¿Cuánto puedo invertir este mes?', '2026-06-28 08:08:37', NOW());
INSERT INTO messages (id, conversation_id, sender, content, created_at, updated_at) VALUES (372, 25, 'assistant', 'Respuesta del asistente a ¿Cuánto puedo invertir este mes? con análisis detallado.', '2026-06-28 08:11:37', NOW());
INSERT INTO users (id, name, last_name, email, password, created_at, updated_at) VALUES (7, 'Maria', 'Lopez', 'maria.lopez7@example.com', 'password', NOW(), NOW());
INSERT INTO settings (user_id, currency, language, theme, monthly_income, payday, ai_enabled, created_at, updated_at) VALUES (7, 'MXN', 'en', 'light', 13746.10, 4, true, NOW(), NOW());
INSERT INTO accounts (id, user_id, name, balance, color, icon, type, currency, created_at, updated_at) VALUES (28, 7, 'Banorte', 29381.08, '#4f627c', 'icon-cash', 'cash', 'MXN', NOW(), NOW());
INSERT INTO accounts (id, user_id, name, balance, color, icon, type, currency, created_at, updated_at) VALUES (29, 7, 'Binance', 5478.59, '#181931', 'icon-bank', 'bank', 'MXN', NOW(), NOW());
INSERT INTO accounts (id, user_id, name, balance, color, icon, type, currency, created_at, updated_at) VALUES (30, 7, 'Nu', 46102.90, '#3a691b', 'icon-investment', 'investment', 'MXN', NOW(), NOW());
INSERT INTO accounts (id, user_id, name, balance, color, icon, type, currency, created_at, updated_at) VALUES (31, 7, 'Efectivo', 20269.28, '#a361fd', 'icon-cash', 'cash', 'MXN', NOW(), NOW());
INSERT INTO accounts (id, user_id, name, balance, color, icon, type, currency, created_at, updated_at) VALUES (32, 7, 'HSBC', 25556.03, '#6a531c', 'icon-investment', 'investment', 'MXN', NOW(), NOW());
INSERT INTO funds (id, user_id, name, balance, color, icon, created_at, updated_at) VALUES (37, 7, 'Gastos necesarios', 16292.83, '#165b79', 'icon-fund', NOW(), NOW());
INSERT INTO fund_allocations (id, fund_id, category_id, created_at, updated_at) VALUES (153, 37, 13, NOW(), NOW());
INSERT INTO fund_allocations (id, fund_id, category_id, created_at, updated_at) VALUES (154, 37, 30, NOW(), NOW());
INSERT INTO fund_allocations (id, fund_id, category_id, created_at, updated_at) VALUES (155, 37, 15, NOW(), NOW());
INSERT INTO fund_allocations (id, fund_id, category_id, created_at, updated_at) VALUES (156, 37, 9, NOW(), NOW());
INSERT INTO funds (id, user_id, name, balance, color, icon, created_at, updated_at) VALUES (38, 7, 'Gastos personales', 10761.02, '#5fff4a', 'icon-fund', NOW(), NOW());
INSERT INTO fund_allocations (id, fund_id, category_id, created_at, updated_at) VALUES (157, 38, 9, NOW(), NOW());
INSERT INTO fund_allocations (id, fund_id, category_id, created_at, updated_at) VALUES (158, 38, 13, NOW(), NOW());
INSERT INTO fund_allocations (id, fund_id, category_id, created_at, updated_at) VALUES (159, 38, 19, NOW(), NOW());
INSERT INTO fund_allocations (id, fund_id, category_id, created_at, updated_at) VALUES (160, 38, 4, NOW(), NOW());
INSERT INTO funds (id, user_id, name, balance, color, icon, created_at, updated_at) VALUES (39, 7, 'Ahorro', 17215.41, '#76f3f5', 'icon-fund', NOW(), NOW());
INSERT INTO fund_allocations (id, fund_id, category_id, created_at, updated_at) VALUES (161, 39, 4, NOW(), NOW());
INSERT INTO fund_allocations (id, fund_id, category_id, created_at, updated_at) VALUES (162, 39, 18, NOW(), NOW());
INSERT INTO fund_allocations (id, fund_id, category_id, created_at, updated_at) VALUES (163, 39, 3, NOW(), NOW());
INSERT INTO fund_allocations (id, fund_id, category_id, created_at, updated_at) VALUES (164, 39, 30, NOW(), NOW());
INSERT INTO funds (id, user_id, name, balance, color, icon, created_at, updated_at) VALUES (40, 7, 'Inversión', 18848.17, '#b4faf5', 'icon-fund', NOW(), NOW());
INSERT INTO fund_allocations (id, fund_id, category_id, created_at, updated_at) VALUES (165, 40, 4, NOW(), NOW());
INSERT INTO fund_allocations (id, fund_id, category_id, created_at, updated_at) VALUES (166, 40, 20, NOW(), NOW());
INSERT INTO fund_allocations (id, fund_id, category_id, created_at, updated_at) VALUES (167, 40, 9, NOW(), NOW());
INSERT INTO fund_allocations (id, fund_id, category_id, created_at, updated_at) VALUES (168, 40, 11, NOW(), NOW());
INSERT INTO fund_allocations (id, fund_id, category_id, created_at, updated_at) VALUES (169, 40, 24, NOW(), NOW());
INSERT INTO funds (id, user_id, name, balance, color, icon, created_at, updated_at) VALUES (41, 7, 'Fondo de emergencia', 14358.51, '#c91eb6', 'icon-fund', NOW(), NOW());
INSERT INTO fund_allocations (id, fund_id, category_id, created_at, updated_at) VALUES (170, 41, 19, NOW(), NOW());
INSERT INTO fund_allocations (id, fund_id, category_id, created_at, updated_at) VALUES (171, 41, 6, NOW(), NOW());
INSERT INTO funds (id, user_id, name, balance, color, icon, created_at, updated_at) VALUES (42, 7, 'Vacaciones', 5848.01, '#76b905', 'icon-fund', NOW(), NOW());
INSERT INTO fund_allocations (id, fund_id, category_id, created_at, updated_at) VALUES (172, 42, 2, NOW(), NOW());
INSERT INTO fund_allocations (id, fund_id, category_id, created_at, updated_at) VALUES (173, 42, 16, NOW(), NOW());
INSERT INTO transactions (id, user_id, account_id, category_id, type, amount, description, notes, date, created_at, updated_at) VALUES (348, 7, 30, 15, 'expense', 4122.43, 'Apple', 'Nota de prueba', '2026-03-15 04:40:16', NOW(), NOW());
INSERT INTO transactions (id, user_id, account_id, category_id, type, amount, description, notes, date, created_at, updated_at) VALUES (349, 7, 30, 21, 'expense', 1519.04, 'Izzi', 'Nota de prueba', '2026-04-14 12:48:49', NOW(), NOW());
INSERT INTO transactions (id, user_id, account_id, category_id, type, amount, description, notes, date, created_at, updated_at) VALUES (350, 7, 31, 17, 'expense', 2584.37, 'Domino''s', 'Nota de prueba', '2026-05-31 17:00:36', NOW(), NOW());
INSERT INTO transactions (id, user_id, account_id, category_id, type, amount, description, notes, date, created_at, updated_at) VALUES (351, 7, 29, 9, 'expense', 2068.47, 'Apple', 'Nota de prueba', '2026-06-25 13:29:25', NOW(), NOW());
INSERT INTO transactions (id, user_id, account_id, category_id, type, amount, description, notes, date, created_at, updated_at) VALUES (352, 7, 32, 6, 'expense', 1312.14, 'Uber', 'Nota de prueba', '2025-08-13 11:36:31', NOW(), NOW());
INSERT INTO transactions (id, user_id, account_id, category_id, type, amount, description, notes, date, created_at, updated_at) VALUES (353, 7, 30, 6, 'expense', 3506.99, 'McDonald''s', 'Nota de prueba', '2025-07-04 03:08:59', NOW(), NOW());
INSERT INTO transactions (id, user_id, account_id, category_id, type, amount, description, notes, date, created_at, updated_at) VALUES (354, 7, 30, 28, 'investment', 1412.27, 'GBM', 'Nota de prueba', '2026-02-26 22:18:39', NOW(), NOW());
INSERT INTO transactions (id, user_id, account_id, category_id, type, amount, description, notes, date, created_at, updated_at) VALUES (355, 7, 31, 13, 'expense', 698.64, 'CFE', 'Nota de prueba', '2025-11-07 08:53:33', NOW(), NOW());
INSERT INTO transactions (id, user_id, account_id, category_id, type, amount, description, notes, date, created_at, updated_at) VALUES (356, 7, 30, 25, 'expense', 3968.34, 'Izzi', 'Nota de prueba', '2026-04-28 02:46:02', NOW(), NOW());
INSERT INTO transactions (id, user_id, account_id, category_id, type, amount, description, notes, date, created_at, updated_at) VALUES (357, 7, 32, 25, 'expense', 1497.47, 'Gasolinera Pemex', 'Nota de prueba', '2026-03-26 19:18:02', NOW(), NOW());
INSERT INTO transactions (id, user_id, account_id, category_id, type, amount, description, notes, date, created_at, updated_at) VALUES (358, 7, 31, 3, 'income', 2415.91, 'Dividendos GBM', 'Nota de prueba', '2025-09-09 21:48:49', NOW(), NOW());
INSERT INTO transactions (id, user_id, account_id, category_id, type, amount, description, notes, date, created_at, updated_at) VALUES (359, 7, 32, 10, 'expense', 2597.88, 'Mercado Libre', 'Nota de prueba', '2025-08-11 02:06:20', NOW(), NOW());
INSERT INTO transactions (id, user_id, account_id, category_id, type, amount, description, notes, date, created_at, updated_at) VALUES (360, 7, 30, 15, 'expense', 3103.22, 'Izzi', 'Nota de prueba', '2026-01-21 13:35:07', NOW(), NOW());
INSERT INTO transactions (id, user_id, account_id, category_id, type, amount, description, notes, date, created_at, updated_at) VALUES (361, 7, 31, 16, 'expense', 2669.34, 'Cinépolis', 'Nota de prueba', '2026-04-27 05:58:49', NOW(), NOW());
INSERT INTO transactions (id, user_id, account_id, category_id, type, amount, description, notes, date, created_at, updated_at) VALUES (362, 7, 28, 23, 'expense', 4992.38, 'Izzi', 'Nota de prueba', '2025-09-08 13:29:59', NOW(), NOW());
INSERT INTO transactions (id, user_id, account_id, category_id, type, amount, description, notes, date, created_at, updated_at) VALUES (363, 7, 30, 21, 'expense', 4489.33, 'Telcel', 'Nota de prueba', '2026-04-24 16:00:33', NOW(), NOW());
INSERT INTO transactions (id, user_id, account_id, category_id, type, amount, description, notes, date, created_at, updated_at) VALUES (364, 7, 31, 13, 'expense', 1425.89, 'Netflix', 'Nota de prueba', '2026-04-22 06:42:29', NOW(), NOW());
INSERT INTO transactions (id, user_id, account_id, category_id, type, amount, description, notes, date, created_at, updated_at) VALUES (365, 7, 31, 18, 'expense', 830.84, 'Uber', 'Nota de prueba', '2025-12-25 06:35:19', NOW(), NOW());
INSERT INTO transactions (id, user_id, account_id, category_id, type, amount, description, notes, date, created_at, updated_at) VALUES (366, 7, 31, 17, 'expense', 2638.93, 'OXXO', 'Nota de prueba', '2025-08-14 07:05:09', NOW(), NOW());
INSERT INTO transactions (id, user_id, account_id, category_id, type, amount, description, notes, date, created_at, updated_at) VALUES (367, 7, 30, 13, 'expense', 2165.28, 'Didi', 'Nota de prueba', '2026-06-24 05:38:25', NOW(), NOW());
INSERT INTO transactions (id, user_id, account_id, category_id, type, amount, description, notes, date, created_at, updated_at) VALUES (368, 7, 30, 20, 'expense', 3855.18, 'Costco', 'Nota de prueba', '2026-01-18 23:46:07', NOW(), NOW());
INSERT INTO transactions (id, user_id, account_id, category_id, type, amount, description, notes, date, created_at, updated_at) VALUES (369, 7, 30, 24, 'expense', 1909.38, 'Cinépolis', 'Nota de prueba', '2026-04-17 02:26:15', NOW(), NOW());
INSERT INTO transactions (id, user_id, account_id, category_id, type, amount, description, notes, date, created_at, updated_at) VALUES (370, 7, 29, 16, 'expense', 3426.52, 'CFE', 'Nota de prueba', '2026-01-12 17:00:52', NOW(), NOW());
INSERT INTO transactions (id, user_id, account_id, category_id, type, amount, description, notes, date, created_at, updated_at) VALUES (371, 7, 32, 28, 'investment', 4942.46, 'Binance', 'Nota de prueba', '2026-05-03 07:25:40', NOW(), NOW());
INSERT INTO transactions (id, user_id, account_id, category_id, type, amount, description, notes, date, created_at, updated_at) VALUES (372, 7, 28, 1, 'income', 4120.79, 'Empresa S.A. de C.V.', 'Nota de prueba', '2025-10-05 08:02:29', NOW(), NOW());
INSERT INTO transactions (id, user_id, account_id, category_id, type, amount, description, notes, date, created_at, updated_at) VALUES (373, 7, 30, 7, 'expense', 827.74, 'Netflix', 'Nota de prueba', '2026-05-07 22:43:11', NOW(), NOW());
INSERT INTO transactions (id, user_id, account_id, category_id, type, amount, description, notes, date, created_at, updated_at) VALUES (374, 7, 30, 28, 'investment', 4443.02, 'Interactive Brokers', 'Nota de prueba', '2026-02-10 09:13:14', NOW(), NOW());
INSERT INTO transactions (id, user_id, account_id, category_id, type, amount, description, notes, date, created_at, updated_at) VALUES (375, 7, 32, 16, 'expense', 1479.43, 'McDonald''s', 'Nota de prueba', '2026-02-12 14:02:22', NOW(), NOW());
INSERT INTO transactions (id, user_id, account_id, category_id, type, amount, description, notes, date, created_at, updated_at) VALUES (376, 7, 29, 18, 'expense', 1448.43, 'Mercado Libre', 'Nota de prueba', '2026-03-15 12:25:20', NOW(), NOW());
INSERT INTO transactions (id, user_id, account_id, category_id, type, amount, description, notes, date, created_at, updated_at) VALUES (377, 7, 30, 8, 'expense', 419.64, 'Gasolinera Pemex', 'Nota de prueba', '2025-08-27 16:40:03', NOW(), NOW());
INSERT INTO transactions (id, user_id, account_id, category_id, type, amount, description, notes, date, created_at, updated_at) VALUES (378, 7, 29, 16, 'expense', 3726.29, 'Mercado Libre', 'Nota de prueba', '2025-10-10 18:28:31', NOW(), NOW());
INSERT INTO transactions (id, user_id, account_id, category_id, type, amount, description, notes, date, created_at, updated_at) VALUES (379, 7, 29, 19, 'expense', 274.15, 'Cinépolis', 'Nota de prueba', '2025-12-15 18:08:12', NOW(), NOW());
INSERT INTO transactions (id, user_id, account_id, category_id, type, amount, description, notes, date, created_at, updated_at) VALUES (380, 7, 31, 11, 'expense', 3348.15, 'Gasolinera Pemex', 'Nota de prueba', '2025-09-30 02:18:49', NOW(), NOW());
INSERT INTO transactions (id, user_id, account_id, category_id, type, amount, description, notes, date, created_at, updated_at) VALUES (381, 7, 28, 30, 'investment', 4180.93, 'Bitso', 'Nota de prueba', '2026-03-27 08:30:55', NOW(), NOW());
INSERT INTO transactions (id, user_id, account_id, category_id, type, amount, description, notes, date, created_at, updated_at) VALUES (382, 7, 30, 22, 'expense', 116.49, 'Gasolinera Pemex', 'Nota de prueba', '2026-01-30 19:50:49', NOW(), NOW());
INSERT INTO transactions (id, user_id, account_id, category_id, type, amount, description, notes, date, created_at, updated_at) VALUES (383, 7, 28, 9, 'expense', 313.28, 'Liverpool', 'Nota de prueba', '2025-11-22 00:54:23', NOW(), NOW());
INSERT INTO transactions (id, user_id, account_id, category_id, type, amount, description, notes, date, created_at, updated_at) VALUES (384, 7, 28, 21, 'expense', 414.77, 'CFE', 'Nota de prueba', '2025-08-28 19:22:24', NOW(), NOW());
INSERT INTO transactions (id, user_id, account_id, category_id, type, amount, description, notes, date, created_at, updated_at) VALUES (385, 7, 31, 3, 'income', 4906.49, 'Empresa S.A. de C.V.', 'Nota de prueba', '2025-12-12 12:16:06', NOW(), NOW());
INSERT INTO transactions (id, user_id, account_id, category_id, type, amount, description, notes, date, created_at, updated_at) VALUES (386, 7, 29, 1, 'income', 1645.80, 'SAT Reembolso', 'Nota de prueba', '2025-11-22 21:23:08', NOW(), NOW());
INSERT INTO transactions (id, user_id, account_id, category_id, type, amount, description, notes, date, created_at, updated_at) VALUES (387, 7, 32, 10, 'expense', 1124.44, 'Domino''s', 'Nota de prueba', '2025-12-20 09:44:41', NOW(), NOW());
INSERT INTO transactions (id, user_id, account_id, category_id, type, amount, description, notes, date, created_at, updated_at) VALUES (388, 7, 31, 18, 'expense', 2307.75, 'Amazon', 'Nota de prueba', '2026-01-16 04:19:21', NOW(), NOW());
INSERT INTO transactions (id, user_id, account_id, category_id, type, amount, description, notes, date, created_at, updated_at) VALUES (389, 7, 28, 16, 'expense', 4478.01, 'McDonald''s', 'Nota de prueba', '2026-05-14 02:42:28', NOW(), NOW());
INSERT INTO transactions (id, user_id, account_id, category_id, type, amount, description, notes, date, created_at, updated_at) VALUES (390, 7, 28, 1, 'income', 4184.78, 'Fiverr', 'Nota de prueba', '2025-08-06 18:00:10', NOW(), NOW());
INSERT INTO transactions (id, user_id, account_id, category_id, type, amount, description, notes, date, created_at, updated_at) VALUES (391, 7, 32, 1, 'income', 3328.72, 'Dividendos GBM', 'Nota de prueba', '2026-02-25 14:49:59', NOW(), NOW());
INSERT INTO transactions (id, user_id, account_id, category_id, type, amount, description, notes, date, created_at, updated_at) VALUES (392, 7, 28, 16, 'expense', 1309.66, 'Telcel', 'Nota de prueba', '2026-06-30 08:08:09', NOW(), NOW());
INSERT INTO transactions (id, user_id, account_id, category_id, type, amount, description, notes, date, created_at, updated_at) VALUES (393, 7, 30, 11, 'expense', 2564.63, 'Steam', 'Nota de prueba', '2026-01-15 23:32:50', NOW(), NOW());
INSERT INTO transactions (id, user_id, account_id, category_id, type, amount, description, notes, date, created_at, updated_at) VALUES (394, 7, 31, 29, 'investment', 1243.59, 'Binance', 'Nota de prueba', '2026-06-14 17:21:27', NOW(), NOW());
INSERT INTO transactions (id, user_id, account_id, category_id, type, amount, description, notes, date, created_at, updated_at) VALUES (395, 7, 29, 15, 'expense', 2192.55, 'Liverpool', 'Nota de prueba', '2025-07-28 10:58:23', NOW(), NOW());
INSERT INTO transactions (id, user_id, account_id, category_id, type, amount, description, notes, date, created_at, updated_at) VALUES (396, 7, 29, 25, 'expense', 1616.92, 'Steam', 'Nota de prueba', '2025-07-03 07:30:21', NOW(), NOW());
INSERT INTO budgets (id, user_id, category_id, amount, month, created_at, updated_at) VALUES (31, 7, 21, 3035.79, '2026-07-01', NOW(), NOW());
INSERT INTO budgets (id, user_id, category_id, amount, month, created_at, updated_at) VALUES (32, 7, 14, 1314.40, '2026-07-01', NOW(), NOW());
INSERT INTO budgets (id, user_id, category_id, amount, month, created_at, updated_at) VALUES (33, 7, 11, 1500.07, '2026-07-01', NOW(), NOW());
INSERT INTO budgets (id, user_id, category_id, amount, month, created_at, updated_at) VALUES (34, 7, 6, 1585.99, '2026-07-01', NOW(), NOW());
INSERT INTO budgets (id, user_id, category_id, amount, month, created_at, updated_at) VALUES (35, 7, 22, 3879.18, '2026-07-01', NOW(), NOW());
INSERT INTO goals (id, user_id, name, target_amount, current_amount, status, deadline, created_at, updated_at) VALUES (25, 7, 'Fondo de emergencia', 74055.65, 22925.88, 'completed', '2027-06-05', NOW(), NOW());
INSERT INTO goals (id, user_id, name, target_amount, current_amount, status, deadline, created_at, updated_at) VALUES (26, 7, 'Laptop nueva', 79017.21, 19555.26, 'paused', '2027-06-17', NOW(), NOW());
INSERT INTO goals (id, user_id, name, target_amount, current_amount, status, deadline, created_at, updated_at) VALUES (27, 7, 'Invertir 100,000', 35290.17, 19989.19, 'paused', '2027-06-23', NOW(), NOW());
INSERT INTO goals (id, user_id, name, target_amount, current_amount, status, deadline, created_at, updated_at) VALUES (28, 7, 'Viaje a Japón', 97552.81, 58912.83, 'active', '2027-05-16', NOW(), NOW());
INSERT INTO goals (id, user_id, name, target_amount, current_amount, status, deadline, created_at, updated_at) VALUES (29, 7, 'Comprar automóvil', 65640.52, 64327.92, 'active', '2027-01-07', NOW(), NOW());
INSERT INTO goals (id, user_id, name, target_amount, current_amount, status, deadline, created_at, updated_at) VALUES (30, 7, 'Casa', 85943.48, 23972.01, 'completed', '2026-12-28', NOW(), NOW());
INSERT INTO subscriptions (id, user_id, name, amount, billing_cycle, next_billing_date, category_id, account_id, created_at, updated_at) VALUES (44, 7, 'Microsoft 365', 121.88, 'monthly', '2026-07-19', 23, 30, NOW(), NOW());
INSERT INTO subscriptions (id, user_id, name, amount, billing_cycle, next_billing_date, category_id, account_id, created_at, updated_at) VALUES (45, 7, 'Amazon Prime', 160.34, 'monthly', '2026-07-19', 22, 32, NOW(), NOW());
INSERT INTO subscriptions (id, user_id, name, amount, billing_cycle, next_billing_date, category_id, account_id, created_at, updated_at) VALUES (46, 7, 'Google One', 244.84, 'monthly', '2026-07-09', 24, 31, NOW(), NOW());
INSERT INTO subscriptions (id, user_id, name, amount, billing_cycle, next_billing_date, category_id, account_id, created_at, updated_at) VALUES (47, 7, 'Crunchyroll', 275.36, 'monthly', '2026-07-13', 19, 28, NOW(), NOW());
INSERT INTO subscriptions (id, user_id, name, amount, billing_cycle, next_billing_date, category_id, account_id, created_at, updated_at) VALUES (48, 7, 'YouTube Premium', 118.23, 'monthly', '2026-07-09', 15, 29, NOW(), NOW());
INSERT INTO subscriptions (id, user_id, name, amount, billing_cycle, next_billing_date, category_id, account_id, created_at, updated_at) VALUES (49, 7, 'Spotify', 313.98, 'monthly', '2026-07-29', 10, 28, NOW(), NOW());
INSERT INTO subscriptions (id, user_id, name, amount, billing_cycle, next_billing_date, category_id, account_id, created_at, updated_at) VALUES (50, 7, 'iCloud', 335.13, 'monthly', '2026-07-13', 27, 28, NOW(), NOW());
INSERT INTO subscriptions (id, user_id, name, amount, billing_cycle, next_billing_date, category_id, account_id, created_at, updated_at) VALUES (51, 7, 'Disney+', 336.61, 'monthly', '2026-07-23', 24, 30, NOW(), NOW());
INSERT INTO subscriptions (id, user_id, name, amount, billing_cycle, next_billing_date, category_id, account_id, created_at, updated_at) VALUES (52, 7, 'ChatGPT Plus', 282.07, 'monthly', '2026-07-14', 16, 28, NOW(), NOW());
INSERT INTO subscriptions (id, user_id, name, amount, billing_cycle, next_billing_date, category_id, account_id, created_at, updated_at) VALUES (53, 7, 'Netflix', 380.15, 'monthly', '2026-07-11', 27, 29, NOW(), NOW());
INSERT INTO investments (id, user_id, account_id, symbol, quantity, average_price, currency, type, created_at, updated_at) VALUES (19, 7, 28, 'QQQ', 40.44, 78.71, 'USD', 'etf', NOW(), NOW());
INSERT INTO investment_prices (id, investment_id, price, date, created_at, updated_at) VALUES (541, 19, 81.46, '2025-07-14 06:34:37', NOW(), NOW());
INSERT INTO investment_prices (id, investment_id, price, date, created_at, updated_at) VALUES (542, 19, 80.68, '2025-07-26 06:34:37', NOW(), NOW());
INSERT INTO investment_prices (id, investment_id, price, date, created_at, updated_at) VALUES (543, 19, 78.98, '2025-08-07 06:34:37', NOW(), NOW());
INSERT INTO investment_prices (id, investment_id, price, date, created_at, updated_at) VALUES (544, 19, 76.50, '2025-08-19 06:34:37', NOW(), NOW());
INSERT INTO investment_prices (id, investment_id, price, date, created_at, updated_at) VALUES (545, 19, 78.47, '2025-08-31 06:34:37', NOW(), NOW());
INSERT INTO investment_prices (id, investment_id, price, date, created_at, updated_at) VALUES (546, 19, 81.68, '2025-09-12 06:34:37', NOW(), NOW());
INSERT INTO investment_prices (id, investment_id, price, date, created_at, updated_at) VALUES (547, 19, 80.33, '2025-09-24 06:34:37', NOW(), NOW());
INSERT INTO investment_prices (id, investment_id, price, date, created_at, updated_at) VALUES (548, 19, 79.87, '2025-10-06 06:34:37', NOW(), NOW());
INSERT INTO investment_prices (id, investment_id, price, date, created_at, updated_at) VALUES (549, 19, 78.56, '2025-10-18 06:34:37', NOW(), NOW());
INSERT INTO investment_prices (id, investment_id, price, date, created_at, updated_at) VALUES (550, 19, 79.98, '2025-10-30 06:34:37', NOW(), NOW());
INSERT INTO investment_prices (id, investment_id, price, date, created_at, updated_at) VALUES (551, 19, 77.59, '2025-11-11 06:34:37', NOW(), NOW());
INSERT INTO investment_prices (id, investment_id, price, date, created_at, updated_at) VALUES (552, 19, 82.04, '2025-11-23 06:34:37', NOW(), NOW());
INSERT INTO investment_prices (id, investment_id, price, date, created_at, updated_at) VALUES (553, 19, 82.96, '2025-12-05 06:34:37', NOW(), NOW());
INSERT INTO investment_prices (id, investment_id, price, date, created_at, updated_at) VALUES (554, 19, 84.08, '2025-12-17 06:34:37', NOW(), NOW());
INSERT INTO investment_prices (id, investment_id, price, date, created_at, updated_at) VALUES (555, 19, 86.53, '2025-12-29 06:34:37', NOW(), NOW());
INSERT INTO investment_prices (id, investment_id, price, date, created_at, updated_at) VALUES (556, 19, 83.26, '2026-01-10 06:34:37', NOW(), NOW());
INSERT INTO investment_prices (id, investment_id, price, date, created_at, updated_at) VALUES (557, 19, 83.02, '2026-01-22 06:34:37', NOW(), NOW());
INSERT INTO investment_prices (id, investment_id, price, date, created_at, updated_at) VALUES (558, 19, 84.34, '2026-02-03 06:34:37', NOW(), NOW());
INSERT INTO investment_prices (id, investment_id, price, date, created_at, updated_at) VALUES (559, 19, 85.24, '2026-02-15 06:34:37', NOW(), NOW());
INSERT INTO investment_prices (id, investment_id, price, date, created_at, updated_at) VALUES (560, 19, 90.28, '2026-02-27 06:34:37', NOW(), NOW());
INSERT INTO investment_prices (id, investment_id, price, date, created_at, updated_at) VALUES (561, 19, 93.57, '2026-03-11 06:34:37', NOW(), NOW());
INSERT INTO investment_prices (id, investment_id, price, date, created_at, updated_at) VALUES (562, 19, 98.53, '2026-03-23 06:34:37', NOW(), NOW());
INSERT INTO investment_prices (id, investment_id, price, date, created_at, updated_at) VALUES (563, 19, 94.75, '2026-04-04 06:34:37', NOW(), NOW());
INSERT INTO investment_prices (id, investment_id, price, date, created_at, updated_at) VALUES (564, 19, 94.98, '2026-04-16 06:34:37', NOW(), NOW());
INSERT INTO investment_prices (id, investment_id, price, date, created_at, updated_at) VALUES (565, 19, 98.67, '2026-04-28 06:34:37', NOW(), NOW());
INSERT INTO investment_prices (id, investment_id, price, date, created_at, updated_at) VALUES (566, 19, 100.89, '2026-05-10 06:34:37', NOW(), NOW());
INSERT INTO investment_prices (id, investment_id, price, date, created_at, updated_at) VALUES (567, 19, 97.28, '2026-05-22 06:34:37', NOW(), NOW());
INSERT INTO investment_prices (id, investment_id, price, date, created_at, updated_at) VALUES (568, 19, 99.97, '2026-06-03 06:34:37', NOW(), NOW());
INSERT INTO investment_prices (id, investment_id, price, date, created_at, updated_at) VALUES (569, 19, 103.74, '2026-06-15 06:34:37', NOW(), NOW());
INSERT INTO investment_prices (id, investment_id, price, date, created_at, updated_at) VALUES (570, 19, 106.81, '2026-06-27 06:34:37', NOW(), NOW());
INSERT INTO investments (id, user_id, account_id, symbol, quantity, average_price, currency, type, created_at, updated_at) VALUES (20, 7, 28, 'TSLA', 7.92, 478.61, 'USD', 'stock', NOW(), NOW());
INSERT INTO investment_prices (id, investment_id, price, date, created_at, updated_at) VALUES (571, 20, 468.00, '2025-07-14 06:34:37', NOW(), NOW());
INSERT INTO investment_prices (id, investment_id, price, date, created_at, updated_at) VALUES (572, 20, 460.69, '2025-07-26 06:34:37', NOW(), NOW());
INSERT INTO investment_prices (id, investment_id, price, date, created_at, updated_at) VALUES (573, 20, 447.09, '2025-08-07 06:34:37', NOW(), NOW());
INSERT INTO investment_prices (id, investment_id, price, date, created_at, updated_at) VALUES (574, 20, 437.06, '2025-08-19 06:34:37', NOW(), NOW());
INSERT INTO investment_prices (id, investment_id, price, date, created_at, updated_at) VALUES (575, 20, 423.39, '2025-08-31 06:34:37', NOW(), NOW());
INSERT INTO investment_prices (id, investment_id, price, date, created_at, updated_at) VALUES (576, 20, 430.91, '2025-09-12 06:34:37', NOW(), NOW());
INSERT INTO investment_prices (id, investment_id, price, date, created_at, updated_at) VALUES (577, 20, 423.97, '2025-09-24 06:34:37', NOW(), NOW());
INSERT INTO investment_prices (id, investment_id, price, date, created_at, updated_at) VALUES (578, 20, 448.20, '2025-10-06 06:34:37', NOW(), NOW());
INSERT INTO investment_prices (id, investment_id, price, date, created_at, updated_at) VALUES (579, 20, 460.47, '2025-10-18 06:34:37', NOW(), NOW());
INSERT INTO investment_prices (id, investment_id, price, date, created_at, updated_at) VALUES (580, 20, 482.96, '2025-10-30 06:34:37', NOW(), NOW());
INSERT INTO investment_prices (id, investment_id, price, date, created_at, updated_at) VALUES (581, 20, 472.82, '2025-11-11 06:34:37', NOW(), NOW());
INSERT INTO investment_prices (id, investment_id, price, date, created_at, updated_at) VALUES (582, 20, 456.78, '2025-11-23 06:34:37', NOW(), NOW());
INSERT INTO investment_prices (id, investment_id, price, date, created_at, updated_at) VALUES (583, 20, 469.00, '2025-12-05 06:34:37', NOW(), NOW());
INSERT INTO investment_prices (id, investment_id, price, date, created_at, updated_at) VALUES (584, 20, 460.61, '2025-12-17 06:34:37', NOW(), NOW());
INSERT INTO investment_prices (id, investment_id, price, date, created_at, updated_at) VALUES (585, 20, 446.03, '2025-12-29 06:34:37', NOW(), NOW());
INSERT INTO investment_prices (id, investment_id, price, date, created_at, updated_at) VALUES (586, 20, 462.89, '2026-01-10 06:34:37', NOW(), NOW());
INSERT INTO investment_prices (id, investment_id, price, date, created_at, updated_at) VALUES (587, 20, 469.53, '2026-01-22 06:34:37', NOW(), NOW());
INSERT INTO investment_prices (id, investment_id, price, date, created_at, updated_at) VALUES (588, 20, 487.02, '2026-02-03 06:34:37', NOW(), NOW());
INSERT INTO investment_prices (id, investment_id, price, date, created_at, updated_at) VALUES (589, 20, 499.85, '2026-02-15 06:34:37', NOW(), NOW());
INSERT INTO investment_prices (id, investment_id, price, date, created_at, updated_at) VALUES (590, 20, 498.76, '2026-02-27 06:34:37', NOW(), NOW());
INSERT INTO investment_prices (id, investment_id, price, date, created_at, updated_at) VALUES (591, 20, 525.48, '2026-03-11 06:34:37', NOW(), NOW());
INSERT INTO investment_prices (id, investment_id, price, date, created_at, updated_at) VALUES (592, 20, 510.51, '2026-03-23 06:34:37', NOW(), NOW());
INSERT INTO investment_prices (id, investment_id, price, date, created_at, updated_at) VALUES (593, 20, 501.32, '2026-04-04 06:34:37', NOW(), NOW());
INSERT INTO investment_prices (id, investment_id, price, date, created_at, updated_at) VALUES (594, 20, 508.51, '2026-04-16 06:34:37', NOW(), NOW());
INSERT INTO investment_prices (id, investment_id, price, date, created_at, updated_at) VALUES (595, 20, 522.00, '2026-04-28 06:34:37', NOW(), NOW());
INSERT INTO investment_prices (id, investment_id, price, date, created_at, updated_at) VALUES (596, 20, 540.03, '2026-05-10 06:34:37', NOW(), NOW());
INSERT INTO investment_prices (id, investment_id, price, date, created_at, updated_at) VALUES (597, 20, 548.59, '2026-05-22 06:34:37', NOW(), NOW());
INSERT INTO investment_prices (id, investment_id, price, date, created_at, updated_at) VALUES (598, 20, 541.30, '2026-06-03 06:34:37', NOW(), NOW());
INSERT INTO investment_prices (id, investment_id, price, date, created_at, updated_at) VALUES (599, 20, 551.79, '2026-06-15 06:34:37', NOW(), NOW());
INSERT INTO investment_prices (id, investment_id, price, date, created_at, updated_at) VALUES (600, 20, 584.46, '2026-06-27 06:34:37', NOW(), NOW());
INSERT INTO investments (id, user_id, account_id, symbol, quantity, average_price, currency, type, created_at, updated_at) VALUES (21, 7, 30, 'SOL', 22.28, 309.48, 'USD', 'crypto', NOW(), NOW());
INSERT INTO investment_prices (id, investment_id, price, date, created_at, updated_at) VALUES (601, 21, 302.03, '2025-07-14 06:34:37', NOW(), NOW());
INSERT INTO investment_prices (id, investment_id, price, date, created_at, updated_at) VALUES (602, 21, 306.01, '2025-07-26 06:34:37', NOW(), NOW());
INSERT INTO investment_prices (id, investment_id, price, date, created_at, updated_at) VALUES (603, 21, 313.16, '2025-08-07 06:34:37', NOW(), NOW());
INSERT INTO investment_prices (id, investment_id, price, date, created_at, updated_at) VALUES (604, 21, 308.18, '2025-08-19 06:34:37', NOW(), NOW());
INSERT INTO investment_prices (id, investment_id, price, date, created_at, updated_at) VALUES (605, 21, 323.16, '2025-08-31 06:34:37', NOW(), NOW());
INSERT INTO investment_prices (id, investment_id, price, date, created_at, updated_at) VALUES (606, 21, 342.31, '2025-09-12 06:34:37', NOW(), NOW());
INSERT INTO investment_prices (id, investment_id, price, date, created_at, updated_at) VALUES (607, 21, 342.27, '2025-09-24 06:34:37', NOW(), NOW());
INSERT INTO investment_prices (id, investment_id, price, date, created_at, updated_at) VALUES (608, 21, 350.42, '2025-10-06 06:34:37', NOW(), NOW());
INSERT INTO investment_prices (id, investment_id, price, date, created_at, updated_at) VALUES (609, 21, 341.20, '2025-10-18 06:34:37', NOW(), NOW());
INSERT INTO investment_prices (id, investment_id, price, date, created_at, updated_at) VALUES (610, 21, 341.80, '2025-10-30 06:34:37', NOW(), NOW());
INSERT INTO investment_prices (id, investment_id, price, date, created_at, updated_at) VALUES (611, 21, 328.53, '2025-11-11 06:34:37', NOW(), NOW());
INSERT INTO investment_prices (id, investment_id, price, date, created_at, updated_at) VALUES (612, 21, 316.08, '2025-11-23 06:34:37', NOW(), NOW());
INSERT INTO investment_prices (id, investment_id, price, date, created_at, updated_at) VALUES (613, 21, 321.55, '2025-12-05 06:34:37', NOW(), NOW());
INSERT INTO investment_prices (id, investment_id, price, date, created_at, updated_at) VALUES (614, 21, 317.64, '2025-12-17 06:34:37', NOW(), NOW());
INSERT INTO investment_prices (id, investment_id, price, date, created_at, updated_at) VALUES (615, 21, 328.57, '2025-12-29 06:34:37', NOW(), NOW());
INSERT INTO investment_prices (id, investment_id, price, date, created_at, updated_at) VALUES (616, 21, 330.00, '2026-01-10 06:34:37', NOW(), NOW());
INSERT INTO investment_prices (id, investment_id, price, date, created_at, updated_at) VALUES (617, 21, 338.24, '2026-01-22 06:34:37', NOW(), NOW());
INSERT INTO investment_prices (id, investment_id, price, date, created_at, updated_at) VALUES (618, 21, 338.85, '2026-02-03 06:34:37', NOW(), NOW());
INSERT INTO investment_prices (id, investment_id, price, date, created_at, updated_at) VALUES (619, 21, 342.75, '2026-02-15 06:34:37', NOW(), NOW());
INSERT INTO investment_prices (id, investment_id, price, date, created_at, updated_at) VALUES (620, 21, 358.15, '2026-02-27 06:34:37', NOW(), NOW());
INSERT INTO investment_prices (id, investment_id, price, date, created_at, updated_at) VALUES (621, 21, 350.17, '2026-03-11 06:34:37', NOW(), NOW());
INSERT INTO investment_prices (id, investment_id, price, date, created_at, updated_at) VALUES (622, 21, 358.74, '2026-03-23 06:34:37', NOW(), NOW());
INSERT INTO investment_prices (id, investment_id, price, date, created_at, updated_at) VALUES (623, 21, 353.87, '2026-04-04 06:34:37', NOW(), NOW());
INSERT INTO investment_prices (id, investment_id, price, date, created_at, updated_at) VALUES (624, 21, 363.39, '2026-04-16 06:34:37', NOW(), NOW());
INSERT INTO investment_prices (id, investment_id, price, date, created_at, updated_at) VALUES (625, 21, 357.16, '2026-04-28 06:34:37', NOW(), NOW());
INSERT INTO investment_prices (id, investment_id, price, date, created_at, updated_at) VALUES (626, 21, 363.61, '2026-05-10 06:34:37', NOW(), NOW());
INSERT INTO investment_prices (id, investment_id, price, date, created_at, updated_at) VALUES (627, 21, 367.24, '2026-05-22 06:34:37', NOW(), NOW());
INSERT INTO investment_prices (id, investment_id, price, date, created_at, updated_at) VALUES (628, 21, 362.60, '2026-06-03 06:34:37', NOW(), NOW());
INSERT INTO investment_prices (id, investment_id, price, date, created_at, updated_at) VALUES (629, 21, 377.93, '2026-06-15 06:34:37', NOW(), NOW());
INSERT INTO investment_prices (id, investment_id, price, date, created_at, updated_at) VALUES (630, 21, 378.18, '2026-06-27 06:34:37', NOW(), NOW());
INSERT INTO reminders (id, user_id, title, description, due_date, status, created_at, updated_at) VALUES (43, 7, 'Renovar seguro', 'Recordatorio generado automáticamente', '2026-08-10 03:50:42', 'completed', NOW(), NOW());
INSERT INTO reminders (id, user_id, title, description, due_date, status, created_at, updated_at) VALUES (44, 7, 'Pagar tarjeta', 'Recordatorio generado automáticamente', '2026-07-16 17:39:53', 'completed', NOW(), NOW());
INSERT INTO reminders (id, user_id, title, description, due_date, status, created_at, updated_at) VALUES (45, 7, 'Pagar universidad', 'Recordatorio generado automáticamente', '2026-07-27 17:24:49', 'pending', NOW(), NOW());
INSERT INTO reminders (id, user_id, title, description, due_date, status, created_at, updated_at) VALUES (46, 7, 'Renovar seguro', 'Recordatorio generado automáticamente', '2026-07-31 21:57:01', 'completed', NOW(), NOW());
INSERT INTO reminders (id, user_id, title, description, due_date, status, created_at, updated_at) VALUES (47, 7, 'Invertir este mes', 'Recordatorio generado automáticamente', '2026-07-15 13:45:46', 'completed', NOW(), NOW());
INSERT INTO receipts (id, user_id, transaction_id, merchant, total_amount, date, image_url, created_at, updated_at) VALUES (136, 7, 389, 'McDonald''s', 4478.01, '2026-05-14 02:42:28', 'https://example.com/receipt_389.jpg', NOW(), NOW());
INSERT INTO receipts (id, user_id, transaction_id, merchant, total_amount, date, image_url, created_at, updated_at) VALUES (137, 7, 351, 'Apple', 2068.47, '2026-06-25 13:29:25', 'https://example.com/receipt_351.jpg', NOW(), NOW());
INSERT INTO receipts (id, user_id, transaction_id, merchant, total_amount, date, image_url, created_at, updated_at) VALUES (138, 7, 387, 'Domino''s', 1124.44, '2025-12-20 09:44:41', 'https://example.com/receipt_387.jpg', NOW(), NOW());
INSERT INTO receipts (id, user_id, transaction_id, merchant, total_amount, date, image_url, created_at, updated_at) VALUES (139, 7, 383, 'Liverpool', 313.28, '2025-11-22 00:54:23', 'https://example.com/receipt_383.jpg', NOW(), NOW());
INSERT INTO receipts (id, user_id, transaction_id, merchant, total_amount, date, image_url, created_at, updated_at) VALUES (140, 7, 349, 'Izzi', 1519.04, '2026-04-14 12:48:49', 'https://example.com/receipt_349.jpg', NOW(), NOW());
INSERT INTO receipts (id, user_id, transaction_id, merchant, total_amount, date, image_url, created_at, updated_at) VALUES (141, 7, 381, 'Bitso', 4180.93, '2026-03-27 08:30:55', 'https://example.com/receipt_381.jpg', NOW(), NOW());
INSERT INTO receipts (id, user_id, transaction_id, merchant, total_amount, date, image_url, created_at, updated_at) VALUES (142, 7, 381, 'Bitso', 4180.93, '2026-03-27 08:30:55', 'https://example.com/receipt_381.jpg', NOW(), NOW());
INSERT INTO receipts (id, user_id, transaction_id, merchant, total_amount, date, image_url, created_at, updated_at) VALUES (143, 7, 390, 'Fiverr', 4184.78, '2025-08-06 18:00:10', 'https://example.com/receipt_390.jpg', NOW(), NOW());
INSERT INTO receipts (id, user_id, transaction_id, merchant, total_amount, date, image_url, created_at, updated_at) VALUES (144, 7, 356, 'Izzi', 3968.34, '2026-04-28 02:46:02', 'https://example.com/receipt_356.jpg', NOW(), NOW());
INSERT INTO receipts (id, user_id, transaction_id, merchant, total_amount, date, image_url, created_at, updated_at) VALUES (145, 7, 378, 'Mercado Libre', 3726.29, '2025-10-10 18:28:31', 'https://example.com/receipt_378.jpg', NOW(), NOW());
INSERT INTO receipts (id, user_id, transaction_id, merchant, total_amount, date, image_url, created_at, updated_at) VALUES (146, 7, 382, 'Gasolinera Pemex', 116.49, '2026-01-30 19:50:49', 'https://example.com/receipt_382.jpg', NOW(), NOW());
INSERT INTO receipts (id, user_id, transaction_id, merchant, total_amount, date, image_url, created_at, updated_at) VALUES (147, 7, 366, 'OXXO', 2638.93, '2025-08-14 07:05:09', 'https://example.com/receipt_366.jpg', NOW(), NOW());
INSERT INTO receipts (id, user_id, transaction_id, merchant, total_amount, date, image_url, created_at, updated_at) VALUES (148, 7, 350, 'Domino''s', 2584.37, '2026-05-31 17:00:36', 'https://example.com/receipt_350.jpg', NOW(), NOW());
INSERT INTO receipts (id, user_id, transaction_id, merchant, total_amount, date, image_url, created_at, updated_at) VALUES (149, 7, 395, 'Liverpool', 2192.55, '2025-07-28 10:58:23', 'https://example.com/receipt_395.jpg', NOW(), NOW());
INSERT INTO receipts (id, user_id, transaction_id, merchant, total_amount, date, image_url, created_at, updated_at) VALUES (150, 7, 361, 'Cinépolis', 2669.34, '2026-04-27 05:58:49', 'https://example.com/receipt_361.jpg', NOW(), NOW());
INSERT INTO receipts (id, user_id, transaction_id, merchant, total_amount, date, image_url, created_at, updated_at) VALUES (151, 7, 350, 'Domino''s', 2584.37, '2026-05-31 17:00:36', 'https://example.com/receipt_350.jpg', NOW(), NOW());
INSERT INTO receipts (id, user_id, transaction_id, merchant, total_amount, date, image_url, created_at, updated_at) VALUES (152, 7, 364, 'Netflix', 1425.89, '2026-04-22 06:42:29', 'https://example.com/receipt_364.jpg', NOW(), NOW());
INSERT INTO receipts (id, user_id, transaction_id, merchant, total_amount, date, image_url, created_at, updated_at) VALUES (153, 7, 351, 'Apple', 2068.47, '2026-06-25 13:29:25', 'https://example.com/receipt_351.jpg', NOW(), NOW());
INSERT INTO receipts (id, user_id, transaction_id, merchant, total_amount, date, image_url, created_at, updated_at) VALUES (154, 7, 369, 'Cinépolis', 1909.38, '2026-04-17 02:26:15', 'https://example.com/receipt_369.jpg', NOW(), NOW());
INSERT INTO receipts (id, user_id, transaction_id, merchant, total_amount, date, image_url, created_at, updated_at) VALUES (155, 7, 392, 'Telcel', 1309.66, '2026-06-30 08:08:09', 'https://example.com/receipt_392.jpg', NOW(), NOW());
INSERT INTO receipts (id, user_id, transaction_id, merchant, total_amount, date, image_url, created_at, updated_at) VALUES (156, 7, 354, 'GBM', 1412.27, '2026-02-26 22:18:39', 'https://example.com/receipt_354.jpg', NOW(), NOW());
INSERT INTO receipts (id, user_id, transaction_id, merchant, total_amount, date, image_url, created_at, updated_at) VALUES (157, 7, 393, 'Steam', 2564.63, '2026-01-15 23:32:50', 'https://example.com/receipt_393.jpg', NOW(), NOW());
INSERT INTO receipts (id, user_id, transaction_id, merchant, total_amount, date, image_url, created_at, updated_at) VALUES (158, 7, 356, 'Izzi', 3968.34, '2026-04-28 02:46:02', 'https://example.com/receipt_356.jpg', NOW(), NOW());
INSERT INTO receipts (id, user_id, transaction_id, merchant, total_amount, date, image_url, created_at, updated_at) VALUES (159, 7, 357, 'Gasolinera Pemex', 1497.47, '2026-03-26 19:18:02', 'https://example.com/receipt_357.jpg', NOW(), NOW());
INSERT INTO receipts (id, user_id, transaction_id, merchant, total_amount, date, image_url, created_at, updated_at) VALUES (160, 7, 362, 'Izzi', 4992.38, '2025-09-08 13:29:59', 'https://example.com/receipt_362.jpg', NOW(), NOW());
INSERT INTO receipts (id, user_id, transaction_id, merchant, total_amount, date, image_url, created_at, updated_at) VALUES (161, 7, 368, 'Costco', 3855.18, '2026-01-18 23:46:07', 'https://example.com/receipt_368.jpg', NOW(), NOW());
INSERT INTO receipts (id, user_id, transaction_id, merchant, total_amount, date, image_url, created_at, updated_at) VALUES (162, 7, 362, 'Izzi', 4992.38, '2025-09-08 13:29:59', 'https://example.com/receipt_362.jpg', NOW(), NOW());
INSERT INTO receipts (id, user_id, transaction_id, merchant, total_amount, date, image_url, created_at, updated_at) VALUES (163, 7, 364, 'Netflix', 1425.89, '2026-04-22 06:42:29', 'https://example.com/receipt_364.jpg', NOW(), NOW());
INSERT INTO financial_snapshots (id, user_id, date, net_worth, total_assets, total_liabilities, created_at, updated_at) VALUES (313, 7, '2025-07-02', 30227.20, 36272.64, 6045.44, NOW(), NOW());
INSERT INTO financial_snapshots (id, user_id, date, net_worth, total_assets, total_liabilities, created_at, updated_at) VALUES (314, 7, '2025-07-09', 31048.19, 37257.83, 6209.64, NOW(), NOW());
INSERT INTO financial_snapshots (id, user_id, date, net_worth, total_assets, total_liabilities, created_at, updated_at) VALUES (315, 7, '2025-07-16', 32076.82, 38492.18, 6415.36, NOW(), NOW());
INSERT INTO financial_snapshots (id, user_id, date, net_worth, total_assets, total_liabilities, created_at, updated_at) VALUES (316, 7, '2025-07-23', 32242.10, 38690.52, 6448.42, NOW(), NOW());
INSERT INTO financial_snapshots (id, user_id, date, net_worth, total_assets, total_liabilities, created_at, updated_at) VALUES (317, 7, '2025-07-30', 33551.35, 40261.62, 6710.27, NOW(), NOW());
INSERT INTO financial_snapshots (id, user_id, date, net_worth, total_assets, total_liabilities, created_at, updated_at) VALUES (318, 7, '2025-08-06', 34777.14, 41732.57, 6955.43, NOW(), NOW());
INSERT INTO financial_snapshots (id, user_id, date, net_worth, total_assets, total_liabilities, created_at, updated_at) VALUES (319, 7, '2025-08-13', 34596.39, 41515.67, 6919.28, NOW(), NOW());
INSERT INTO financial_snapshots (id, user_id, date, net_worth, total_assets, total_liabilities, created_at, updated_at) VALUES (320, 7, '2025-08-20', 35838.95, 43006.74, 7167.79, NOW(), NOW());
INSERT INTO financial_snapshots (id, user_id, date, net_worth, total_assets, total_liabilities, created_at, updated_at) VALUES (321, 7, '2025-08-27', 36050.01, 43260.01, 7210.00, NOW(), NOW());
INSERT INTO financial_snapshots (id, user_id, date, net_worth, total_assets, total_liabilities, created_at, updated_at) VALUES (322, 7, '2025-09-03', 36064.28, 43277.14, 7212.86, NOW(), NOW());
INSERT INTO financial_snapshots (id, user_id, date, net_worth, total_assets, total_liabilities, created_at, updated_at) VALUES (323, 7, '2025-09-10', 36186.63, 43423.96, 7237.33, NOW(), NOW());
INSERT INTO financial_snapshots (id, user_id, date, net_worth, total_assets, total_liabilities, created_at, updated_at) VALUES (324, 7, '2025-09-17', 37371.98, 44846.38, 7474.40, NOW(), NOW());
INSERT INTO financial_snapshots (id, user_id, date, net_worth, total_assets, total_liabilities, created_at, updated_at) VALUES (325, 7, '2025-09-24', 38507.46, 46208.95, 7701.49, NOW(), NOW());
INSERT INTO financial_snapshots (id, user_id, date, net_worth, total_assets, total_liabilities, created_at, updated_at) VALUES (326, 7, '2025-10-01', 39253.97, 47104.76, 7850.79, NOW(), NOW());
INSERT INTO financial_snapshots (id, user_id, date, net_worth, total_assets, total_liabilities, created_at, updated_at) VALUES (327, 7, '2025-10-08', 39295.38, 47154.46, 7859.08, NOW(), NOW());
INSERT INTO financial_snapshots (id, user_id, date, net_worth, total_assets, total_liabilities, created_at, updated_at) VALUES (328, 7, '2025-10-15', 39000.18, 46800.22, 7800.04, NOW(), NOW());
INSERT INTO financial_snapshots (id, user_id, date, net_worth, total_assets, total_liabilities, created_at, updated_at) VALUES (329, 7, '2025-10-22', 40141.78, 48170.14, 8028.36, NOW(), NOW());
INSERT INTO financial_snapshots (id, user_id, date, net_worth, total_assets, total_liabilities, created_at, updated_at) VALUES (330, 7, '2025-10-29', 40233.40, 48280.08, 8046.68, NOW(), NOW());
INSERT INTO financial_snapshots (id, user_id, date, net_worth, total_assets, total_liabilities, created_at, updated_at) VALUES (331, 7, '2025-11-05', 40903.90, 49084.68, 8180.78, NOW(), NOW());
INSERT INTO financial_snapshots (id, user_id, date, net_worth, total_assets, total_liabilities, created_at, updated_at) VALUES (332, 7, '2025-11-12', 40969.59, 49163.51, 8193.92, NOW(), NOW());
INSERT INTO financial_snapshots (id, user_id, date, net_worth, total_assets, total_liabilities, created_at, updated_at) VALUES (333, 7, '2025-11-19', 40631.53, 48757.84, 8126.31, NOW(), NOW());
INSERT INTO financial_snapshots (id, user_id, date, net_worth, total_assets, total_liabilities, created_at, updated_at) VALUES (334, 7, '2025-11-26', 41185.25, 49422.30, 8237.05, NOW(), NOW());
INSERT INTO financial_snapshots (id, user_id, date, net_worth, total_assets, total_liabilities, created_at, updated_at) VALUES (335, 7, '2025-12-03', 41245.28, 49494.34, 8249.06, NOW(), NOW());
INSERT INTO financial_snapshots (id, user_id, date, net_worth, total_assets, total_liabilities, created_at, updated_at) VALUES (336, 7, '2025-12-10', 42022.35, 50426.82, 8404.47, NOW(), NOW());
INSERT INTO financial_snapshots (id, user_id, date, net_worth, total_assets, total_liabilities, created_at, updated_at) VALUES (337, 7, '2025-12-17', 41555.41, 49866.49, 8311.08, NOW(), NOW());
INSERT INTO financial_snapshots (id, user_id, date, net_worth, total_assets, total_liabilities, created_at, updated_at) VALUES (338, 7, '2025-12-24', 42294.76, 50753.71, 8458.95, NOW(), NOW());
INSERT INTO financial_snapshots (id, user_id, date, net_worth, total_assets, total_liabilities, created_at, updated_at) VALUES (339, 7, '2025-12-31', 41848.70, 50218.44, 8369.74, NOW(), NOW());
INSERT INTO financial_snapshots (id, user_id, date, net_worth, total_assets, total_liabilities, created_at, updated_at) VALUES (340, 7, '2026-01-07', 41631.25, 49957.50, 8326.25, NOW(), NOW());
INSERT INTO financial_snapshots (id, user_id, date, net_worth, total_assets, total_liabilities, created_at, updated_at) VALUES (341, 7, '2026-01-14', 42487.32, 50984.78, 8497.46, NOW(), NOW());
INSERT INTO financial_snapshots (id, user_id, date, net_worth, total_assets, total_liabilities, created_at, updated_at) VALUES (342, 7, '2026-01-21', 43885.71, 52662.85, 8777.14, NOW(), NOW());
INSERT INTO financial_snapshots (id, user_id, date, net_worth, total_assets, total_liabilities, created_at, updated_at) VALUES (343, 7, '2026-01-28', 44407.78, 53289.34, 8881.56, NOW(), NOW());
INSERT INTO financial_snapshots (id, user_id, date, net_worth, total_assets, total_liabilities, created_at, updated_at) VALUES (344, 7, '2026-02-04', 44335.69, 53202.83, 8867.14, NOW(), NOW());
INSERT INTO financial_snapshots (id, user_id, date, net_worth, total_assets, total_liabilities, created_at, updated_at) VALUES (345, 7, '2026-02-11', 44063.18, 52875.82, 8812.64, NOW(), NOW());
INSERT INTO financial_snapshots (id, user_id, date, net_worth, total_assets, total_liabilities, created_at, updated_at) VALUES (346, 7, '2026-02-18', 44412.99, 53295.59, 8882.60, NOW(), NOW());
INSERT INTO financial_snapshots (id, user_id, date, net_worth, total_assets, total_liabilities, created_at, updated_at) VALUES (347, 7, '2026-02-25', 45685.68, 54822.82, 9137.14, NOW(), NOW());
INSERT INTO financial_snapshots (id, user_id, date, net_worth, total_assets, total_liabilities, created_at, updated_at) VALUES (348, 7, '2026-03-04', 45962.78, 55155.34, 9192.56, NOW(), NOW());
INSERT INTO financial_snapshots (id, user_id, date, net_worth, total_assets, total_liabilities, created_at, updated_at) VALUES (349, 7, '2026-03-11', 46578.34, 55894.01, 9315.67, NOW(), NOW());
INSERT INTO financial_snapshots (id, user_id, date, net_worth, total_assets, total_liabilities, created_at, updated_at) VALUES (350, 7, '2026-03-18', 47082.63, 56499.16, 9416.53, NOW(), NOW());
INSERT INTO financial_snapshots (id, user_id, date, net_worth, total_assets, total_liabilities, created_at, updated_at) VALUES (351, 7, '2026-03-25', 46775.91, 56131.09, 9355.18, NOW(), NOW());
INSERT INTO financial_snapshots (id, user_id, date, net_worth, total_assets, total_liabilities, created_at, updated_at) VALUES (352, 7, '2026-04-01', 47579.84, 57095.81, 9515.97, NOW(), NOW());
INSERT INTO financial_snapshots (id, user_id, date, net_worth, total_assets, total_liabilities, created_at, updated_at) VALUES (353, 7, '2026-04-08', 48321.07, 57985.28, 9664.21, NOW(), NOW());
INSERT INTO financial_snapshots (id, user_id, date, net_worth, total_assets, total_liabilities, created_at, updated_at) VALUES (354, 7, '2026-04-15', 48867.07, 58640.48, 9773.41, NOW(), NOW());
INSERT INTO financial_snapshots (id, user_id, date, net_worth, total_assets, total_liabilities, created_at, updated_at) VALUES (355, 7, '2026-04-22', 49588.35, 59506.02, 9917.67, NOW(), NOW());
INSERT INTO financial_snapshots (id, user_id, date, net_worth, total_assets, total_liabilities, created_at, updated_at) VALUES (356, 7, '2026-04-29', 49606.90, 59528.28, 9921.38, NOW(), NOW());
INSERT INTO financial_snapshots (id, user_id, date, net_worth, total_assets, total_liabilities, created_at, updated_at) VALUES (357, 7, '2026-05-06', 50597.42, 60716.90, 10119.48, NOW(), NOW());
INSERT INTO financial_snapshots (id, user_id, date, net_worth, total_assets, total_liabilities, created_at, updated_at) VALUES (358, 7, '2026-05-13', 50133.90, 60160.68, 10026.78, NOW(), NOW());
INSERT INTO financial_snapshots (id, user_id, date, net_worth, total_assets, total_liabilities, created_at, updated_at) VALUES (359, 7, '2026-05-20', 49827.11, 59792.53, 9965.42, NOW(), NOW());
INSERT INTO financial_snapshots (id, user_id, date, net_worth, total_assets, total_liabilities, created_at, updated_at) VALUES (360, 7, '2026-05-27', 51062.05, 61274.46, 10212.41, NOW(), NOW());
INSERT INTO financial_snapshots (id, user_id, date, net_worth, total_assets, total_liabilities, created_at, updated_at) VALUES (361, 7, '2026-06-03', 51128.53, 61354.24, 10225.71, NOW(), NOW());
INSERT INTO financial_snapshots (id, user_id, date, net_worth, total_assets, total_liabilities, created_at, updated_at) VALUES (362, 7, '2026-06-10', 51140.85, 61369.02, 10228.17, NOW(), NOW());
INSERT INTO financial_snapshots (id, user_id, date, net_worth, total_assets, total_liabilities, created_at, updated_at) VALUES (363, 7, '2026-06-17', 51822.40, 62186.88, 10364.48, NOW(), NOW());
INSERT INTO financial_snapshots (id, user_id, date, net_worth, total_assets, total_liabilities, created_at, updated_at) VALUES (364, 7, '2026-06-24', 52488.50, 62986.20, 10497.70, NOW(), NOW());
INSERT INTO conversations (id, user_id, title, created_at, updated_at) VALUES (26, 7, 'Analiza mi portafolio', NOW(), NOW());
INSERT INTO messages (id, conversation_id, sender, content, created_at, updated_at) VALUES (373, 26, 'user', 'Pregunta sobre Analiza mi portafolio', '2026-06-28 06:40:37', NOW());
INSERT INTO messages (id, conversation_id, sender, content, created_at, updated_at) VALUES (374, 26, 'assistant', 'Respuesta del asistente a Analiza mi portafolio con análisis detallado.', '2026-06-28 06:43:37', NOW());
INSERT INTO messages (id, conversation_id, sender, content, created_at, updated_at) VALUES (375, 26, 'user', 'Pregunta sobre Analiza mi portafolio', '2026-06-28 06:45:37', NOW());
INSERT INTO messages (id, conversation_id, sender, content, created_at, updated_at) VALUES (376, 26, 'assistant', 'Respuesta del asistente a Analiza mi portafolio con análisis detallado.', '2026-06-28 06:51:37', NOW());
INSERT INTO messages (id, conversation_id, sender, content, created_at, updated_at) VALUES (377, 26, 'user', 'Pregunta sobre Analiza mi portafolio', '2026-06-28 06:55:37', NOW());
INSERT INTO messages (id, conversation_id, sender, content, created_at, updated_at) VALUES (378, 26, 'assistant', 'Respuesta del asistente a Analiza mi portafolio con análisis detallado.', '2026-06-28 07:04:37', NOW());
INSERT INTO messages (id, conversation_id, sender, content, created_at, updated_at) VALUES (379, 26, 'user', 'Pregunta sobre Analiza mi portafolio', '2026-06-28 07:13:37', NOW());
INSERT INTO messages (id, conversation_id, sender, content, created_at, updated_at) VALUES (380, 26, 'assistant', 'Respuesta del asistente a Analiza mi portafolio con análisis detallado.', '2026-06-28 07:22:37', NOW());
INSERT INTO messages (id, conversation_id, sender, content, created_at, updated_at) VALUES (381, 26, 'user', 'Pregunta sobre Analiza mi portafolio', '2026-06-28 07:30:37', NOW());
INSERT INTO messages (id, conversation_id, sender, content, created_at, updated_at) VALUES (382, 26, 'assistant', 'Respuesta del asistente a Analiza mi portafolio con análisis detallado.', '2026-06-28 07:32:37', NOW());
INSERT INTO messages (id, conversation_id, sender, content, created_at, updated_at) VALUES (383, 26, 'user', 'Pregunta sobre Analiza mi portafolio', '2026-06-28 07:40:37', NOW());
INSERT INTO messages (id, conversation_id, sender, content, created_at, updated_at) VALUES (384, 26, 'assistant', 'Respuesta del asistente a Analiza mi portafolio con análisis detallado.', '2026-06-28 07:49:37', NOW());
INSERT INTO messages (id, conversation_id, sender, content, created_at, updated_at) VALUES (385, 26, 'user', 'Pregunta sobre Analiza mi portafolio', '2026-06-28 07:52:37', NOW());
INSERT INTO messages (id, conversation_id, sender, content, created_at, updated_at) VALUES (386, 26, 'assistant', 'Respuesta del asistente a Analiza mi portafolio con análisis detallado.', '2026-06-28 07:56:37', NOW());
INSERT INTO messages (id, conversation_id, sender, content, created_at, updated_at) VALUES (387, 26, 'user', 'Pregunta sobre Analiza mi portafolio', '2026-06-28 07:58:37', NOW());
INSERT INTO messages (id, conversation_id, sender, content, created_at, updated_at) VALUES (388, 26, 'assistant', 'Respuesta del asistente a Analiza mi portafolio con análisis detallado.', '2026-06-28 08:01:37', NOW());
INSERT INTO conversations (id, user_id, title, created_at, updated_at) VALUES (27, 7, '¿Cuánto puedo invertir este mes?', NOW(), NOW());
INSERT INTO messages (id, conversation_id, sender, content, created_at, updated_at) VALUES (389, 27, 'user', 'Pregunta sobre ¿Cuánto puedo invertir este mes?', '2026-06-28 06:43:37', NOW());
INSERT INTO messages (id, conversation_id, sender, content, created_at, updated_at) VALUES (390, 27, 'assistant', 'Respuesta del asistente a ¿Cuánto puedo invertir este mes? con análisis detallado.', '2026-06-28 06:44:37', NOW());
INSERT INTO messages (id, conversation_id, sender, content, created_at, updated_at) VALUES (391, 27, 'user', 'Pregunta sobre ¿Cuánto puedo invertir este mes?', '2026-06-28 06:45:37', NOW());
INSERT INTO messages (id, conversation_id, sender, content, created_at, updated_at) VALUES (392, 27, 'assistant', 'Respuesta del asistente a ¿Cuánto puedo invertir este mes? con análisis detallado.', '2026-06-28 06:52:37', NOW());
INSERT INTO messages (id, conversation_id, sender, content, created_at, updated_at) VALUES (393, 27, 'user', 'Pregunta sobre ¿Cuánto puedo invertir este mes?', '2026-06-28 07:02:37', NOW());
INSERT INTO messages (id, conversation_id, sender, content, created_at, updated_at) VALUES (394, 27, 'assistant', 'Respuesta del asistente a ¿Cuánto puedo invertir este mes? con análisis detallado.', '2026-06-28 07:03:37', NOW());
INSERT INTO messages (id, conversation_id, sender, content, created_at, updated_at) VALUES (395, 27, 'user', 'Pregunta sobre ¿Cuánto puedo invertir este mes?', '2026-06-28 07:13:37', NOW());
INSERT INTO messages (id, conversation_id, sender, content, created_at, updated_at) VALUES (396, 27, 'assistant', 'Respuesta del asistente a ¿Cuánto puedo invertir este mes? con análisis detallado.', '2026-06-28 07:17:37', NOW());
INSERT INTO conversations (id, user_id, title, created_at, updated_at) VALUES (28, 7, '¿En qué gasto más?', NOW(), NOW());
INSERT INTO messages (id, conversation_id, sender, content, created_at, updated_at) VALUES (397, 28, 'user', 'Pregunta sobre ¿En qué gasto más?', '2026-06-28 06:42:37', NOW());
INSERT INTO messages (id, conversation_id, sender, content, created_at, updated_at) VALUES (398, 28, 'assistant', 'Respuesta del asistente a ¿En qué gasto más? con análisis detallado.', '2026-06-28 06:45:37', NOW());
INSERT INTO messages (id, conversation_id, sender, content, created_at, updated_at) VALUES (399, 28, 'user', 'Pregunta sobre ¿En qué gasto más?', '2026-06-28 06:46:37', NOW());
INSERT INTO messages (id, conversation_id, sender, content, created_at, updated_at) VALUES (400, 28, 'assistant', 'Respuesta del asistente a ¿En qué gasto más? con análisis detallado.', '2026-06-28 06:49:37', NOW());
INSERT INTO messages (id, conversation_id, sender, content, created_at, updated_at) VALUES (401, 28, 'user', 'Pregunta sobre ¿En qué gasto más?', '2026-06-28 06:53:37', NOW());
INSERT INTO messages (id, conversation_id, sender, content, created_at, updated_at) VALUES (402, 28, 'assistant', 'Respuesta del asistente a ¿En qué gasto más? con análisis detallado.', '2026-06-28 06:56:37', NOW());
INSERT INTO messages (id, conversation_id, sender, content, created_at, updated_at) VALUES (403, 28, 'user', 'Pregunta sobre ¿En qué gasto más?', '2026-06-28 06:57:37', NOW());
INSERT INTO messages (id, conversation_id, sender, content, created_at, updated_at) VALUES (404, 28, 'assistant', 'Respuesta del asistente a ¿En qué gasto más? con análisis detallado.', '2026-06-28 06:59:37', NOW());
INSERT INTO conversations (id, user_id, title, created_at, updated_at) VALUES (29, 7, 'Analiza mi portafolio', NOW(), NOW());
INSERT INTO messages (id, conversation_id, sender, content, created_at, updated_at) VALUES (405, 29, 'user', 'Pregunta sobre Analiza mi portafolio', '2026-06-28 06:38:37', NOW());
INSERT INTO messages (id, conversation_id, sender, content, created_at, updated_at) VALUES (406, 29, 'assistant', 'Respuesta del asistente a Analiza mi portafolio con análisis detallado.', '2026-06-28 06:39:37', NOW());
INSERT INTO messages (id, conversation_id, sender, content, created_at, updated_at) VALUES (407, 29, 'user', 'Pregunta sobre Analiza mi portafolio', '2026-06-28 06:49:37', NOW());
INSERT INTO messages (id, conversation_id, sender, content, created_at, updated_at) VALUES (408, 29, 'assistant', 'Respuesta del asistente a Analiza mi portafolio con análisis detallado.', '2026-06-28 06:50:37', NOW());
INSERT INTO messages (id, conversation_id, sender, content, created_at, updated_at) VALUES (409, 29, 'user', 'Pregunta sobre Analiza mi portafolio', '2026-06-28 06:59:37', NOW());
INSERT INTO messages (id, conversation_id, sender, content, created_at, updated_at) VALUES (410, 29, 'assistant', 'Respuesta del asistente a Analiza mi portafolio con análisis detallado.', '2026-06-28 07:09:37', NOW());
INSERT INTO messages (id, conversation_id, sender, content, created_at, updated_at) VALUES (411, 29, 'user', 'Pregunta sobre Analiza mi portafolio', '2026-06-28 07:13:37', NOW());
INSERT INTO messages (id, conversation_id, sender, content, created_at, updated_at) VALUES (412, 29, 'assistant', 'Respuesta del asistente a Analiza mi portafolio con análisis detallado.', '2026-06-28 07:22:37', NOW());
INSERT INTO messages (id, conversation_id, sender, content, created_at, updated_at) VALUES (413, 29, 'user', 'Pregunta sobre Analiza mi portafolio', '2026-06-28 07:24:37', NOW());
INSERT INTO messages (id, conversation_id, sender, content, created_at, updated_at) VALUES (414, 29, 'assistant', 'Respuesta del asistente a Analiza mi portafolio con análisis detallado.', '2026-06-28 07:32:37', NOW());
INSERT INTO messages (id, conversation_id, sender, content, created_at, updated_at) VALUES (415, 29, 'user', 'Pregunta sobre Analiza mi portafolio', '2026-06-28 07:35:37', NOW());
INSERT INTO messages (id, conversation_id, sender, content, created_at, updated_at) VALUES (416, 29, 'assistant', 'Respuesta del asistente a Analiza mi portafolio con análisis detallado.', '2026-06-28 07:37:37', NOW());
INSERT INTO messages (id, conversation_id, sender, content, created_at, updated_at) VALUES (417, 29, 'user', 'Pregunta sobre Analiza mi portafolio', '2026-06-28 07:46:37', NOW());
INSERT INTO messages (id, conversation_id, sender, content, created_at, updated_at) VALUES (418, 29, 'assistant', 'Respuesta del asistente a Analiza mi portafolio con análisis detallado.', '2026-06-28 07:48:37', NOW());
INSERT INTO messages (id, conversation_id, sender, content, created_at, updated_at) VALUES (419, 29, 'user', 'Pregunta sobre Analiza mi portafolio', '2026-06-28 07:53:37', NOW());
INSERT INTO messages (id, conversation_id, sender, content, created_at, updated_at) VALUES (420, 29, 'assistant', 'Respuesta del asistente a Analiza mi portafolio con análisis detallado.', '2026-06-28 07:58:37', NOW());
INSERT INTO messages (id, conversation_id, sender, content, created_at, updated_at) VALUES (421, 29, 'user', 'Pregunta sobre Analiza mi portafolio', '2026-06-28 08:06:37', NOW());
INSERT INTO users (id, name, last_name, email, password, created_at, updated_at) VALUES (8, 'Maria', 'Ramirez', 'maria.ramirez8@example.com', 'password', NOW(), NOW());
INSERT INTO settings (user_id, currency, language, theme, monthly_income, payday, ai_enabled, created_at, updated_at) VALUES (8, 'MXN', 'es', 'system', 43368.29, 22, true, NOW(), NOW());
INSERT INTO accounts (id, user_id, name, balance, color, icon, type, currency, created_at, updated_at) VALUES (33, 8, 'Efectivo', 8432.25, '#ce693d', 'icon-bank', 'bank', 'MXN', NOW(), NOW());
INSERT INTO accounts (id, user_id, name, balance, color, icon, type, currency, created_at, updated_at) VALUES (34, 8, 'Binance', 45961.94, '#c10de1', 'icon-credit', 'credit', 'MXN', NOW(), NOW());
INSERT INTO accounts (id, user_id, name, balance, color, icon, type, currency, created_at, updated_at) VALUES (35, 8, 'Banorte', 22844.25, '#aa7a2d', 'icon-wallet', 'wallet', 'MXN', NOW(), NOW());
INSERT INTO accounts (id, user_id, name, balance, color, icon, type, currency, created_at, updated_at) VALUES (36, 8, 'Efectivo', 1154.06, '#287b23', 'icon-wallet', 'wallet', 'MXN', NOW(), NOW());
INSERT INTO accounts (id, user_id, name, balance, color, icon, type, currency, created_at, updated_at) VALUES (37, 8, 'Mercado Pago', 48010.55, '#d4a6d5', 'icon-wallet', 'wallet', 'MXN', NOW(), NOW());
INSERT INTO accounts (id, user_id, name, balance, color, icon, type, currency, created_at, updated_at) VALUES (38, 8, 'GBM', 1506.20, '#c4fbd8', 'icon-cash', 'cash', 'MXN', NOW(), NOW());
INSERT INTO funds (id, user_id, name, balance, color, icon, created_at, updated_at) VALUES (43, 8, 'Gastos necesarios', 725.20, '#dd0295', 'icon-fund', NOW(), NOW());
INSERT INTO fund_allocations (id, fund_id, category_id, created_at, updated_at) VALUES (174, 43, 24, NOW(), NOW());
INSERT INTO fund_allocations (id, fund_id, category_id, created_at, updated_at) VALUES (175, 43, 1, NOW(), NOW());
INSERT INTO fund_allocations (id, fund_id, category_id, created_at, updated_at) VALUES (176, 43, 27, NOW(), NOW());
INSERT INTO fund_allocations (id, fund_id, category_id, created_at, updated_at) VALUES (177, 43, 25, NOW(), NOW());
INSERT INTO funds (id, user_id, name, balance, color, icon, created_at, updated_at) VALUES (44, 8, 'Gastos personales', 4029.30, '#12f8fa', 'icon-fund', NOW(), NOW());
INSERT INTO fund_allocations (id, fund_id, category_id, created_at, updated_at) VALUES (178, 44, 24, NOW(), NOW());
INSERT INTO fund_allocations (id, fund_id, category_id, created_at, updated_at) VALUES (179, 44, 7, NOW(), NOW());
INSERT INTO fund_allocations (id, fund_id, category_id, created_at, updated_at) VALUES (180, 44, 3, NOW(), NOW());
INSERT INTO funds (id, user_id, name, balance, color, icon, created_at, updated_at) VALUES (45, 8, 'Ahorro', 1355.51, '#33c484', 'icon-fund', NOW(), NOW());
INSERT INTO fund_allocations (id, fund_id, category_id, created_at, updated_at) VALUES (181, 45, 18, NOW(), NOW());
INSERT INTO fund_allocations (id, fund_id, category_id, created_at, updated_at) VALUES (182, 45, 21, NOW(), NOW());
INSERT INTO fund_allocations (id, fund_id, category_id, created_at, updated_at) VALUES (183, 45, 29, NOW(), NOW());
INSERT INTO fund_allocations (id, fund_id, category_id, created_at, updated_at) VALUES (184, 45, 2, NOW(), NOW());
INSERT INTO fund_allocations (id, fund_id, category_id, created_at, updated_at) VALUES (185, 45, 24, NOW(), NOW());
INSERT INTO fund_allocations (id, fund_id, category_id, created_at, updated_at) VALUES (186, 45, 26, NOW(), NOW());
INSERT INTO funds (id, user_id, name, balance, color, icon, created_at, updated_at) VALUES (46, 8, 'Inversión', 12274.69, '#60d6db', 'icon-fund', NOW(), NOW());
INSERT INTO fund_allocations (id, fund_id, category_id, created_at, updated_at) VALUES (187, 46, 26, NOW(), NOW());
INSERT INTO fund_allocations (id, fund_id, category_id, created_at, updated_at) VALUES (188, 46, 29, NOW(), NOW());
INSERT INTO fund_allocations (id, fund_id, category_id, created_at, updated_at) VALUES (189, 46, 19, NOW(), NOW());
INSERT INTO fund_allocations (id, fund_id, category_id, created_at, updated_at) VALUES (190, 46, 10, NOW(), NOW());
INSERT INTO fund_allocations (id, fund_id, category_id, created_at, updated_at) VALUES (191, 46, 27, NOW(), NOW());
INSERT INTO fund_allocations (id, fund_id, category_id, created_at, updated_at) VALUES (192, 46, 6, NOW(), NOW());
INSERT INTO funds (id, user_id, name, balance, color, icon, created_at, updated_at) VALUES (47, 8, 'Fondo de emergencia', 6331.43, '#766359', 'icon-fund', NOW(), NOW());
INSERT INTO fund_allocations (id, fund_id, category_id, created_at, updated_at) VALUES (193, 47, 26, NOW(), NOW());
INSERT INTO fund_allocations (id, fund_id, category_id, created_at, updated_at) VALUES (194, 47, 9, NOW(), NOW());
INSERT INTO fund_allocations (id, fund_id, category_id, created_at, updated_at) VALUES (195, 47, 28, NOW(), NOW());
INSERT INTO fund_allocations (id, fund_id, category_id, created_at, updated_at) VALUES (196, 47, 12, NOW(), NOW());
INSERT INTO fund_allocations (id, fund_id, category_id, created_at, updated_at) VALUES (197, 47, 22, NOW(), NOW());
INSERT INTO fund_allocations (id, fund_id, category_id, created_at, updated_at) VALUES (198, 47, 25, NOW(), NOW());
INSERT INTO funds (id, user_id, name, balance, color, icon, created_at, updated_at) VALUES (48, 8, 'Vacaciones', 330.46, '#324a69', 'icon-fund', NOW(), NOW());
INSERT INTO fund_allocations (id, fund_id, category_id, created_at, updated_at) VALUES (199, 48, 28, NOW(), NOW());
INSERT INTO fund_allocations (id, fund_id, category_id, created_at, updated_at) VALUES (200, 48, 15, NOW(), NOW());
INSERT INTO fund_allocations (id, fund_id, category_id, created_at, updated_at) VALUES (201, 48, 29, NOW(), NOW());
INSERT INTO fund_allocations (id, fund_id, category_id, created_at, updated_at) VALUES (202, 48, 19, NOW(), NOW());
INSERT INTO fund_allocations (id, fund_id, category_id, created_at, updated_at) VALUES (203, 48, 17, NOW(), NOW());
INSERT INTO fund_allocations (id, fund_id, category_id, created_at, updated_at) VALUES (204, 48, 21, NOW(), NOW());
INSERT INTO transactions (id, user_id, account_id, category_id, type, amount, description, notes, date, created_at, updated_at) VALUES (397, 8, 34, 5, 'income', 1774.54, 'Empresa S.A. de C.V.', 'Nota de prueba', '2025-08-09 04:47:56', NOW(), NOW());
INSERT INTO transactions (id, user_id, account_id, category_id, type, amount, description, notes, date, created_at, updated_at) VALUES (398, 8, 36, 26, 'expense', 3952.79, 'OXXO', 'Nota de prueba', '2026-06-07 02:44:27', NOW(), NOW());
INSERT INTO transactions (id, user_id, account_id, category_id, type, amount, description, notes, date, created_at, updated_at) VALUES (399, 8, 35, 22, 'expense', 4020.75, 'Apple', 'Nota de prueba', '2025-11-08 00:49:14', NOW(), NOW());
INSERT INTO transactions (id, user_id, account_id, category_id, type, amount, description, notes, date, created_at, updated_at) VALUES (400, 8, 34, 9, 'expense', 1629.77, 'Gasolinera Pemex', 'Nota de prueba', '2025-12-13 19:53:37', NOW(), NOW());
INSERT INTO transactions (id, user_id, account_id, category_id, type, amount, description, notes, date, created_at, updated_at) VALUES (401, 8, 35, 9, 'expense', 1513.82, 'Starbucks', 'Nota de prueba', '2025-10-22 11:09:00', NOW(), NOW());
INSERT INTO transactions (id, user_id, account_id, category_id, type, amount, description, notes, date, created_at, updated_at) VALUES (402, 8, 33, 27, 'expense', 3695.76, 'Izzi', 'Nota de prueba', '2025-12-13 03:20:00', NOW(), NOW());
INSERT INTO transactions (id, user_id, account_id, category_id, type, amount, description, notes, date, created_at, updated_at) VALUES (403, 8, 34, 18, 'expense', 3776.22, 'Gasolinera Pemex', 'Nota de prueba', '2025-10-18 11:10:16', NOW(), NOW());
INSERT INTO transactions (id, user_id, account_id, category_id, type, amount, description, notes, date, created_at, updated_at) VALUES (404, 8, 34, 19, 'expense', 2834.76, 'Apple', 'Nota de prueba', '2026-01-27 14:54:43', NOW(), NOW());
INSERT INTO transactions (id, user_id, account_id, category_id, type, amount, description, notes, date, created_at, updated_at) VALUES (405, 8, 34, 18, 'expense', 447.46, 'Cinépolis', 'Nota de prueba', '2026-05-12 20:49:40', NOW(), NOW());
INSERT INTO transactions (id, user_id, account_id, category_id, type, amount, description, notes, date, created_at, updated_at) VALUES (406, 8, 35, 18, 'expense', 2164.81, 'Steam', 'Nota de prueba', '2026-05-20 18:43:39', NOW(), NOW());
INSERT INTO transactions (id, user_id, account_id, category_id, type, amount, description, notes, date, created_at, updated_at) VALUES (407, 8, 34, 9, 'expense', 3925.56, 'Steam', 'Nota de prueba', '2025-10-06 14:33:28', NOW(), NOW());
INSERT INTO transactions (id, user_id, account_id, category_id, type, amount, description, notes, date, created_at, updated_at) VALUES (408, 8, 38, 14, 'expense', 4828.68, 'Soriana', 'Nota de prueba', '2026-02-19 20:27:59', NOW(), NOW());
INSERT INTO transactions (id, user_id, account_id, category_id, type, amount, description, notes, date, created_at, updated_at) VALUES (409, 8, 35, 4, 'income', 4976.34, 'SAT Reembolso', 'Nota de prueba', '2026-05-29 15:22:06', NOW(), NOW());
INSERT INTO transactions (id, user_id, account_id, category_id, type, amount, description, notes, date, created_at, updated_at) VALUES (410, 8, 35, 14, 'expense', 949.27, 'Mercado Libre', 'Nota de prueba', '2026-05-03 23:39:07', NOW(), NOW());
INSERT INTO transactions (id, user_id, account_id, category_id, type, amount, description, notes, date, created_at, updated_at) VALUES (411, 8, 38, 15, 'expense', 1081.69, 'Cinépolis', 'Nota de prueba', '2026-02-17 03:49:18', NOW(), NOW());
INSERT INTO transactions (id, user_id, account_id, category_id, type, amount, description, notes, date, created_at, updated_at) VALUES (412, 8, 33, 7, 'expense', 224.63, 'CFE', 'Nota de prueba', '2026-06-27 13:37:10', NOW(), NOW());
INSERT INTO transactions (id, user_id, account_id, category_id, type, amount, description, notes, date, created_at, updated_at) VALUES (413, 8, 35, 17, 'expense', 1102.07, 'Apple', 'Nota de prueba', '2025-11-28 07:42:02', NOW(), NOW());
INSERT INTO transactions (id, user_id, account_id, category_id, type, amount, description, notes, date, created_at, updated_at) VALUES (414, 8, 36, 1, 'income', 3113.06, 'Fiverr', 'Nota de prueba', '2026-03-29 10:39:19', NOW(), NOW());
INSERT INTO transactions (id, user_id, account_id, category_id, type, amount, description, notes, date, created_at, updated_at) VALUES (415, 8, 38, 30, 'investment', 2176.74, 'GBM', 'Nota de prueba', '2026-03-29 19:51:57', NOW(), NOW());
INSERT INTO transactions (id, user_id, account_id, category_id, type, amount, description, notes, date, created_at, updated_at) VALUES (416, 8, 36, 5, 'income', 4112.11, 'Upwork', 'Nota de prueba', '2026-06-05 22:16:57', NOW(), NOW());
INSERT INTO transactions (id, user_id, account_id, category_id, type, amount, description, notes, date, created_at, updated_at) VALUES (417, 8, 37, 16, 'expense', 1469.09, 'Soriana', 'Nota de prueba', '2025-08-29 11:53:41', NOW(), NOW());
INSERT INTO transactions (id, user_id, account_id, category_id, type, amount, description, notes, date, created_at, updated_at) VALUES (418, 8, 34, 13, 'expense', 4537.82, 'Spotify', 'Nota de prueba', '2026-02-04 20:11:31', NOW(), NOW());
INSERT INTO transactions (id, user_id, account_id, category_id, type, amount, description, notes, date, created_at, updated_at) VALUES (419, 8, 35, 17, 'expense', 406.53, 'Steam', 'Nota de prueba', '2026-06-19 04:28:40', NOW(), NOW());
INSERT INTO transactions (id, user_id, account_id, category_id, type, amount, description, notes, date, created_at, updated_at) VALUES (420, 8, 37, 3, 'income', 1375.52, 'SAT Reembolso', 'Nota de prueba', '2025-12-06 05:20:19', NOW(), NOW());
INSERT INTO transactions (id, user_id, account_id, category_id, type, amount, description, notes, date, created_at, updated_at) VALUES (421, 8, 38, 19, 'expense', 2804.76, 'Liverpool', 'Nota de prueba', '2026-05-18 09:16:40', NOW(), NOW());
INSERT INTO transactions (id, user_id, account_id, category_id, type, amount, description, notes, date, created_at, updated_at) VALUES (422, 8, 37, 19, 'expense', 1429.35, 'Steam', 'Nota de prueba', '2026-05-26 17:21:25', NOW(), NOW());
INSERT INTO transactions (id, user_id, account_id, category_id, type, amount, description, notes, date, created_at, updated_at) VALUES (423, 8, 38, 23, 'expense', 2292.59, 'Izzi', 'Nota de prueba', '2026-02-20 17:07:40', NOW(), NOW());
INSERT INTO transactions (id, user_id, account_id, category_id, type, amount, description, notes, date, created_at, updated_at) VALUES (424, 8, 38, 6, 'expense', 140.00, 'Liverpool', 'Nota de prueba', '2025-12-02 15:46:00', NOW(), NOW());
INSERT INTO transactions (id, user_id, account_id, category_id, type, amount, description, notes, date, created_at, updated_at) VALUES (425, 8, 37, 2, 'income', 1437.12, 'Dividendos GBM', 'Nota de prueba', '2025-09-30 14:58:29', NOW(), NOW());
INSERT INTO transactions (id, user_id, account_id, category_id, type, amount, description, notes, date, created_at, updated_at) VALUES (426, 8, 38, 2, 'income', 2088.04, 'Dividendos GBM', 'Nota de prueba', '2025-11-23 09:32:46', NOW(), NOW());
INSERT INTO transactions (id, user_id, account_id, category_id, type, amount, description, notes, date, created_at, updated_at) VALUES (427, 8, 33, 11, 'expense', 1109.52, 'Mercado Libre', 'Nota de prueba', '2025-12-10 19:19:43', NOW(), NOW());
INSERT INTO transactions (id, user_id, account_id, category_id, type, amount, description, notes, date, created_at, updated_at) VALUES (428, 8, 38, 19, 'expense', 1847.18, 'Liverpool', 'Nota de prueba', '2026-01-13 23:13:28', NOW(), NOW());
INSERT INTO transactions (id, user_id, account_id, category_id, type, amount, description, notes, date, created_at, updated_at) VALUES (429, 8, 36, 3, 'income', 4425.05, 'Fiverr', 'Nota de prueba', '2025-11-19 05:21:05', NOW(), NOW());
INSERT INTO transactions (id, user_id, account_id, category_id, type, amount, description, notes, date, created_at, updated_at) VALUES (430, 8, 38, 21, 'expense', 4186.19, 'Netflix', 'Nota de prueba', '2025-11-12 10:29:08', NOW(), NOW());
INSERT INTO transactions (id, user_id, account_id, category_id, type, amount, description, notes, date, created_at, updated_at) VALUES (431, 8, 34, 10, 'expense', 2068.37, 'Gasolinera Pemex', 'Nota de prueba', '2025-12-24 09:06:03', NOW(), NOW());
INSERT INTO transactions (id, user_id, account_id, category_id, type, amount, description, notes, date, created_at, updated_at) VALUES (432, 8, 35, 3, 'income', 1549.66, 'SAT Reembolso', 'Nota de prueba', '2026-04-02 20:47:48', NOW(), NOW());
INSERT INTO transactions (id, user_id, account_id, category_id, type, amount, description, notes, date, created_at, updated_at) VALUES (433, 8, 38, 22, 'expense', 4506.65, 'Walmart', 'Nota de prueba', '2025-11-10 21:07:14', NOW(), NOW());
INSERT INTO transactions (id, user_id, account_id, category_id, type, amount, description, notes, date, created_at, updated_at) VALUES (434, 8, 36, 10, 'expense', 4297.37, 'Steam', 'Nota de prueba', '2026-02-11 17:05:12', NOW(), NOW());
INSERT INTO transactions (id, user_id, account_id, category_id, type, amount, description, notes, date, created_at, updated_at) VALUES (435, 8, 35, 25, 'expense', 1622.21, 'Telcel', 'Nota de prueba', '2025-09-19 03:18:40', NOW(), NOW());
INSERT INTO transactions (id, user_id, account_id, category_id, type, amount, description, notes, date, created_at, updated_at) VALUES (436, 8, 33, 29, 'investment', 1358.38, 'Interactive Brokers', 'Nota de prueba', '2025-11-16 15:32:57', NOW(), NOW());
INSERT INTO transactions (id, user_id, account_id, category_id, type, amount, description, notes, date, created_at, updated_at) VALUES (437, 8, 36, 25, 'expense', 3680.38, 'Mercado Libre', 'Nota de prueba', '2025-10-23 14:10:10', NOW(), NOW());
INSERT INTO budgets (id, user_id, category_id, amount, month, created_at, updated_at) VALUES (36, 8, 26, 4433.01, '2026-07-01', NOW(), NOW());
INSERT INTO budgets (id, user_id, category_id, amount, month, created_at, updated_at) VALUES (37, 8, 15, 1054.23, '2026-07-01', NOW(), NOW());
INSERT INTO budgets (id, user_id, category_id, amount, month, created_at, updated_at) VALUES (38, 8, 19, 1661.78, '2026-07-01', NOW(), NOW());
INSERT INTO budgets (id, user_id, category_id, amount, month, created_at, updated_at) VALUES (39, 8, 25, 2539.16, '2026-07-01', NOW(), NOW());
INSERT INTO budgets (id, user_id, category_id, amount, month, created_at, updated_at) VALUES (40, 8, 11, 4288.33, '2026-07-01', NOW(), NOW());
INSERT INTO goals (id, user_id, name, target_amount, current_amount, status, deadline, created_at, updated_at) VALUES (31, 8, 'Laptop nueva', 59051.43, 40787.02, 'paused', '2026-11-16', NOW(), NOW());
INSERT INTO goals (id, user_id, name, target_amount, current_amount, status, deadline, created_at, updated_at) VALUES (32, 8, 'Invertir 100,000', 30336.97, 16539.06, 'active', '2026-08-16', NOW(), NOW());
INSERT INTO goals (id, user_id, name, target_amount, current_amount, status, deadline, created_at, updated_at) VALUES (33, 8, 'Fondo de emergencia', 31400.00, 28471.50, 'active', '2026-10-20', NOW(), NOW());
INSERT INTO goals (id, user_id, name, target_amount, current_amount, status, deadline, created_at, updated_at) VALUES (34, 8, 'Viaje a Japón', 26106.52, 17701.43, 'completed', '2027-05-19', NOW(), NOW());
INSERT INTO goals (id, user_id, name, target_amount, current_amount, status, deadline, created_at, updated_at) VALUES (35, 8, 'Comprar automóvil', 72883.38, 36729.66, 'completed', '2027-02-05', NOW(), NOW());
INSERT INTO goals (id, user_id, name, target_amount, current_amount, status, deadline, created_at, updated_at) VALUES (36, 8, 'Casa', 65432.40, 46618.23, 'completed', '2027-04-12', NOW(), NOW());
INSERT INTO subscriptions (id, user_id, name, amount, billing_cycle, next_billing_date, category_id, account_id, created_at, updated_at) VALUES (54, 8, 'Crunchyroll', 281.18, 'monthly', '2026-07-26', 7, 37, NOW(), NOW());
INSERT INTO subscriptions (id, user_id, name, amount, billing_cycle, next_billing_date, category_id, account_id, created_at, updated_at) VALUES (55, 8, 'Microsoft 365', 362.46, 'monthly', '2026-07-15', 14, 37, NOW(), NOW());
INSERT INTO subscriptions (id, user_id, name, amount, billing_cycle, next_billing_date, category_id, account_id, created_at, updated_at) VALUES (56, 8, 'Amazon Prime', 381.14, 'monthly', '2026-07-22', 25, 37, NOW(), NOW());
INSERT INTO subscriptions (id, user_id, name, amount, billing_cycle, next_billing_date, category_id, account_id, created_at, updated_at) VALUES (57, 8, 'Netflix', 204.72, 'monthly', '2026-07-02', 10, 37, NOW(), NOW());
INSERT INTO subscriptions (id, user_id, name, amount, billing_cycle, next_billing_date, category_id, account_id, created_at, updated_at) VALUES (58, 8, 'Google One', 330.51, 'monthly', '2026-07-28', 22, 36, NOW(), NOW());
INSERT INTO subscriptions (id, user_id, name, amount, billing_cycle, next_billing_date, category_id, account_id, created_at, updated_at) VALUES (59, 8, 'iCloud', 181.26, 'monthly', '2026-07-19', 21, 38, NOW(), NOW());
INSERT INTO subscriptions (id, user_id, name, amount, billing_cycle, next_billing_date, category_id, account_id, created_at, updated_at) VALUES (60, 8, 'Disney+', 221.67, 'monthly', '2026-07-02', 12, 37, NOW(), NOW());
INSERT INTO investments (id, user_id, account_id, symbol, quantity, average_price, currency, type, created_at, updated_at) VALUES (22, 8, 36, 'VTI', 13.99, 418.87, 'USD', 'etf', NOW(), NOW());
INSERT INTO investment_prices (id, investment_id, price, date, created_at, updated_at) VALUES (631, 22, 443.94, '2025-07-14 06:34:37', NOW(), NOW());
INSERT INTO investment_prices (id, investment_id, price, date, created_at, updated_at) VALUES (632, 22, 467.49, '2025-07-26 06:34:37', NOW(), NOW());
INSERT INTO investment_prices (id, investment_id, price, date, created_at, updated_at) VALUES (633, 22, 479.07, '2025-08-07 06:34:37', NOW(), NOW());
INSERT INTO investment_prices (id, investment_id, price, date, created_at, updated_at) VALUES (634, 22, 470.58, '2025-08-19 06:34:37', NOW(), NOW());
INSERT INTO investment_prices (id, investment_id, price, date, created_at, updated_at) VALUES (635, 22, 464.25, '2025-08-31 06:34:37', NOW(), NOW());
INSERT INTO investment_prices (id, investment_id, price, date, created_at, updated_at) VALUES (636, 22, 488.73, '2025-09-12 06:34:37', NOW(), NOW());
INSERT INTO investment_prices (id, investment_id, price, date, created_at, updated_at) VALUES (637, 22, 481.02, '2025-09-24 06:34:37', NOW(), NOW());
INSERT INTO investment_prices (id, investment_id, price, date, created_at, updated_at) VALUES (638, 22, 502.54, '2025-10-06 06:34:37', NOW(), NOW());
INSERT INTO investment_prices (id, investment_id, price, date, created_at, updated_at) VALUES (639, 22, 493.38, '2025-10-18 06:34:37', NOW(), NOW());
INSERT INTO investment_prices (id, investment_id, price, date, created_at, updated_at) VALUES (640, 22, 513.96, '2025-10-30 06:34:37', NOW(), NOW());
INSERT INTO investment_prices (id, investment_id, price, date, created_at, updated_at) VALUES (641, 22, 516.76, '2025-11-11 06:34:37', NOW(), NOW());
INSERT INTO investment_prices (id, investment_id, price, date, created_at, updated_at) VALUES (642, 22, 511.86, '2025-11-23 06:34:37', NOW(), NOW());
INSERT INTO investment_prices (id, investment_id, price, date, created_at, updated_at) VALUES (643, 22, 508.47, '2025-12-05 06:34:37', NOW(), NOW());
INSERT INTO investment_prices (id, investment_id, price, date, created_at, updated_at) VALUES (644, 22, 527.74, '2025-12-17 06:34:37', NOW(), NOW());
INSERT INTO investment_prices (id, investment_id, price, date, created_at, updated_at) VALUES (645, 22, 530.11, '2025-12-29 06:34:37', NOW(), NOW());
INSERT INTO investment_prices (id, investment_id, price, date, created_at, updated_at) VALUES (646, 22, 555.26, '2026-01-10 06:34:37', NOW(), NOW());
INSERT INTO investment_prices (id, investment_id, price, date, created_at, updated_at) VALUES (647, 22, 536.14, '2026-01-22 06:34:37', NOW(), NOW());
INSERT INTO investment_prices (id, investment_id, price, date, created_at, updated_at) VALUES (648, 22, 538.23, '2026-02-03 06:34:37', NOW(), NOW());
INSERT INTO investment_prices (id, investment_id, price, date, created_at, updated_at) VALUES (649, 22, 561.59, '2026-02-15 06:34:37', NOW(), NOW());
INSERT INTO investment_prices (id, investment_id, price, date, created_at, updated_at) VALUES (650, 22, 567.97, '2026-02-27 06:34:37', NOW(), NOW());
INSERT INTO investment_prices (id, investment_id, price, date, created_at, updated_at) VALUES (651, 22, 574.03, '2026-03-11 06:34:37', NOW(), NOW());
INSERT INTO investment_prices (id, investment_id, price, date, created_at, updated_at) VALUES (652, 22, 552.37, '2026-03-23 06:34:37', NOW(), NOW());
INSERT INTO investment_prices (id, investment_id, price, date, created_at, updated_at) VALUES (653, 22, 546.66, '2026-04-04 06:34:37', NOW(), NOW());
INSERT INTO investment_prices (id, investment_id, price, date, created_at, updated_at) VALUES (654, 22, 579.21, '2026-04-16 06:34:37', NOW(), NOW());
INSERT INTO investment_prices (id, investment_id, price, date, created_at, updated_at) VALUES (655, 22, 602.94, '2026-04-28 06:34:37', NOW(), NOW());
INSERT INTO investment_prices (id, investment_id, price, date, created_at, updated_at) VALUES (656, 22, 625.13, '2026-05-10 06:34:37', NOW(), NOW());
INSERT INTO investment_prices (id, investment_id, price, date, created_at, updated_at) VALUES (657, 22, 621.04, '2026-05-22 06:34:37', NOW(), NOW());
INSERT INTO investment_prices (id, investment_id, price, date, created_at, updated_at) VALUES (658, 22, 644.10, '2026-06-03 06:34:37', NOW(), NOW());
INSERT INTO investment_prices (id, investment_id, price, date, created_at, updated_at) VALUES (659, 22, 667.30, '2026-06-15 06:34:37', NOW(), NOW());
INSERT INTO investment_prices (id, investment_id, price, date, created_at, updated_at) VALUES (660, 22, 657.05, '2026-06-27 06:34:37', NOW(), NOW());
INSERT INTO investments (id, user_id, account_id, symbol, quantity, average_price, currency, type, created_at, updated_at) VALUES (23, 8, 34, 'TSLA', 45.69, 133.14, 'USD', 'stock', NOW(), NOW());
INSERT INTO investment_prices (id, investment_id, price, date, created_at, updated_at) VALUES (661, 23, 129.56, '2025-07-14 06:34:37', NOW(), NOW());
INSERT INTO investment_prices (id, investment_id, price, date, created_at, updated_at) VALUES (662, 23, 134.28, '2025-07-26 06:34:37', NOW(), NOW());
INSERT INTO investment_prices (id, investment_id, price, date, created_at, updated_at) VALUES (663, 23, 135.23, '2025-08-07 06:34:37', NOW(), NOW());
INSERT INTO investment_prices (id, investment_id, price, date, created_at, updated_at) VALUES (664, 23, 139.19, '2025-08-19 06:34:37', NOW(), NOW());
INSERT INTO investment_prices (id, investment_id, price, date, created_at, updated_at) VALUES (665, 23, 144.31, '2025-08-31 06:34:37', NOW(), NOW());
INSERT INTO investment_prices (id, investment_id, price, date, created_at, updated_at) VALUES (666, 23, 144.48, '2025-09-12 06:34:37', NOW(), NOW());
INSERT INTO investment_prices (id, investment_id, price, date, created_at, updated_at) VALUES (667, 23, 146.20, '2025-09-24 06:34:37', NOW(), NOW());
INSERT INTO investment_prices (id, investment_id, price, date, created_at, updated_at) VALUES (668, 23, 153.93, '2025-10-06 06:34:37', NOW(), NOW());
INSERT INTO investment_prices (id, investment_id, price, date, created_at, updated_at) VALUES (669, 23, 153.42, '2025-10-18 06:34:37', NOW(), NOW());
INSERT INTO investment_prices (id, investment_id, price, date, created_at, updated_at) VALUES (670, 23, 150.02, '2025-10-30 06:34:37', NOW(), NOW());
INSERT INTO investment_prices (id, investment_id, price, date, created_at, updated_at) VALUES (671, 23, 147.66, '2025-11-11 06:34:37', NOW(), NOW());
INSERT INTO investment_prices (id, investment_id, price, date, created_at, updated_at) VALUES (672, 23, 150.11, '2025-11-23 06:34:37', NOW(), NOW());
INSERT INTO investment_prices (id, investment_id, price, date, created_at, updated_at) VALUES (673, 23, 145.68, '2025-12-05 06:34:37', NOW(), NOW());
INSERT INTO investment_prices (id, investment_id, price, date, created_at, updated_at) VALUES (674, 23, 139.88, '2025-12-17 06:34:37', NOW(), NOW());
INSERT INTO investment_prices (id, investment_id, price, date, created_at, updated_at) VALUES (675, 23, 135.54, '2025-12-29 06:34:37', NOW(), NOW());
INSERT INTO investment_prices (id, investment_id, price, date, created_at, updated_at) VALUES (676, 23, 142.16, '2026-01-10 06:34:37', NOW(), NOW());
INSERT INTO investment_prices (id, investment_id, price, date, created_at, updated_at) VALUES (677, 23, 144.67, '2026-01-22 06:34:37', NOW(), NOW());
INSERT INTO investment_prices (id, investment_id, price, date, created_at, updated_at) VALUES (678, 23, 151.05, '2026-02-03 06:34:37', NOW(), NOW());
INSERT INTO investment_prices (id, investment_id, price, date, created_at, updated_at) VALUES (679, 23, 149.74, '2026-02-15 06:34:37', NOW(), NOW());
INSERT INTO investment_prices (id, investment_id, price, date, created_at, updated_at) VALUES (680, 23, 143.86, '2026-02-27 06:34:37', NOW(), NOW());
INSERT INTO investment_prices (id, investment_id, price, date, created_at, updated_at) VALUES (681, 23, 144.42, '2026-03-11 06:34:37', NOW(), NOW());
INSERT INTO investment_prices (id, investment_id, price, date, created_at, updated_at) VALUES (682, 23, 143.93, '2026-03-23 06:34:37', NOW(), NOW());
INSERT INTO investment_prices (id, investment_id, price, date, created_at, updated_at) VALUES (683, 23, 140.49, '2026-04-04 06:34:37', NOW(), NOW());
INSERT INTO investment_prices (id, investment_id, price, date, created_at, updated_at) VALUES (684, 23, 143.08, '2026-04-16 06:34:37', NOW(), NOW());
INSERT INTO investment_prices (id, investment_id, price, date, created_at, updated_at) VALUES (685, 23, 142.40, '2026-04-28 06:34:37', NOW(), NOW());
INSERT INTO investment_prices (id, investment_id, price, date, created_at, updated_at) VALUES (686, 23, 147.77, '2026-05-10 06:34:37', NOW(), NOW());
INSERT INTO investment_prices (id, investment_id, price, date, created_at, updated_at) VALUES (687, 23, 156.37, '2026-05-22 06:34:37', NOW(), NOW());
INSERT INTO investment_prices (id, investment_id, price, date, created_at, updated_at) VALUES (688, 23, 163.86, '2026-06-03 06:34:37', NOW(), NOW());
INSERT INTO investment_prices (id, investment_id, price, date, created_at, updated_at) VALUES (689, 23, 172.67, '2026-06-15 06:34:37', NOW(), NOW());
INSERT INTO investment_prices (id, investment_id, price, date, created_at, updated_at) VALUES (690, 23, 179.35, '2026-06-27 06:34:37', NOW(), NOW());
INSERT INTO investments (id, user_id, account_id, symbol, quantity, average_price, currency, type, created_at, updated_at) VALUES (24, 8, 38, 'SOL', 11.37, 305.77, 'USD', 'crypto', NOW(), NOW());
INSERT INTO investment_prices (id, investment_id, price, date, created_at, updated_at) VALUES (691, 24, 310.13, '2025-07-14 06:34:37', NOW(), NOW());
INSERT INTO investment_prices (id, investment_id, price, date, created_at, updated_at) VALUES (692, 24, 321.20, '2025-07-26 06:34:37', NOW(), NOW());
INSERT INTO investment_prices (id, investment_id, price, date, created_at, updated_at) VALUES (693, 24, 325.64, '2025-08-07 06:34:37', NOW(), NOW());
INSERT INTO investment_prices (id, investment_id, price, date, created_at, updated_at) VALUES (694, 24, 321.35, '2025-08-19 06:34:37', NOW(), NOW());
INSERT INTO investment_prices (id, investment_id, price, date, created_at, updated_at) VALUES (695, 24, 313.98, '2025-08-31 06:34:37', NOW(), NOW());
INSERT INTO investment_prices (id, investment_id, price, date, created_at, updated_at) VALUES (696, 24, 331.48, '2025-09-12 06:34:37', NOW(), NOW());
INSERT INTO investment_prices (id, investment_id, price, date, created_at, updated_at) VALUES (697, 24, 349.39, '2025-09-24 06:34:37', NOW(), NOW());
INSERT INTO investment_prices (id, investment_id, price, date, created_at, updated_at) VALUES (698, 24, 349.05, '2025-10-06 06:34:37', NOW(), NOW());
INSERT INTO investment_prices (id, investment_id, price, date, created_at, updated_at) VALUES (699, 24, 341.89, '2025-10-18 06:34:37', NOW(), NOW());
INSERT INTO investment_prices (id, investment_id, price, date, created_at, updated_at) VALUES (700, 24, 347.40, '2025-10-30 06:34:37', NOW(), NOW());
INSERT INTO investment_prices (id, investment_id, price, date, created_at, updated_at) VALUES (701, 24, 365.24, '2025-11-11 06:34:37', NOW(), NOW());
INSERT INTO investment_prices (id, investment_id, price, date, created_at, updated_at) VALUES (702, 24, 374.13, '2025-11-23 06:34:37', NOW(), NOW());
INSERT INTO investment_prices (id, investment_id, price, date, created_at, updated_at) VALUES (703, 24, 368.26, '2025-12-05 06:34:37', NOW(), NOW());
INSERT INTO investment_prices (id, investment_id, price, date, created_at, updated_at) VALUES (704, 24, 365.08, '2025-12-17 06:34:37', NOW(), NOW());
INSERT INTO investment_prices (id, investment_id, price, date, created_at, updated_at) VALUES (705, 24, 370.41, '2025-12-29 06:34:37', NOW(), NOW());
INSERT INTO investment_prices (id, investment_id, price, date, created_at, updated_at) VALUES (706, 24, 373.65, '2026-01-10 06:34:37', NOW(), NOW());
INSERT INTO investment_prices (id, investment_id, price, date, created_at, updated_at) VALUES (707, 24, 369.34, '2026-01-22 06:34:37', NOW(), NOW());
INSERT INTO investment_prices (id, investment_id, price, date, created_at, updated_at) VALUES (708, 24, 372.26, '2026-02-03 06:34:37', NOW(), NOW());
INSERT INTO investment_prices (id, investment_id, price, date, created_at, updated_at) VALUES (709, 24, 384.53, '2026-02-15 06:34:37', NOW(), NOW());
INSERT INTO investment_prices (id, investment_id, price, date, created_at, updated_at) VALUES (710, 24, 379.10, '2026-02-27 06:34:37', NOW(), NOW());
INSERT INTO investment_prices (id, investment_id, price, date, created_at, updated_at) VALUES (711, 24, 372.33, '2026-03-11 06:34:37', NOW(), NOW());
INSERT INTO investment_prices (id, investment_id, price, date, created_at, updated_at) VALUES (712, 24, 380.55, '2026-03-23 06:34:37', NOW(), NOW());
INSERT INTO investment_prices (id, investment_id, price, date, created_at, updated_at) VALUES (713, 24, 385.96, '2026-04-04 06:34:37', NOW(), NOW());
INSERT INTO investment_prices (id, investment_id, price, date, created_at, updated_at) VALUES (714, 24, 382.91, '2026-04-16 06:34:37', NOW(), NOW());
INSERT INTO investment_prices (id, investment_id, price, date, created_at, updated_at) VALUES (715, 24, 399.68, '2026-04-28 06:34:37', NOW(), NOW());
INSERT INTO investment_prices (id, investment_id, price, date, created_at, updated_at) VALUES (716, 24, 400.74, '2026-05-10 06:34:37', NOW(), NOW());
INSERT INTO investment_prices (id, investment_id, price, date, created_at, updated_at) VALUES (717, 24, 414.34, '2026-05-22 06:34:37', NOW(), NOW());
INSERT INTO investment_prices (id, investment_id, price, date, created_at, updated_at) VALUES (718, 24, 432.27, '2026-06-03 06:34:37', NOW(), NOW());
INSERT INTO investment_prices (id, investment_id, price, date, created_at, updated_at) VALUES (719, 24, 423.16, '2026-06-15 06:34:37', NOW(), NOW());
INSERT INTO investment_prices (id, investment_id, price, date, created_at, updated_at) VALUES (720, 24, 441.23, '2026-06-27 06:34:37', NOW(), NOW());
INSERT INTO reminders (id, user_id, title, description, due_date, status, created_at, updated_at) VALUES (48, 8, 'Pagar tarjeta', 'Recordatorio generado automáticamente', '2026-08-18 13:31:42', 'completed', NOW(), NOW());
INSERT INTO reminders (id, user_id, title, description, due_date, status, created_at, updated_at) VALUES (49, 8, 'Invertir este mes', 'Recordatorio generado automáticamente', '2026-08-06 23:37:09', 'pending', NOW(), NOW());
INSERT INTO reminders (id, user_id, title, description, due_date, status, created_at, updated_at) VALUES (50, 8, 'Comprar gasolina', 'Recordatorio generado automáticamente', '2026-08-01 14:29:56', 'pending', NOW(), NOW());
INSERT INTO reminders (id, user_id, title, description, due_date, status, created_at, updated_at) VALUES (51, 8, 'Invertir este mes', 'Recordatorio generado automáticamente', '2026-07-22 11:07:02', 'completed', NOW(), NOW());
INSERT INTO reminders (id, user_id, title, description, due_date, status, created_at, updated_at) VALUES (52, 8, 'Renovar seguro', 'Recordatorio generado automáticamente', '2026-07-28 15:21:06', 'pending', NOW(), NOW());
INSERT INTO receipts (id, user_id, transaction_id, merchant, total_amount, date, image_url, created_at, updated_at) VALUES (164, 8, 415, 'GBM', 2176.74, '2026-03-29 19:51:57', 'https://example.com/receipt_415.jpg', NOW(), NOW());
INSERT INTO receipts (id, user_id, transaction_id, merchant, total_amount, date, image_url, created_at, updated_at) VALUES (165, 8, 437, 'Mercado Libre', 3680.38, '2025-10-23 14:10:10', 'https://example.com/receipt_437.jpg', NOW(), NOW());
INSERT INTO receipts (id, user_id, transaction_id, merchant, total_amount, date, image_url, created_at, updated_at) VALUES (166, 8, 402, 'Izzi', 3695.76, '2025-12-13 03:20:00', 'https://example.com/receipt_402.jpg', NOW(), NOW());
INSERT INTO receipts (id, user_id, transaction_id, merchant, total_amount, date, image_url, created_at, updated_at) VALUES (167, 8, 397, 'Empresa S.A. de C.V.', 1774.54, '2025-08-09 04:47:56', 'https://example.com/receipt_397.jpg', NOW(), NOW());
INSERT INTO receipts (id, user_id, transaction_id, merchant, total_amount, date, image_url, created_at, updated_at) VALUES (168, 8, 397, 'Empresa S.A. de C.V.', 1774.54, '2025-08-09 04:47:56', 'https://example.com/receipt_397.jpg', NOW(), NOW());
INSERT INTO receipts (id, user_id, transaction_id, merchant, total_amount, date, image_url, created_at, updated_at) VALUES (169, 8, 401, 'Starbucks', 1513.82, '2025-10-22 11:09:00', 'https://example.com/receipt_401.jpg', NOW(), NOW());
INSERT INTO receipts (id, user_id, transaction_id, merchant, total_amount, date, image_url, created_at, updated_at) VALUES (170, 8, 402, 'Izzi', 3695.76, '2025-12-13 03:20:00', 'https://example.com/receipt_402.jpg', NOW(), NOW());
INSERT INTO receipts (id, user_id, transaction_id, merchant, total_amount, date, image_url, created_at, updated_at) VALUES (171, 8, 413, 'Apple', 1102.07, '2025-11-28 07:42:02', 'https://example.com/receipt_413.jpg', NOW(), NOW());
INSERT INTO receipts (id, user_id, transaction_id, merchant, total_amount, date, image_url, created_at, updated_at) VALUES (172, 8, 411, 'Cinépolis', 1081.69, '2026-02-17 03:49:18', 'https://example.com/receipt_411.jpg', NOW(), NOW());
INSERT INTO receipts (id, user_id, transaction_id, merchant, total_amount, date, image_url, created_at, updated_at) VALUES (173, 8, 400, 'Gasolinera Pemex', 1629.77, '2025-12-13 19:53:37', 'https://example.com/receipt_400.jpg', NOW(), NOW());
INSERT INTO receipts (id, user_id, transaction_id, merchant, total_amount, date, image_url, created_at, updated_at) VALUES (174, 8, 429, 'Fiverr', 4425.05, '2025-11-19 05:21:05', 'https://example.com/receipt_429.jpg', NOW(), NOW());
INSERT INTO receipts (id, user_id, transaction_id, merchant, total_amount, date, image_url, created_at, updated_at) VALUES (175, 8, 435, 'Telcel', 1622.21, '2025-09-19 03:18:40', 'https://example.com/receipt_435.jpg', NOW(), NOW());
INSERT INTO receipts (id, user_id, transaction_id, merchant, total_amount, date, image_url, created_at, updated_at) VALUES (176, 8, 429, 'Fiverr', 4425.05, '2025-11-19 05:21:05', 'https://example.com/receipt_429.jpg', NOW(), NOW());
INSERT INTO receipts (id, user_id, transaction_id, merchant, total_amount, date, image_url, created_at, updated_at) VALUES (177, 8, 432, 'SAT Reembolso', 1549.66, '2026-04-02 20:47:48', 'https://example.com/receipt_432.jpg', NOW(), NOW());
INSERT INTO receipts (id, user_id, transaction_id, merchant, total_amount, date, image_url, created_at, updated_at) VALUES (178, 8, 418, 'Spotify', 4537.82, '2026-02-04 20:11:31', 'https://example.com/receipt_418.jpg', NOW(), NOW());
INSERT INTO receipts (id, user_id, transaction_id, merchant, total_amount, date, image_url, created_at, updated_at) VALUES (179, 8, 406, 'Steam', 2164.81, '2026-05-20 18:43:39', 'https://example.com/receipt_406.jpg', NOW(), NOW());
INSERT INTO receipts (id, user_id, transaction_id, merchant, total_amount, date, image_url, created_at, updated_at) VALUES (180, 8, 399, 'Apple', 4020.75, '2025-11-08 00:49:14', 'https://example.com/receipt_399.jpg', NOW(), NOW());
INSERT INTO receipts (id, user_id, transaction_id, merchant, total_amount, date, image_url, created_at, updated_at) VALUES (181, 8, 432, 'SAT Reembolso', 1549.66, '2026-04-02 20:47:48', 'https://example.com/receipt_432.jpg', NOW(), NOW());
INSERT INTO receipts (id, user_id, transaction_id, merchant, total_amount, date, image_url, created_at, updated_at) VALUES (182, 8, 397, 'Empresa S.A. de C.V.', 1774.54, '2025-08-09 04:47:56', 'https://example.com/receipt_397.jpg', NOW(), NOW());
INSERT INTO receipts (id, user_id, transaction_id, merchant, total_amount, date, image_url, created_at, updated_at) VALUES (183, 8, 425, 'Dividendos GBM', 1437.12, '2025-09-30 14:58:29', 'https://example.com/receipt_425.jpg', NOW(), NOW());
INSERT INTO receipts (id, user_id, transaction_id, merchant, total_amount, date, image_url, created_at, updated_at) VALUES (184, 8, 435, 'Telcel', 1622.21, '2025-09-19 03:18:40', 'https://example.com/receipt_435.jpg', NOW(), NOW());
INSERT INTO financial_snapshots (id, user_id, date, net_worth, total_assets, total_liabilities, created_at, updated_at) VALUES (365, 8, '2025-07-02', 33446.06, 40135.27, 6689.21, NOW(), NOW());
INSERT INTO financial_snapshots (id, user_id, date, net_worth, total_assets, total_liabilities, created_at, updated_at) VALUES (366, 8, '2025-07-09', 34774.73, 41729.68, 6954.95, NOW(), NOW());
INSERT INTO financial_snapshots (id, user_id, date, net_worth, total_assets, total_liabilities, created_at, updated_at) VALUES (367, 8, '2025-07-16', 35609.37, 42731.24, 7121.87, NOW(), NOW());
INSERT INTO financial_snapshots (id, user_id, date, net_worth, total_assets, total_liabilities, created_at, updated_at) VALUES (368, 8, '2025-07-23', 36304.89, 43565.87, 7260.98, NOW(), NOW());
INSERT INTO financial_snapshots (id, user_id, date, net_worth, total_assets, total_liabilities, created_at, updated_at) VALUES (369, 8, '2025-07-30', 37515.50, 45018.60, 7503.10, NOW(), NOW());
INSERT INTO financial_snapshots (id, user_id, date, net_worth, total_assets, total_liabilities, created_at, updated_at) VALUES (370, 8, '2025-08-06', 37724.25, 45269.10, 7544.85, NOW(), NOW());
INSERT INTO financial_snapshots (id, user_id, date, net_worth, total_assets, total_liabilities, created_at, updated_at) VALUES (371, 8, '2025-08-13', 39029.76, 46835.71, 7805.95, NOW(), NOW());
INSERT INTO financial_snapshots (id, user_id, date, net_worth, total_assets, total_liabilities, created_at, updated_at) VALUES (372, 8, '2025-08-20', 39343.55, 47212.26, 7868.71, NOW(), NOW());
INSERT INTO financial_snapshots (id, user_id, date, net_worth, total_assets, total_liabilities, created_at, updated_at) VALUES (373, 8, '2025-08-27', 38907.50, 46689.00, 7781.50, NOW(), NOW());
INSERT INTO financial_snapshots (id, user_id, date, net_worth, total_assets, total_liabilities, created_at, updated_at) VALUES (374, 8, '2025-09-03', 39323.42, 47188.10, 7864.68, NOW(), NOW());
INSERT INTO financial_snapshots (id, user_id, date, net_worth, total_assets, total_liabilities, created_at, updated_at) VALUES (375, 8, '2025-09-10', 39580.52, 47496.62, 7916.10, NOW(), NOW());
INSERT INTO financial_snapshots (id, user_id, date, net_worth, total_assets, total_liabilities, created_at, updated_at) VALUES (376, 8, '2025-09-17', 40967.70, 49161.24, 8193.54, NOW(), NOW());
INSERT INTO financial_snapshots (id, user_id, date, net_worth, total_assets, total_liabilities, created_at, updated_at) VALUES (377, 8, '2025-09-24', 41698.16, 50037.79, 8339.63, NOW(), NOW());
INSERT INTO financial_snapshots (id, user_id, date, net_worth, total_assets, total_liabilities, created_at, updated_at) VALUES (378, 8, '2025-10-01', 42664.77, 51197.72, 8532.95, NOW(), NOW());
INSERT INTO financial_snapshots (id, user_id, date, net_worth, total_assets, total_liabilities, created_at, updated_at) VALUES (379, 8, '2025-10-08', 43015.45, 51618.54, 8603.09, NOW(), NOW());
INSERT INTO financial_snapshots (id, user_id, date, net_worth, total_assets, total_liabilities, created_at, updated_at) VALUES (380, 8, '2025-10-15', 44116.15, 52939.38, 8823.23, NOW(), NOW());
INSERT INTO financial_snapshots (id, user_id, date, net_worth, total_assets, total_liabilities, created_at, updated_at) VALUES (381, 8, '2025-10-22', 44708.86, 53650.63, 8941.77, NOW(), NOW());
INSERT INTO financial_snapshots (id, user_id, date, net_worth, total_assets, total_liabilities, created_at, updated_at) VALUES (382, 8, '2025-10-29', 44797.00, 53756.40, 8959.40, NOW(), NOW());
INSERT INTO financial_snapshots (id, user_id, date, net_worth, total_assets, total_liabilities, created_at, updated_at) VALUES (383, 8, '2025-11-05', 45768.34, 54922.01, 9153.67, NOW(), NOW());
INSERT INTO financial_snapshots (id, user_id, date, net_worth, total_assets, total_liabilities, created_at, updated_at) VALUES (384, 8, '2025-11-12', 45356.17, 54427.40, 9071.23, NOW(), NOW());
INSERT INTO financial_snapshots (id, user_id, date, net_worth, total_assets, total_liabilities, created_at, updated_at) VALUES (385, 8, '2025-11-19', 45454.07, 54544.88, 9090.81, NOW(), NOW());
INSERT INTO financial_snapshots (id, user_id, date, net_worth, total_assets, total_liabilities, created_at, updated_at) VALUES (386, 8, '2025-11-26', 46837.04, 56204.45, 9367.41, NOW(), NOW());
INSERT INTO financial_snapshots (id, user_id, date, net_worth, total_assets, total_liabilities, created_at, updated_at) VALUES (387, 8, '2025-12-03', 46800.61, 56160.73, 9360.12, NOW(), NOW());
INSERT INTO financial_snapshots (id, user_id, date, net_worth, total_assets, total_liabilities, created_at, updated_at) VALUES (388, 8, '2025-12-10', 47421.24, 56905.49, 9484.25, NOW(), NOW());
INSERT INTO financial_snapshots (id, user_id, date, net_worth, total_assets, total_liabilities, created_at, updated_at) VALUES (389, 8, '2025-12-17', 48379.96, 58055.95, 9675.99, NOW(), NOW());
INSERT INTO financial_snapshots (id, user_id, date, net_worth, total_assets, total_liabilities, created_at, updated_at) VALUES (390, 8, '2025-12-24', 48442.56, 58131.07, 9688.51, NOW(), NOW());
INSERT INTO financial_snapshots (id, user_id, date, net_worth, total_assets, total_liabilities, created_at, updated_at) VALUES (391, 8, '2025-12-31', 48633.36, 58360.03, 9726.67, NOW(), NOW());
INSERT INTO financial_snapshots (id, user_id, date, net_worth, total_assets, total_liabilities, created_at, updated_at) VALUES (392, 8, '2026-01-07', 49358.49, 59230.19, 9871.70, NOW(), NOW());
INSERT INTO financial_snapshots (id, user_id, date, net_worth, total_assets, total_liabilities, created_at, updated_at) VALUES (393, 8, '2026-01-14', 48948.61, 58738.33, 9789.72, NOW(), NOW());
INSERT INTO financial_snapshots (id, user_id, date, net_worth, total_assets, total_liabilities, created_at, updated_at) VALUES (394, 8, '2026-01-21', 48473.38, 58168.06, 9694.68, NOW(), NOW());
INSERT INTO financial_snapshots (id, user_id, date, net_worth, total_assets, total_liabilities, created_at, updated_at) VALUES (395, 8, '2026-01-28', 49711.54, 59653.85, 9942.31, NOW(), NOW());
INSERT INTO financial_snapshots (id, user_id, date, net_worth, total_assets, total_liabilities, created_at, updated_at) VALUES (396, 8, '2026-02-04', 49526.98, 59432.38, 9905.40, NOW(), NOW());
INSERT INTO financial_snapshots (id, user_id, date, net_worth, total_assets, total_liabilities, created_at, updated_at) VALUES (397, 8, '2026-02-11', 50641.22, 60769.46, 10128.24, NOW(), NOW());
INSERT INTO financial_snapshots (id, user_id, date, net_worth, total_assets, total_liabilities, created_at, updated_at) VALUES (398, 8, '2026-02-18', 50951.29, 61141.55, 10190.26, NOW(), NOW());
INSERT INTO financial_snapshots (id, user_id, date, net_worth, total_assets, total_liabilities, created_at, updated_at) VALUES (399, 8, '2026-02-25', 51069.30, 61283.16, 10213.86, NOW(), NOW());
INSERT INTO financial_snapshots (id, user_id, date, net_worth, total_assets, total_liabilities, created_at, updated_at) VALUES (400, 8, '2026-03-04', 51470.85, 61765.02, 10294.17, NOW(), NOW());
INSERT INTO financial_snapshots (id, user_id, date, net_worth, total_assets, total_liabilities, created_at, updated_at) VALUES (401, 8, '2026-03-11', 52537.50, 63045.00, 10507.50, NOW(), NOW());
INSERT INTO financial_snapshots (id, user_id, date, net_worth, total_assets, total_liabilities, created_at, updated_at) VALUES (402, 8, '2026-03-18', 53557.64, 64269.17, 10711.53, NOW(), NOW());
INSERT INTO financial_snapshots (id, user_id, date, net_worth, total_assets, total_liabilities, created_at, updated_at) VALUES (403, 8, '2026-03-25', 53713.14, 64455.77, 10742.63, NOW(), NOW());
INSERT INTO financial_snapshots (id, user_id, date, net_worth, total_assets, total_liabilities, created_at, updated_at) VALUES (404, 8, '2026-04-01', 54714.18, 65657.02, 10942.84, NOW(), NOW());
INSERT INTO financial_snapshots (id, user_id, date, net_worth, total_assets, total_liabilities, created_at, updated_at) VALUES (405, 8, '2026-04-08', 56084.85, 67301.82, 11216.97, NOW(), NOW());
INSERT INTO financial_snapshots (id, user_id, date, net_worth, total_assets, total_liabilities, created_at, updated_at) VALUES (406, 8, '2026-04-15', 57060.02, 68472.02, 11412.00, NOW(), NOW());
INSERT INTO financial_snapshots (id, user_id, date, net_worth, total_assets, total_liabilities, created_at, updated_at) VALUES (407, 8, '2026-04-22', 57966.78, 69560.14, 11593.36, NOW(), NOW());
INSERT INTO financial_snapshots (id, user_id, date, net_worth, total_assets, total_liabilities, created_at, updated_at) VALUES (408, 8, '2026-04-29', 57519.28, 69023.14, 11503.86, NOW(), NOW());
INSERT INTO financial_snapshots (id, user_id, date, net_worth, total_assets, total_liabilities, created_at, updated_at) VALUES (409, 8, '2026-05-06', 57647.73, 69177.28, 11529.55, NOW(), NOW());
INSERT INTO financial_snapshots (id, user_id, date, net_worth, total_assets, total_liabilities, created_at, updated_at) VALUES (410, 8, '2026-05-13', 57948.26, 69537.91, 11589.65, NOW(), NOW());
INSERT INTO financial_snapshots (id, user_id, date, net_worth, total_assets, total_liabilities, created_at, updated_at) VALUES (411, 8, '2026-05-20', 58847.56, 70617.07, 11769.51, NOW(), NOW());
INSERT INTO financial_snapshots (id, user_id, date, net_worth, total_assets, total_liabilities, created_at, updated_at) VALUES (412, 8, '2026-05-27', 60176.01, 72211.21, 12035.20, NOW(), NOW());
INSERT INTO financial_snapshots (id, user_id, date, net_worth, total_assets, total_liabilities, created_at, updated_at) VALUES (413, 8, '2026-06-03', 59944.22, 71933.06, 11988.84, NOW(), NOW());
INSERT INTO financial_snapshots (id, user_id, date, net_worth, total_assets, total_liabilities, created_at, updated_at) VALUES (414, 8, '2026-06-10', 61362.88, 73635.46, 12272.58, NOW(), NOW());
INSERT INTO financial_snapshots (id, user_id, date, net_worth, total_assets, total_liabilities, created_at, updated_at) VALUES (415, 8, '2026-06-17', 61904.95, 74285.94, 12380.99, NOW(), NOW());
INSERT INTO financial_snapshots (id, user_id, date, net_worth, total_assets, total_liabilities, created_at, updated_at) VALUES (416, 8, '2026-06-24', 61630.98, 73957.18, 12326.20, NOW(), NOW());
INSERT INTO conversations (id, user_id, title, created_at, updated_at) VALUES (30, 8, 'Analiza mi portafolio', NOW(), NOW());
INSERT INTO messages (id, conversation_id, sender, content, created_at, updated_at) VALUES (422, 30, 'user', 'Pregunta sobre Analiza mi portafolio', '2026-06-27 06:37:37', NOW());
INSERT INTO messages (id, conversation_id, sender, content, created_at, updated_at) VALUES (423, 30, 'assistant', 'Respuesta del asistente a Analiza mi portafolio con análisis detallado.', '2026-06-27 06:47:37', NOW());
INSERT INTO messages (id, conversation_id, sender, content, created_at, updated_at) VALUES (424, 30, 'user', 'Pregunta sobre Analiza mi portafolio', '2026-06-27 06:52:37', NOW());
INSERT INTO messages (id, conversation_id, sender, content, created_at, updated_at) VALUES (425, 30, 'assistant', 'Respuesta del asistente a Analiza mi portafolio con análisis detallado.', '2026-06-27 06:58:37', NOW());
INSERT INTO messages (id, conversation_id, sender, content, created_at, updated_at) VALUES (426, 30, 'user', 'Pregunta sobre Analiza mi portafolio', '2026-06-27 07:05:37', NOW());
INSERT INTO messages (id, conversation_id, sender, content, created_at, updated_at) VALUES (427, 30, 'assistant', 'Respuesta del asistente a Analiza mi portafolio con análisis detallado.', '2026-06-27 07:13:37', NOW());
INSERT INTO messages (id, conversation_id, sender, content, created_at, updated_at) VALUES (428, 30, 'user', 'Pregunta sobre Analiza mi portafolio', '2026-06-27 07:19:37', NOW());
INSERT INTO messages (id, conversation_id, sender, content, created_at, updated_at) VALUES (429, 30, 'assistant', 'Respuesta del asistente a Analiza mi portafolio con análisis detallado.', '2026-06-27 07:28:37', NOW());
INSERT INTO messages (id, conversation_id, sender, content, created_at, updated_at) VALUES (430, 30, 'user', 'Pregunta sobre Analiza mi portafolio', '2026-06-27 07:29:37', NOW());
INSERT INTO messages (id, conversation_id, sender, content, created_at, updated_at) VALUES (431, 30, 'assistant', 'Respuesta del asistente a Analiza mi portafolio con análisis detallado.', '2026-06-27 07:34:37', NOW());
INSERT INTO messages (id, conversation_id, sender, content, created_at, updated_at) VALUES (432, 30, 'user', 'Pregunta sobre Analiza mi portafolio', '2026-06-27 07:44:37', NOW());
INSERT INTO messages (id, conversation_id, sender, content, created_at, updated_at) VALUES (433, 30, 'assistant', 'Respuesta del asistente a Analiza mi portafolio con análisis detallado.', '2026-06-27 07:46:37', NOW());
INSERT INTO messages (id, conversation_id, sender, content, created_at, updated_at) VALUES (434, 30, 'user', 'Pregunta sobre Analiza mi portafolio', '2026-06-27 07:50:37', NOW());
INSERT INTO messages (id, conversation_id, sender, content, created_at, updated_at) VALUES (435, 30, 'assistant', 'Respuesta del asistente a Analiza mi portafolio con análisis detallado.', '2026-06-27 07:56:37', NOW());
INSERT INTO messages (id, conversation_id, sender, content, created_at, updated_at) VALUES (436, 30, 'user', 'Pregunta sobre Analiza mi portafolio', '2026-06-27 08:01:37', NOW());
INSERT INTO conversations (id, user_id, title, created_at, updated_at) VALUES (31, 8, '¿En qué gasto más?', NOW(), NOW());
INSERT INTO messages (id, conversation_id, sender, content, created_at, updated_at) VALUES (437, 31, 'user', 'Pregunta sobre ¿En qué gasto más?', '2026-06-27 06:39:37', NOW());
INSERT INTO messages (id, conversation_id, sender, content, created_at, updated_at) VALUES (438, 31, 'assistant', 'Respuesta del asistente a ¿En qué gasto más? con análisis detallado.', '2026-06-27 06:44:37', NOW());
INSERT INTO messages (id, conversation_id, sender, content, created_at, updated_at) VALUES (439, 31, 'user', 'Pregunta sobre ¿En qué gasto más?', '2026-06-27 06:52:37', NOW());
INSERT INTO messages (id, conversation_id, sender, content, created_at, updated_at) VALUES (440, 31, 'assistant', 'Respuesta del asistente a ¿En qué gasto más? con análisis detallado.', '2026-06-27 07:00:37', NOW());
INSERT INTO messages (id, conversation_id, sender, content, created_at, updated_at) VALUES (441, 31, 'user', 'Pregunta sobre ¿En qué gasto más?', '2026-06-27 07:06:37', NOW());
INSERT INTO messages (id, conversation_id, sender, content, created_at, updated_at) VALUES (442, 31, 'assistant', 'Respuesta del asistente a ¿En qué gasto más? con análisis detallado.', '2026-06-27 07:10:37', NOW());
INSERT INTO messages (id, conversation_id, sender, content, created_at, updated_at) VALUES (443, 31, 'user', 'Pregunta sobre ¿En qué gasto más?', '2026-06-27 07:20:37', NOW());
INSERT INTO messages (id, conversation_id, sender, content, created_at, updated_at) VALUES (444, 31, 'assistant', 'Respuesta del asistente a ¿En qué gasto más? con análisis detallado.', '2026-06-27 07:29:37', NOW());
INSERT INTO messages (id, conversation_id, sender, content, created_at, updated_at) VALUES (445, 31, 'user', 'Pregunta sobre ¿En qué gasto más?', '2026-06-27 07:34:37', NOW());
INSERT INTO conversations (id, user_id, title, created_at, updated_at) VALUES (32, 8, '¿Cómo puedo ahorrar?', NOW(), NOW());
INSERT INTO messages (id, conversation_id, sender, content, created_at, updated_at) VALUES (446, 32, 'user', 'Pregunta sobre ¿Cómo puedo ahorrar?', '2026-06-27 06:39:37', NOW());
INSERT INTO messages (id, conversation_id, sender, content, created_at, updated_at) VALUES (447, 32, 'assistant', 'Respuesta del asistente a ¿Cómo puedo ahorrar? con análisis detallado.', '2026-06-27 06:44:37', NOW());
INSERT INTO messages (id, conversation_id, sender, content, created_at, updated_at) VALUES (448, 32, 'user', 'Pregunta sobre ¿Cómo puedo ahorrar?', '2026-06-27 06:48:37', NOW());
INSERT INTO messages (id, conversation_id, sender, content, created_at, updated_at) VALUES (449, 32, 'assistant', 'Respuesta del asistente a ¿Cómo puedo ahorrar? con análisis detallado.', '2026-06-27 06:49:37', NOW());
INSERT INTO messages (id, conversation_id, sender, content, created_at, updated_at) VALUES (450, 32, 'user', 'Pregunta sobre ¿Cómo puedo ahorrar?', '2026-06-27 06:51:37', NOW());
INSERT INTO messages (id, conversation_id, sender, content, created_at, updated_at) VALUES (451, 32, 'assistant', 'Respuesta del asistente a ¿Cómo puedo ahorrar? con análisis detallado.', '2026-06-27 07:01:37', NOW());
INSERT INTO messages (id, conversation_id, sender, content, created_at, updated_at) VALUES (452, 32, 'user', 'Pregunta sobre ¿Cómo puedo ahorrar?', '2026-06-27 07:02:37', NOW());
INSERT INTO messages (id, conversation_id, sender, content, created_at, updated_at) VALUES (453, 32, 'assistant', 'Respuesta del asistente a ¿Cómo puedo ahorrar? con análisis detallado.', '2026-06-27 07:07:37', NOW());
INSERT INTO messages (id, conversation_id, sender, content, created_at, updated_at) VALUES (454, 32, 'user', 'Pregunta sobre ¿Cómo puedo ahorrar?', '2026-06-27 07:15:37', NOW());
INSERT INTO messages (id, conversation_id, sender, content, created_at, updated_at) VALUES (455, 32, 'assistant', 'Respuesta del asistente a ¿Cómo puedo ahorrar? con análisis detallado.', '2026-06-27 07:20:37', NOW());
INSERT INTO messages (id, conversation_id, sender, content, created_at, updated_at) VALUES (456, 32, 'user', 'Pregunta sobre ¿Cómo puedo ahorrar?', '2026-06-27 07:28:37', NOW());
INSERT INTO messages (id, conversation_id, sender, content, created_at, updated_at) VALUES (457, 32, 'assistant', 'Respuesta del asistente a ¿Cómo puedo ahorrar? con análisis detallado.', '2026-06-27 07:30:37', NOW());
INSERT INTO messages (id, conversation_id, sender, content, created_at, updated_at) VALUES (458, 32, 'user', 'Pregunta sobre ¿Cómo puedo ahorrar?', '2026-06-27 07:31:37', NOW());
INSERT INTO conversations (id, user_id, title, created_at, updated_at) VALUES (33, 8, 'Analiza mi portafolio', NOW(), NOW());
INSERT INTO messages (id, conversation_id, sender, content, created_at, updated_at) VALUES (459, 33, 'user', 'Pregunta sobre Analiza mi portafolio', '2026-06-27 06:40:37', NOW());
INSERT INTO messages (id, conversation_id, sender, content, created_at, updated_at) VALUES (460, 33, 'assistant', 'Respuesta del asistente a Analiza mi portafolio con análisis detallado.', '2026-06-27 06:43:37', NOW());
INSERT INTO messages (id, conversation_id, sender, content, created_at, updated_at) VALUES (461, 33, 'user', 'Pregunta sobre Analiza mi portafolio', '2026-06-27 06:53:37', NOW());
INSERT INTO messages (id, conversation_id, sender, content, created_at, updated_at) VALUES (462, 33, 'assistant', 'Respuesta del asistente a Analiza mi portafolio con análisis detallado.', '2026-06-27 07:03:37', NOW());
INSERT INTO messages (id, conversation_id, sender, content, created_at, updated_at) VALUES (463, 33, 'user', 'Pregunta sobre Analiza mi portafolio', '2026-06-27 07:13:37', NOW());
INSERT INTO messages (id, conversation_id, sender, content, created_at, updated_at) VALUES (464, 33, 'assistant', 'Respuesta del asistente a Analiza mi portafolio con análisis detallado.', '2026-06-27 07:21:37', NOW());
INSERT INTO messages (id, conversation_id, sender, content, created_at, updated_at) VALUES (465, 33, 'user', 'Pregunta sobre Analiza mi portafolio', '2026-06-27 07:28:37', NOW());
INSERT INTO messages (id, conversation_id, sender, content, created_at, updated_at) VALUES (466, 33, 'assistant', 'Respuesta del asistente a Analiza mi portafolio con análisis detallado.', '2026-06-27 07:29:37', NOW());
INSERT INTO messages (id, conversation_id, sender, content, created_at, updated_at) VALUES (467, 33, 'user', 'Pregunta sobre Analiza mi portafolio', '2026-06-27 07:37:37', NOW());
INSERT INTO messages (id, conversation_id, sender, content, created_at, updated_at) VALUES (468, 33, 'assistant', 'Respuesta del asistente a Analiza mi portafolio con análisis detallado.', '2026-06-27 07:45:37', NOW());
INSERT INTO messages (id, conversation_id, sender, content, created_at, updated_at) VALUES (469, 33, 'user', 'Pregunta sobre Analiza mi portafolio', '2026-06-27 07:52:37', NOW());
INSERT INTO messages (id, conversation_id, sender, content, created_at, updated_at) VALUES (470, 33, 'assistant', 'Respuesta del asistente a Analiza mi portafolio con análisis detallado.', '2026-06-27 07:57:37', NOW());
INSERT INTO messages (id, conversation_id, sender, content, created_at, updated_at) VALUES (471, 33, 'user', 'Pregunta sobre Analiza mi portafolio', '2026-06-27 08:07:37', NOW());
INSERT INTO messages (id, conversation_id, sender, content, created_at, updated_at) VALUES (472, 33, 'assistant', 'Respuesta del asistente a Analiza mi portafolio con análisis detallado.', '2026-06-27 08:14:37', NOW());
INSERT INTO messages (id, conversation_id, sender, content, created_at, updated_at) VALUES (473, 33, 'user', 'Pregunta sobre Analiza mi portafolio', '2026-06-27 08:24:37', NOW());
INSERT INTO messages (id, conversation_id, sender, content, created_at, updated_at) VALUES (474, 33, 'assistant', 'Respuesta del asistente a Analiza mi portafolio con análisis detallado.', '2026-06-27 08:26:37', NOW());
INSERT INTO messages (id, conversation_id, sender, content, created_at, updated_at) VALUES (475, 33, 'user', 'Pregunta sobre Analiza mi portafolio', '2026-06-27 08:32:37', NOW());
INSERT INTO messages (id, conversation_id, sender, content, created_at, updated_at) VALUES (476, 33, 'assistant', 'Respuesta del asistente a Analiza mi portafolio con análisis detallado.', '2026-06-27 08:40:37', NOW());
INSERT INTO messages (id, conversation_id, sender, content, created_at, updated_at) VALUES (477, 33, 'user', 'Pregunta sobre Analiza mi portafolio', '2026-06-27 08:48:37', NOW());
INSERT INTO conversations (id, user_id, title, created_at, updated_at) VALUES (34, 8, 'Analiza mi portafolio', NOW(), NOW());
INSERT INTO messages (id, conversation_id, sender, content, created_at, updated_at) VALUES (478, 34, 'user', 'Pregunta sobre Analiza mi portafolio', '2026-06-27 06:39:37', NOW());
INSERT INTO messages (id, conversation_id, sender, content, created_at, updated_at) VALUES (479, 34, 'assistant', 'Respuesta del asistente a Analiza mi portafolio con análisis detallado.', '2026-06-27 06:42:37', NOW());
INSERT INTO messages (id, conversation_id, sender, content, created_at, updated_at) VALUES (480, 34, 'user', 'Pregunta sobre Analiza mi portafolio', '2026-06-27 06:47:37', NOW());
INSERT INTO messages (id, conversation_id, sender, content, created_at, updated_at) VALUES (481, 34, 'assistant', 'Respuesta del asistente a Analiza mi portafolio con análisis detallado.', '2026-06-27 06:48:37', NOW());
INSERT INTO messages (id, conversation_id, sender, content, created_at, updated_at) VALUES (482, 34, 'user', 'Pregunta sobre Analiza mi portafolio', '2026-06-27 06:58:37', NOW());
INSERT INTO messages (id, conversation_id, sender, content, created_at, updated_at) VALUES (483, 34, 'assistant', 'Respuesta del asistente a Analiza mi portafolio con análisis detallado.', '2026-06-27 07:08:37', NOW());
INSERT INTO messages (id, conversation_id, sender, content, created_at, updated_at) VALUES (484, 34, 'user', 'Pregunta sobre Analiza mi portafolio', '2026-06-27 07:09:37', NOW());
INSERT INTO messages (id, conversation_id, sender, content, created_at, updated_at) VALUES (485, 34, 'assistant', 'Respuesta del asistente a Analiza mi portafolio con análisis detallado.', '2026-06-27 07:19:37', NOW());
INSERT INTO messages (id, conversation_id, sender, content, created_at, updated_at) VALUES (486, 34, 'user', 'Pregunta sobre Analiza mi portafolio', '2026-06-27 07:27:37', NOW());
INSERT INTO messages (id, conversation_id, sender, content, created_at, updated_at) VALUES (487, 34, 'assistant', 'Respuesta del asistente a Analiza mi portafolio con análisis detallado.', '2026-06-27 07:36:37', NOW());
INSERT INTO messages (id, conversation_id, sender, content, created_at, updated_at) VALUES (488, 34, 'user', 'Pregunta sobre Analiza mi portafolio', '2026-06-27 07:42:37', NOW());
INSERT INTO messages (id, conversation_id, sender, content, created_at, updated_at) VALUES (489, 34, 'assistant', 'Respuesta del asistente a Analiza mi portafolio con análisis detallado.', '2026-06-27 07:47:37', NOW());
INSERT INTO users (id, name, last_name, email, password, created_at, updated_at) VALUES (9, 'Daniela', 'Gonzalez', 'daniela.gonzalez9@example.com', 'password', NOW(), NOW());
INSERT INTO settings (user_id, currency, language, theme, monthly_income, payday, ai_enabled, created_at, updated_at) VALUES (9, 'EUR', 'es', 'dark', 31264.00, 24, true, NOW(), NOW());
INSERT INTO accounts (id, user_id, name, balance, color, icon, type, currency, created_at, updated_at) VALUES (39, 9, 'Binance', 7077.11, '#464baa', 'icon-wallet', 'wallet', 'MXN', NOW(), NOW());
INSERT INTO accounts (id, user_id, name, balance, color, icon, type, currency, created_at, updated_at) VALUES (40, 9, 'Binance', 39053.25, '#143fca', 'icon-bank', 'bank', 'MXN', NOW(), NOW());
INSERT INTO accounts (id, user_id, name, balance, color, icon, type, currency, created_at, updated_at) VALUES (41, 9, 'GBM', 30353.38, '#e6a408', 'icon-cash', 'cash', 'MXN', NOW(), NOW());
INSERT INTO accounts (id, user_id, name, balance, color, icon, type, currency, created_at, updated_at) VALUES (42, 9, 'Nu', 28979.52, '#d30225', 'icon-bank', 'bank', 'MXN', NOW(), NOW());
INSERT INTO funds (id, user_id, name, balance, color, icon, created_at, updated_at) VALUES (49, 9, 'Gastos necesarios', 15372.85, '#d84b42', 'icon-fund', NOW(), NOW());
INSERT INTO fund_allocations (id, fund_id, category_id, created_at, updated_at) VALUES (205, 49, 29, NOW(), NOW());
INSERT INTO fund_allocations (id, fund_id, category_id, created_at, updated_at) VALUES (206, 49, 11, NOW(), NOW());
INSERT INTO fund_allocations (id, fund_id, category_id, created_at, updated_at) VALUES (207, 49, 5, NOW(), NOW());
INSERT INTO fund_allocations (id, fund_id, category_id, created_at, updated_at) VALUES (208, 49, 22, NOW(), NOW());
INSERT INTO fund_allocations (id, fund_id, category_id, created_at, updated_at) VALUES (209, 49, 26, NOW(), NOW());
INSERT INTO fund_allocations (id, fund_id, category_id, created_at, updated_at) VALUES (210, 49, 1, NOW(), NOW());
INSERT INTO funds (id, user_id, name, balance, color, icon, created_at, updated_at) VALUES (50, 9, 'Gastos personales', 14746.20, '#9eccdb', 'icon-fund', NOW(), NOW());
INSERT INTO fund_allocations (id, fund_id, category_id, created_at, updated_at) VALUES (211, 50, 6, NOW(), NOW());
INSERT INTO fund_allocations (id, fund_id, category_id, created_at, updated_at) VALUES (212, 50, 30, NOW(), NOW());
INSERT INTO funds (id, user_id, name, balance, color, icon, created_at, updated_at) VALUES (51, 9, 'Ahorro', 13655.31, '#7e00a5', 'icon-fund', NOW(), NOW());
INSERT INTO fund_allocations (id, fund_id, category_id, created_at, updated_at) VALUES (213, 51, 20, NOW(), NOW());
INSERT INTO fund_allocations (id, fund_id, category_id, created_at, updated_at) VALUES (214, 51, 3, NOW(), NOW());
INSERT INTO fund_allocations (id, fund_id, category_id, created_at, updated_at) VALUES (215, 51, 5, NOW(), NOW());
INSERT INTO fund_allocations (id, fund_id, category_id, created_at, updated_at) VALUES (216, 51, 30, NOW(), NOW());
INSERT INTO fund_allocations (id, fund_id, category_id, created_at, updated_at) VALUES (217, 51, 19, NOW(), NOW());
INSERT INTO funds (id, user_id, name, balance, color, icon, created_at, updated_at) VALUES (52, 9, 'Inversión', 18700.16, '#4dea0b', 'icon-fund', NOW(), NOW());
INSERT INTO fund_allocations (id, fund_id, category_id, created_at, updated_at) VALUES (218, 52, 14, NOW(), NOW());
INSERT INTO fund_allocations (id, fund_id, category_id, created_at, updated_at) VALUES (219, 52, 10, NOW(), NOW());
INSERT INTO fund_allocations (id, fund_id, category_id, created_at, updated_at) VALUES (220, 52, 11, NOW(), NOW());
INSERT INTO fund_allocations (id, fund_id, category_id, created_at, updated_at) VALUES (221, 52, 22, NOW(), NOW());
INSERT INTO fund_allocations (id, fund_id, category_id, created_at, updated_at) VALUES (222, 52, 18, NOW(), NOW());
INSERT INTO fund_allocations (id, fund_id, category_id, created_at, updated_at) VALUES (223, 52, 24, NOW(), NOW());
INSERT INTO funds (id, user_id, name, balance, color, icon, created_at, updated_at) VALUES (53, 9, 'Fondo de emergencia', 16541.38, '#5e9444', 'icon-fund', NOW(), NOW());
INSERT INTO fund_allocations (id, fund_id, category_id, created_at, updated_at) VALUES (224, 53, 8, NOW(), NOW());
INSERT INTO fund_allocations (id, fund_id, category_id, created_at, updated_at) VALUES (225, 53, 13, NOW(), NOW());
INSERT INTO funds (id, user_id, name, balance, color, icon, created_at, updated_at) VALUES (54, 9, 'Vacaciones', 10236.27, '#a15e3', 'icon-fund', NOW(), NOW());
INSERT INTO fund_allocations (id, fund_id, category_id, created_at, updated_at) VALUES (226, 54, 17, NOW(), NOW());
INSERT INTO fund_allocations (id, fund_id, category_id, created_at, updated_at) VALUES (227, 54, 8, NOW(), NOW());
INSERT INTO fund_allocations (id, fund_id, category_id, created_at, updated_at) VALUES (228, 54, 13, NOW(), NOW());
INSERT INTO transactions (id, user_id, account_id, category_id, type, amount, description, notes, date, created_at, updated_at) VALUES (438, 9, 40, 10, 'expense', 3063.07, 'Cinépolis', 'Nota de prueba', '2025-08-09 23:45:22', NOW(), NOW());
INSERT INTO transactions (id, user_id, account_id, category_id, type, amount, description, notes, date, created_at, updated_at) VALUES (439, 9, 40, 13, 'expense', 1191.95, 'CFE', 'Nota de prueba', '2026-05-28 20:48:11', NOW(), NOW());
INSERT INTO transactions (id, user_id, account_id, category_id, type, amount, description, notes, date, created_at, updated_at) VALUES (440, 9, 39, 8, 'expense', 69.26, 'OXXO', 'Nota de prueba', '2026-02-09 23:36:02', NOW(), NOW());
INSERT INTO transactions (id, user_id, account_id, category_id, type, amount, description, notes, date, created_at, updated_at) VALUES (441, 9, 41, 12, 'expense', 4780.09, 'Starbucks', 'Nota de prueba', '2025-11-11 09:04:07', NOW(), NOW());
INSERT INTO transactions (id, user_id, account_id, category_id, type, amount, description, notes, date, created_at, updated_at) VALUES (442, 9, 40, 21, 'expense', 2754.67, 'Costco', 'Nota de prueba', '2025-10-18 19:36:37', NOW(), NOW());
INSERT INTO transactions (id, user_id, account_id, category_id, type, amount, description, notes, date, created_at, updated_at) VALUES (443, 9, 39, 7, 'expense', 2767.51, 'Izzi', 'Nota de prueba', '2026-06-08 19:11:07', NOW(), NOW());
INSERT INTO transactions (id, user_id, account_id, category_id, type, amount, description, notes, date, created_at, updated_at) VALUES (444, 9, 42, 11, 'expense', 2653.49, 'Apple', 'Nota de prueba', '2026-01-01 01:01:08', NOW(), NOW());
INSERT INTO transactions (id, user_id, account_id, category_id, type, amount, description, notes, date, created_at, updated_at) VALUES (445, 9, 42, 20, 'expense', 2361.70, 'Didi', 'Nota de prueba', '2025-07-07 08:43:51', NOW(), NOW());
INSERT INTO transactions (id, user_id, account_id, category_id, type, amount, description, notes, date, created_at, updated_at) VALUES (446, 9, 41, 2, 'income', 4990.30, 'Upwork', 'Nota de prueba', '2025-07-21 08:31:39', NOW(), NOW());
INSERT INTO transactions (id, user_id, account_id, category_id, type, amount, description, notes, date, created_at, updated_at) VALUES (447, 9, 40, 26, 'expense', 625.36, 'Izzi', 'Nota de prueba', '2026-04-10 01:16:02', NOW(), NOW());
INSERT INTO transactions (id, user_id, account_id, category_id, type, amount, description, notes, date, created_at, updated_at) VALUES (448, 9, 41, 15, 'expense', 2609.30, 'OXXO', 'Nota de prueba', '2026-06-27 12:28:43', NOW(), NOW());
INSERT INTO transactions (id, user_id, account_id, category_id, type, amount, description, notes, date, created_at, updated_at) VALUES (449, 9, 39, 11, 'expense', 3538.08, 'Starbucks', 'Nota de prueba', '2025-08-18 09:53:09', NOW(), NOW());
INSERT INTO transactions (id, user_id, account_id, category_id, type, amount, description, notes, date, created_at, updated_at) VALUES (450, 9, 39, 18, 'expense', 2078.68, 'Apple', 'Nota de prueba', '2025-10-19 19:35:43', NOW(), NOW());
INSERT INTO transactions (id, user_id, account_id, category_id, type, amount, description, notes, date, created_at, updated_at) VALUES (451, 9, 42, 14, 'expense', 4350.27, 'Apple', 'Nota de prueba', '2025-08-08 13:36:20', NOW(), NOW());
INSERT INTO transactions (id, user_id, account_id, category_id, type, amount, description, notes, date, created_at, updated_at) VALUES (452, 9, 40, 11, 'expense', 2598.30, 'Spotify', 'Nota de prueba', '2026-06-14 20:21:27', NOW(), NOW());
INSERT INTO transactions (id, user_id, account_id, category_id, type, amount, description, notes, date, created_at, updated_at) VALUES (453, 9, 42, 21, 'expense', 2532.35, 'Gasolinera Pemex', 'Nota de prueba', '2025-08-20 11:25:55', NOW(), NOW());
INSERT INTO transactions (id, user_id, account_id, category_id, type, amount, description, notes, date, created_at, updated_at) VALUES (454, 9, 42, 12, 'expense', 4249.09, 'Amazon', 'Nota de prueba', '2026-06-22 18:00:13', NOW(), NOW());
INSERT INTO transactions (id, user_id, account_id, category_id, type, amount, description, notes, date, created_at, updated_at) VALUES (455, 9, 41, 17, 'expense', 2091.39, 'Mercado Libre', 'Nota de prueba', '2025-08-22 22:14:57', NOW(), NOW());
INSERT INTO transactions (id, user_id, account_id, category_id, type, amount, description, notes, date, created_at, updated_at) VALUES (456, 9, 39, 22, 'expense', 1522.51, 'Didi', 'Nota de prueba', '2026-01-30 15:27:09', NOW(), NOW());
INSERT INTO transactions (id, user_id, account_id, category_id, type, amount, description, notes, date, created_at, updated_at) VALUES (457, 9, 42, 5, 'income', 1955.06, 'Fiverr', 'Nota de prueba', '2026-05-06 02:32:07', NOW(), NOW());
INSERT INTO transactions (id, user_id, account_id, category_id, type, amount, description, notes, date, created_at, updated_at) VALUES (458, 9, 40, 26, 'expense', 4566.05, 'Gasolinera Pemex', 'Nota de prueba', '2025-07-24 02:51:19', NOW(), NOW());
INSERT INTO transactions (id, user_id, account_id, category_id, type, amount, description, notes, date, created_at, updated_at) VALUES (459, 9, 42, 3, 'income', 2765.25, 'Dividendos GBM', 'Nota de prueba', '2025-10-10 21:24:56', NOW(), NOW());
INSERT INTO transactions (id, user_id, account_id, category_id, type, amount, description, notes, date, created_at, updated_at) VALUES (460, 9, 40, 10, 'expense', 230.74, 'Telcel', 'Nota de prueba', '2026-04-28 22:15:07', NOW(), NOW());
INSERT INTO transactions (id, user_id, account_id, category_id, type, amount, description, notes, date, created_at, updated_at) VALUES (461, 9, 40, 23, 'expense', 2860.15, 'Domino''s', 'Nota de prueba', '2026-01-03 02:10:47', NOW(), NOW());
INSERT INTO transactions (id, user_id, account_id, category_id, type, amount, description, notes, date, created_at, updated_at) VALUES (462, 9, 41, 20, 'expense', 1081.95, 'Mercado Libre', 'Nota de prueba', '2025-10-03 15:54:13', NOW(), NOW());
INSERT INTO transactions (id, user_id, account_id, category_id, type, amount, description, notes, date, created_at, updated_at) VALUES (463, 9, 39, 28, 'investment', 2357.97, 'Binance', 'Nota de prueba', '2025-10-16 18:36:42', NOW(), NOW());
INSERT INTO transactions (id, user_id, account_id, category_id, type, amount, description, notes, date, created_at, updated_at) VALUES (464, 9, 41, 13, 'expense', 4537.46, 'Amazon', 'Nota de prueba', '2025-11-21 17:19:22', NOW(), NOW());
INSERT INTO transactions (id, user_id, account_id, category_id, type, amount, description, notes, date, created_at, updated_at) VALUES (465, 9, 42, 30, 'investment', 1490.89, 'Binance', 'Nota de prueba', '2025-08-28 22:04:14', NOW(), NOW());
INSERT INTO transactions (id, user_id, account_id, category_id, type, amount, description, notes, date, created_at, updated_at) VALUES (466, 9, 40, 12, 'expense', 1286.74, 'CFE', 'Nota de prueba', '2026-01-08 10:21:41', NOW(), NOW());
INSERT INTO transactions (id, user_id, account_id, category_id, type, amount, description, notes, date, created_at, updated_at) VALUES (467, 9, 39, 17, 'expense', 4072.28, 'Cinépolis', 'Nota de prueba', '2025-12-24 15:24:34', NOW(), NOW());
INSERT INTO transactions (id, user_id, account_id, category_id, type, amount, description, notes, date, created_at, updated_at) VALUES (468, 9, 39, 8, 'expense', 3845.91, 'Didi', 'Nota de prueba', '2026-02-25 08:08:28', NOW(), NOW());
INSERT INTO transactions (id, user_id, account_id, category_id, type, amount, description, notes, date, created_at, updated_at) VALUES (469, 9, 42, 29, 'investment', 1814.87, 'Bitso', 'Nota de prueba', '2026-03-03 20:31:24', NOW(), NOW());
INSERT INTO transactions (id, user_id, account_id, category_id, type, amount, description, notes, date, created_at, updated_at) VALUES (470, 9, 42, 17, 'expense', 2419.58, 'OXXO', 'Nota de prueba', '2026-02-01 12:49:48', NOW(), NOW());
INSERT INTO transactions (id, user_id, account_id, category_id, type, amount, description, notes, date, created_at, updated_at) VALUES (471, 9, 41, 16, 'expense', 204.67, 'Soriana', 'Nota de prueba', '2025-11-20 08:15:12', NOW(), NOW());
INSERT INTO transactions (id, user_id, account_id, category_id, type, amount, description, notes, date, created_at, updated_at) VALUES (472, 9, 41, 13, 'expense', 1048.88, 'Soriana', 'Nota de prueba', '2026-04-23 08:28:42', NOW(), NOW());
INSERT INTO transactions (id, user_id, account_id, category_id, type, amount, description, notes, date, created_at, updated_at) VALUES (473, 9, 39, 12, 'expense', 3573.61, 'Domino''s', 'Nota de prueba', '2026-06-29 12:20:37', NOW(), NOW());
INSERT INTO transactions (id, user_id, account_id, category_id, type, amount, description, notes, date, created_at, updated_at) VALUES (474, 9, 41, 30, 'investment', 1054.85, 'Bitso', 'Nota de prueba', '2026-02-27 07:16:14', NOW(), NOW());
INSERT INTO transactions (id, user_id, account_id, category_id, type, amount, description, notes, date, created_at, updated_at) VALUES (475, 9, 40, 20, 'expense', 916.26, 'Liverpool', 'Nota de prueba', '2026-02-20 16:40:13', NOW(), NOW());
INSERT INTO transactions (id, user_id, account_id, category_id, type, amount, description, notes, date, created_at, updated_at) VALUES (476, 9, 40, 27, 'expense', 4347.92, 'OXXO', 'Nota de prueba', '2025-08-02 01:11:28', NOW(), NOW());
INSERT INTO transactions (id, user_id, account_id, category_id, type, amount, description, notes, date, created_at, updated_at) VALUES (477, 9, 42, 15, 'expense', 4706.47, 'Apple', 'Nota de prueba', '2025-12-09 02:26:24', NOW(), NOW());
INSERT INTO transactions (id, user_id, account_id, category_id, type, amount, description, notes, date, created_at, updated_at) VALUES (478, 9, 41, 28, 'investment', 3364.32, 'Bitso', 'Nota de prueba', '2026-04-13 07:02:02', NOW(), NOW());
INSERT INTO transactions (id, user_id, account_id, category_id, type, amount, description, notes, date, created_at, updated_at) VALUES (479, 9, 42, 11, 'expense', 1926.02, 'Cinépolis', 'Nota de prueba', '2025-07-19 04:19:23', NOW(), NOW());
INSERT INTO transactions (id, user_id, account_id, category_id, type, amount, description, notes, date, created_at, updated_at) VALUES (480, 9, 42, 29, 'investment', 326.85, 'GBM', 'Nota de prueba', '2025-10-01 10:48:03', NOW(), NOW());
INSERT INTO transactions (id, user_id, account_id, category_id, type, amount, description, notes, date, created_at, updated_at) VALUES (481, 9, 39, 6, 'expense', 95.48, 'Starbucks', 'Nota de prueba', '2026-01-29 13:57:46', NOW(), NOW());
INSERT INTO transactions (id, user_id, account_id, category_id, type, amount, description, notes, date, created_at, updated_at) VALUES (482, 9, 40, 6, 'expense', 660.36, 'Liverpool', 'Nota de prueba', '2026-05-21 06:52:48', NOW(), NOW());
INSERT INTO transactions (id, user_id, account_id, category_id, type, amount, description, notes, date, created_at, updated_at) VALUES (483, 9, 39, 5, 'income', 4219.12, 'SAT Reembolso', 'Nota de prueba', '2025-11-04 02:00:14', NOW(), NOW());
INSERT INTO transactions (id, user_id, account_id, category_id, type, amount, description, notes, date, created_at, updated_at) VALUES (484, 9, 40, 29, 'investment', 812.92, 'Bitso', 'Nota de prueba', '2025-09-14 04:13:38', NOW(), NOW());
INSERT INTO budgets (id, user_id, category_id, amount, month, created_at, updated_at) VALUES (41, 9, 17, 2739.03, '2026-07-01', NOW(), NOW());
INSERT INTO budgets (id, user_id, category_id, amount, month, created_at, updated_at) VALUES (42, 9, 8, 1249.00, '2026-07-01', NOW(), NOW());
INSERT INTO budgets (id, user_id, category_id, amount, month, created_at, updated_at) VALUES (43, 9, 24, 2234.05, '2026-07-01', NOW(), NOW());
INSERT INTO budgets (id, user_id, category_id, amount, month, created_at, updated_at) VALUES (44, 9, 7, 1563.48, '2026-07-01', NOW(), NOW());
INSERT INTO budgets (id, user_id, category_id, amount, month, created_at, updated_at) VALUES (45, 9, 19, 1778.94, '2026-07-01', NOW(), NOW());
INSERT INTO goals (id, user_id, name, target_amount, current_amount, status, deadline, created_at, updated_at) VALUES (37, 9, 'Fondo de emergencia', 10118.26, 3581.20, 'paused', '2026-11-28', NOW(), NOW());
INSERT INTO goals (id, user_id, name, target_amount, current_amount, status, deadline, created_at, updated_at) VALUES (38, 9, 'Viaje a Japón', 88726.76, 43431.33, 'active', '2027-03-27', NOW(), NOW());
INSERT INTO goals (id, user_id, name, target_amount, current_amount, status, deadline, created_at, updated_at) VALUES (39, 9, 'Casa', 23439.66, 12330.55, 'completed', '2027-01-21', NOW(), NOW());
INSERT INTO goals (id, user_id, name, target_amount, current_amount, status, deadline, created_at, updated_at) VALUES (40, 9, 'Invertir 100,000', 68549.31, 31902.32, 'paused', '2026-10-21', NOW(), NOW());
INSERT INTO subscriptions (id, user_id, name, amount, billing_cycle, next_billing_date, category_id, account_id, created_at, updated_at) VALUES (61, 9, 'iCloud', 203.76, 'monthly', '2026-07-27', 20, 40, NOW(), NOW());
INSERT INTO subscriptions (id, user_id, name, amount, billing_cycle, next_billing_date, category_id, account_id, created_at, updated_at) VALUES (62, 9, 'Google One', 228.00, 'monthly', '2026-07-03', 10, 41, NOW(), NOW());
INSERT INTO subscriptions (id, user_id, name, amount, billing_cycle, next_billing_date, category_id, account_id, created_at, updated_at) VALUES (63, 9, 'Netflix', 152.79, 'monthly', '2026-07-13', 11, 40, NOW(), NOW());
INSERT INTO subscriptions (id, user_id, name, amount, billing_cycle, next_billing_date, category_id, account_id, created_at, updated_at) VALUES (64, 9, 'Spotify', 270.75, 'monthly', '2026-07-17', 21, 42, NOW(), NOW());
INSERT INTO subscriptions (id, user_id, name, amount, billing_cycle, next_billing_date, category_id, account_id, created_at, updated_at) VALUES (65, 9, 'Amazon Prime', 115.47, 'monthly', '2026-07-19', 21, 41, NOW(), NOW());
INSERT INTO subscriptions (id, user_id, name, amount, billing_cycle, next_billing_date, category_id, account_id, created_at, updated_at) VALUES (66, 9, 'Microsoft 365', 282.54, 'monthly', '2026-07-11', 19, 39, NOW(), NOW());
INSERT INTO subscriptions (id, user_id, name, amount, billing_cycle, next_billing_date, category_id, account_id, created_at, updated_at) VALUES (67, 9, 'Disney+', 194.72, 'monthly', '2026-07-30', 11, 41, NOW(), NOW());
INSERT INTO subscriptions (id, user_id, name, amount, billing_cycle, next_billing_date, category_id, account_id, created_at, updated_at) VALUES (68, 9, 'YouTube Premium', 311.10, 'monthly', '2026-07-15', 23, 42, NOW(), NOW());
INSERT INTO investments (id, user_id, account_id, symbol, quantity, average_price, currency, type, created_at, updated_at) VALUES (25, 9, 42, 'VTI', 49.19, 344.25, 'USD', 'etf', NOW(), NOW());
INSERT INTO investment_prices (id, investment_id, price, date, created_at, updated_at) VALUES (721, 25, 337.53, '2025-07-14 06:34:37', NOW(), NOW());
INSERT INTO investment_prices (id, investment_id, price, date, created_at, updated_at) VALUES (722, 25, 335.42, '2025-07-26 06:34:37', NOW(), NOW());
INSERT INTO investment_prices (id, investment_id, price, date, created_at, updated_at) VALUES (723, 25, 354.50, '2025-08-07 06:34:37', NOW(), NOW());
INSERT INTO investment_prices (id, investment_id, price, date, created_at, updated_at) VALUES (724, 25, 348.29, '2025-08-19 06:34:37', NOW(), NOW());
INSERT INTO investment_prices (id, investment_id, price, date, created_at, updated_at) VALUES (725, 25, 350.23, '2025-08-31 06:34:37', NOW(), NOW());
INSERT INTO investment_prices (id, investment_id, price, date, created_at, updated_at) VALUES (726, 25, 357.73, '2025-09-12 06:34:37', NOW(), NOW());
INSERT INTO investment_prices (id, investment_id, price, date, created_at, updated_at) VALUES (727, 25, 345.75, '2025-09-24 06:34:37', NOW(), NOW());
INSERT INTO investment_prices (id, investment_id, price, date, created_at, updated_at) VALUES (728, 25, 363.88, '2025-10-06 06:34:37', NOW(), NOW());
INSERT INTO investment_prices (id, investment_id, price, date, created_at, updated_at) VALUES (729, 25, 361.61, '2025-10-18 06:34:37', NOW(), NOW());
INSERT INTO investment_prices (id, investment_id, price, date, created_at, updated_at) VALUES (730, 25, 348.86, '2025-10-30 06:34:37', NOW(), NOW());
INSERT INTO investment_prices (id, investment_id, price, date, created_at, updated_at) VALUES (731, 25, 361.72, '2025-11-11 06:34:37', NOW(), NOW());
INSERT INTO investment_prices (id, investment_id, price, date, created_at, updated_at) VALUES (732, 25, 378.08, '2025-11-23 06:34:37', NOW(), NOW());
INSERT INTO investment_prices (id, investment_id, price, date, created_at, updated_at) VALUES (733, 25, 380.09, '2025-12-05 06:34:37', NOW(), NOW());
INSERT INTO investment_prices (id, investment_id, price, date, created_at, updated_at) VALUES (734, 25, 392.03, '2025-12-17 06:34:37', NOW(), NOW());
INSERT INTO investment_prices (id, investment_id, price, date, created_at, updated_at) VALUES (735, 25, 408.95, '2025-12-29 06:34:37', NOW(), NOW());
INSERT INTO investment_prices (id, investment_id, price, date, created_at, updated_at) VALUES (736, 25, 428.16, '2026-01-10 06:34:37', NOW(), NOW());
INSERT INTO investment_prices (id, investment_id, price, date, created_at, updated_at) VALUES (737, 25, 429.28, '2026-01-22 06:34:37', NOW(), NOW());
INSERT INTO investment_prices (id, investment_id, price, date, created_at, updated_at) VALUES (738, 25, 451.20, '2026-02-03 06:34:37', NOW(), NOW());
INSERT INTO investment_prices (id, investment_id, price, date, created_at, updated_at) VALUES (739, 25, 456.51, '2026-02-15 06:34:37', NOW(), NOW());
INSERT INTO investment_prices (id, investment_id, price, date, created_at, updated_at) VALUES (740, 25, 455.38, '2026-02-27 06:34:37', NOW(), NOW());
INSERT INTO investment_prices (id, investment_id, price, date, created_at, updated_at) VALUES (741, 25, 450.97, '2026-03-11 06:34:37', NOW(), NOW());
INSERT INTO investment_prices (id, investment_id, price, date, created_at, updated_at) VALUES (742, 25, 436.88, '2026-03-23 06:34:37', NOW(), NOW());
INSERT INTO investment_prices (id, investment_id, price, date, created_at, updated_at) VALUES (743, 25, 451.10, '2026-04-04 06:34:37', NOW(), NOW());
INSERT INTO investment_prices (id, investment_id, price, date, created_at, updated_at) VALUES (744, 25, 464.67, '2026-04-16 06:34:37', NOW(), NOW());
INSERT INTO investment_prices (id, investment_id, price, date, created_at, updated_at) VALUES (745, 25, 491.33, '2026-04-28 06:34:37', NOW(), NOW());
INSERT INTO investment_prices (id, investment_id, price, date, created_at, updated_at) VALUES (746, 25, 502.41, '2026-05-10 06:34:37', NOW(), NOW());
INSERT INTO investment_prices (id, investment_id, price, date, created_at, updated_at) VALUES (747, 25, 483.53, '2026-05-22 06:34:37', NOW(), NOW());
INSERT INTO investment_prices (id, investment_id, price, date, created_at, updated_at) VALUES (748, 25, 473.32, '2026-06-03 06:34:37', NOW(), NOW());
INSERT INTO investment_prices (id, investment_id, price, date, created_at, updated_at) VALUES (749, 25, 496.96, '2026-06-15 06:34:37', NOW(), NOW());
INSERT INTO investment_prices (id, investment_id, price, date, created_at, updated_at) VALUES (750, 25, 497.17, '2026-06-27 06:34:37', NOW(), NOW());
INSERT INTO investments (id, user_id, account_id, symbol, quantity, average_price, currency, type, created_at, updated_at) VALUES (26, 9, 39, 'NVDA', 31.62, 357.41, 'USD', 'stock', NOW(), NOW());
INSERT INTO investment_prices (id, investment_id, price, date, created_at, updated_at) VALUES (751, 26, 367.46, '2025-07-14 06:34:37', NOW(), NOW());
INSERT INTO investment_prices (id, investment_id, price, date, created_at, updated_at) VALUES (752, 26, 353.41, '2025-07-26 06:34:37', NOW(), NOW());
INSERT INTO investment_prices (id, investment_id, price, date, created_at, updated_at) VALUES (753, 26, 374.37, '2025-08-07 06:34:37', NOW(), NOW());
INSERT INTO investment_prices (id, investment_id, price, date, created_at, updated_at) VALUES (754, 26, 376.14, '2025-08-19 06:34:37', NOW(), NOW());
INSERT INTO investment_prices (id, investment_id, price, date, created_at, updated_at) VALUES (755, 26, 365.99, '2025-08-31 06:34:37', NOW(), NOW());
INSERT INTO investment_prices (id, investment_id, price, date, created_at, updated_at) VALUES (756, 26, 374.27, '2025-09-12 06:34:37', NOW(), NOW());
INSERT INTO investment_prices (id, investment_id, price, date, created_at, updated_at) VALUES (757, 26, 376.01, '2025-09-24 06:34:37', NOW(), NOW());
INSERT INTO investment_prices (id, investment_id, price, date, created_at, updated_at) VALUES (758, 26, 378.49, '2025-10-06 06:34:37', NOW(), NOW());
INSERT INTO investment_prices (id, investment_id, price, date, created_at, updated_at) VALUES (759, 26, 378.40, '2025-10-18 06:34:37', NOW(), NOW());
INSERT INTO investment_prices (id, investment_id, price, date, created_at, updated_at) VALUES (760, 26, 389.61, '2025-10-30 06:34:37', NOW(), NOW());
INSERT INTO investment_prices (id, investment_id, price, date, created_at, updated_at) VALUES (761, 26, 381.82, '2025-11-11 06:34:37', NOW(), NOW());
INSERT INTO investment_prices (id, investment_id, price, date, created_at, updated_at) VALUES (762, 26, 367.97, '2025-11-23 06:34:37', NOW(), NOW());
INSERT INTO investment_prices (id, investment_id, price, date, created_at, updated_at) VALUES (763, 26, 372.29, '2025-12-05 06:34:37', NOW(), NOW());
INSERT INTO investment_prices (id, investment_id, price, date, created_at, updated_at) VALUES (764, 26, 368.95, '2025-12-17 06:34:37', NOW(), NOW());
INSERT INTO investment_prices (id, investment_id, price, date, created_at, updated_at) VALUES (765, 26, 363.39, '2025-12-29 06:34:37', NOW(), NOW());
INSERT INTO investment_prices (id, investment_id, price, date, created_at, updated_at) VALUES (766, 26, 360.50, '2026-01-10 06:34:37', NOW(), NOW());
INSERT INTO investment_prices (id, investment_id, price, date, created_at, updated_at) VALUES (767, 26, 362.58, '2026-01-22 06:34:37', NOW(), NOW());
INSERT INTO investment_prices (id, investment_id, price, date, created_at, updated_at) VALUES (768, 26, 381.27, '2026-02-03 06:34:37', NOW(), NOW());
INSERT INTO investment_prices (id, investment_id, price, date, created_at, updated_at) VALUES (769, 26, 383.37, '2026-02-15 06:34:37', NOW(), NOW());
INSERT INTO investment_prices (id, investment_id, price, date, created_at, updated_at) VALUES (770, 26, 377.61, '2026-02-27 06:34:37', NOW(), NOW());
INSERT INTO investment_prices (id, investment_id, price, date, created_at, updated_at) VALUES (771, 26, 369.33, '2026-03-11 06:34:37', NOW(), NOW());
INSERT INTO investment_prices (id, investment_id, price, date, created_at, updated_at) VALUES (772, 26, 357.72, '2026-03-23 06:34:37', NOW(), NOW());
INSERT INTO investment_prices (id, investment_id, price, date, created_at, updated_at) VALUES (773, 26, 377.34, '2026-04-04 06:34:37', NOW(), NOW());
INSERT INTO investment_prices (id, investment_id, price, date, created_at, updated_at) VALUES (774, 26, 378.99, '2026-04-16 06:34:37', NOW(), NOW());
INSERT INTO investment_prices (id, investment_id, price, date, created_at, updated_at) VALUES (775, 26, 383.95, '2026-04-28 06:34:37', NOW(), NOW());
INSERT INTO investment_prices (id, investment_id, price, date, created_at, updated_at) VALUES (776, 26, 394.84, '2026-05-10 06:34:37', NOW(), NOW());
INSERT INTO investment_prices (id, investment_id, price, date, created_at, updated_at) VALUES (777, 26, 401.42, '2026-05-22 06:34:37', NOW(), NOW());
INSERT INTO investment_prices (id, investment_id, price, date, created_at, updated_at) VALUES (778, 26, 421.41, '2026-06-03 06:34:37', NOW(), NOW());
INSERT INTO investment_prices (id, investment_id, price, date, created_at, updated_at) VALUES (779, 26, 420.89, '2026-06-15 06:34:37', NOW(), NOW());
INSERT INTO investment_prices (id, investment_id, price, date, created_at, updated_at) VALUES (780, 26, 416.17, '2026-06-27 06:34:37', NOW(), NOW());
INSERT INTO investments (id, user_id, account_id, symbol, quantity, average_price, currency, type, created_at, updated_at) VALUES (27, 9, 41, 'ETH', 21.00, 253.57, 'USD', 'crypto', NOW(), NOW());
INSERT INTO investment_prices (id, investment_id, price, date, created_at, updated_at) VALUES (781, 27, 263.11, '2025-07-14 06:34:37', NOW(), NOW());
INSERT INTO investment_prices (id, investment_id, price, date, created_at, updated_at) VALUES (782, 27, 257.93, '2025-07-26 06:34:37', NOW(), NOW());
INSERT INTO investment_prices (id, investment_id, price, date, created_at, updated_at) VALUES (783, 27, 257.26, '2025-08-07 06:34:37', NOW(), NOW());
INSERT INTO investment_prices (id, investment_id, price, date, created_at, updated_at) VALUES (784, 27, 259.31, '2025-08-19 06:34:37', NOW(), NOW());
INSERT INTO investment_prices (id, investment_id, price, date, created_at, updated_at) VALUES (785, 27, 256.95, '2025-08-31 06:34:37', NOW(), NOW());
INSERT INTO investment_prices (id, investment_id, price, date, created_at, updated_at) VALUES (786, 27, 271.13, '2025-09-12 06:34:37', NOW(), NOW());
INSERT INTO investment_prices (id, investment_id, price, date, created_at, updated_at) VALUES (787, 27, 278.71, '2025-09-24 06:34:37', NOW(), NOW());
INSERT INTO investment_prices (id, investment_id, price, date, created_at, updated_at) VALUES (788, 27, 276.96, '2025-10-06 06:34:37', NOW(), NOW());
INSERT INTO investment_prices (id, investment_id, price, date, created_at, updated_at) VALUES (789, 27, 287.70, '2025-10-18 06:34:37', NOW(), NOW());
INSERT INTO investment_prices (id, investment_id, price, date, created_at, updated_at) VALUES (790, 27, 285.59, '2025-10-30 06:34:37', NOW(), NOW());
INSERT INTO investment_prices (id, investment_id, price, date, created_at, updated_at) VALUES (791, 27, 288.31, '2025-11-11 06:34:37', NOW(), NOW());
INSERT INTO investment_prices (id, investment_id, price, date, created_at, updated_at) VALUES (792, 27, 283.27, '2025-11-23 06:34:37', NOW(), NOW());
INSERT INTO investment_prices (id, investment_id, price, date, created_at, updated_at) VALUES (793, 27, 289.10, '2025-12-05 06:34:37', NOW(), NOW());
INSERT INTO investment_prices (id, investment_id, price, date, created_at, updated_at) VALUES (794, 27, 284.30, '2025-12-17 06:34:37', NOW(), NOW());
INSERT INTO investment_prices (id, investment_id, price, date, created_at, updated_at) VALUES (795, 27, 289.44, '2025-12-29 06:34:37', NOW(), NOW());
INSERT INTO investment_prices (id, investment_id, price, date, created_at, updated_at) VALUES (796, 27, 292.67, '2026-01-10 06:34:37', NOW(), NOW());
INSERT INTO investment_prices (id, investment_id, price, date, created_at, updated_at) VALUES (797, 27, 287.80, '2026-01-22 06:34:37', NOW(), NOW());
INSERT INTO investment_prices (id, investment_id, price, date, created_at, updated_at) VALUES (798, 27, 299.82, '2026-02-03 06:34:37', NOW(), NOW());
INSERT INTO investment_prices (id, investment_id, price, date, created_at, updated_at) VALUES (799, 27, 307.49, '2026-02-15 06:34:37', NOW(), NOW());
INSERT INTO investment_prices (id, investment_id, price, date, created_at, updated_at) VALUES (800, 27, 306.64, '2026-02-27 06:34:37', NOW(), NOW());
INSERT INTO investment_prices (id, investment_id, price, date, created_at, updated_at) VALUES (801, 27, 322.01, '2026-03-11 06:34:37', NOW(), NOW());
INSERT INTO investment_prices (id, investment_id, price, date, created_at, updated_at) VALUES (802, 27, 312.56, '2026-03-23 06:34:37', NOW(), NOW());
INSERT INTO investment_prices (id, investment_id, price, date, created_at, updated_at) VALUES (803, 27, 300.25, '2026-04-04 06:34:37', NOW(), NOW());
INSERT INTO investment_prices (id, investment_id, price, date, created_at, updated_at) VALUES (804, 27, 304.26, '2026-04-16 06:34:37', NOW(), NOW());
INSERT INTO investment_prices (id, investment_id, price, date, created_at, updated_at) VALUES (805, 27, 294.37, '2026-04-28 06:34:37', NOW(), NOW());
INSERT INTO investment_prices (id, investment_id, price, date, created_at, updated_at) VALUES (806, 27, 305.81, '2026-05-10 06:34:37', NOW(), NOW());
INSERT INTO investment_prices (id, investment_id, price, date, created_at, updated_at) VALUES (807, 27, 317.51, '2026-05-22 06:34:37', NOW(), NOW());
INSERT INTO investment_prices (id, investment_id, price, date, created_at, updated_at) VALUES (808, 27, 319.71, '2026-06-03 06:34:37', NOW(), NOW());
INSERT INTO investment_prices (id, investment_id, price, date, created_at, updated_at) VALUES (809, 27, 309.57, '2026-06-15 06:34:37', NOW(), NOW());
INSERT INTO investment_prices (id, investment_id, price, date, created_at, updated_at) VALUES (810, 27, 324.04, '2026-06-27 06:34:37', NOW(), NOW());
INSERT INTO reminders (id, user_id, title, description, due_date, status, created_at, updated_at) VALUES (53, 9, 'Pagar universidad', 'Recordatorio generado automáticamente', '2026-08-04 09:24:02', 'pending', NOW(), NOW());
INSERT INTO reminders (id, user_id, title, description, due_date, status, created_at, updated_at) VALUES (54, 9, 'Comprar gasolina', 'Recordatorio generado automáticamente', '2026-07-05 07:25:46', 'completed', NOW(), NOW());
INSERT INTO reminders (id, user_id, title, description, due_date, status, created_at, updated_at) VALUES (55, 9, 'Pagar tarjeta', 'Recordatorio generado automáticamente', '2026-08-15 03:18:13', 'completed', NOW(), NOW());
INSERT INTO reminders (id, user_id, title, description, due_date, status, created_at, updated_at) VALUES (56, 9, 'Invertir este mes', 'Recordatorio generado automáticamente', '2026-07-28 01:40:21', 'pending', NOW(), NOW());
INSERT INTO reminders (id, user_id, title, description, due_date, status, created_at, updated_at) VALUES (57, 9, 'Invertir este mes', 'Recordatorio generado automáticamente', '2026-07-09 02:16:24', 'pending', NOW(), NOW());
INSERT INTO receipts (id, user_id, transaction_id, merchant, total_amount, date, image_url, created_at, updated_at) VALUES (185, 9, 478, 'Bitso', 3364.32, '2026-04-13 07:02:02', 'https://example.com/receipt_478.jpg', NOW(), NOW());
INSERT INTO receipts (id, user_id, transaction_id, merchant, total_amount, date, image_url, created_at, updated_at) VALUES (186, 9, 476, 'OXXO', 4347.92, '2025-08-02 01:11:28', 'https://example.com/receipt_476.jpg', NOW(), NOW());
INSERT INTO receipts (id, user_id, transaction_id, merchant, total_amount, date, image_url, created_at, updated_at) VALUES (187, 9, 452, 'Spotify', 2598.30, '2026-06-14 20:21:27', 'https://example.com/receipt_452.jpg', NOW(), NOW());
INSERT INTO receipts (id, user_id, transaction_id, merchant, total_amount, date, image_url, created_at, updated_at) VALUES (188, 9, 451, 'Apple', 4350.27, '2025-08-08 13:36:20', 'https://example.com/receipt_451.jpg', NOW(), NOW());
INSERT INTO receipts (id, user_id, transaction_id, merchant, total_amount, date, image_url, created_at, updated_at) VALUES (189, 9, 452, 'Spotify', 2598.30, '2026-06-14 20:21:27', 'https://example.com/receipt_452.jpg', NOW(), NOW());
INSERT INTO receipts (id, user_id, transaction_id, merchant, total_amount, date, image_url, created_at, updated_at) VALUES (190, 9, 450, 'Apple', 2078.68, '2025-10-19 19:35:43', 'https://example.com/receipt_450.jpg', NOW(), NOW());
INSERT INTO receipts (id, user_id, transaction_id, merchant, total_amount, date, image_url, created_at, updated_at) VALUES (191, 9, 470, 'OXXO', 2419.58, '2026-02-01 12:49:48', 'https://example.com/receipt_470.jpg', NOW(), NOW());
INSERT INTO receipts (id, user_id, transaction_id, merchant, total_amount, date, image_url, created_at, updated_at) VALUES (192, 9, 471, 'Soriana', 204.67, '2025-11-20 08:15:12', 'https://example.com/receipt_471.jpg', NOW(), NOW());
INSERT INTO receipts (id, user_id, transaction_id, merchant, total_amount, date, image_url, created_at, updated_at) VALUES (193, 9, 468, 'Didi', 3845.91, '2026-02-25 08:08:28', 'https://example.com/receipt_468.jpg', NOW(), NOW());
INSERT INTO receipts (id, user_id, transaction_id, merchant, total_amount, date, image_url, created_at, updated_at) VALUES (194, 9, 440, 'OXXO', 69.26, '2026-02-09 23:36:02', 'https://example.com/receipt_440.jpg', NOW(), NOW());
INSERT INTO receipts (id, user_id, transaction_id, merchant, total_amount, date, image_url, created_at, updated_at) VALUES (195, 9, 469, 'Bitso', 1814.87, '2026-03-03 20:31:24', 'https://example.com/receipt_469.jpg', NOW(), NOW());
INSERT INTO receipts (id, user_id, transaction_id, merchant, total_amount, date, image_url, created_at, updated_at) VALUES (196, 9, 459, 'Dividendos GBM', 2765.25, '2025-10-10 21:24:56', 'https://example.com/receipt_459.jpg', NOW(), NOW());
INSERT INTO receipts (id, user_id, transaction_id, merchant, total_amount, date, image_url, created_at, updated_at) VALUES (197, 9, 464, 'Amazon', 4537.46, '2025-11-21 17:19:22', 'https://example.com/receipt_464.jpg', NOW(), NOW());
INSERT INTO receipts (id, user_id, transaction_id, merchant, total_amount, date, image_url, created_at, updated_at) VALUES (198, 9, 447, 'Izzi', 625.36, '2026-04-10 01:16:02', 'https://example.com/receipt_447.jpg', NOW(), NOW());
INSERT INTO receipts (id, user_id, transaction_id, merchant, total_amount, date, image_url, created_at, updated_at) VALUES (199, 9, 473, 'Domino''s', 3573.61, '2026-06-29 12:20:37', 'https://example.com/receipt_473.jpg', NOW(), NOW());
INSERT INTO receipts (id, user_id, transaction_id, merchant, total_amount, date, image_url, created_at, updated_at) VALUES (200, 9, 473, 'Domino''s', 3573.61, '2026-06-29 12:20:37', 'https://example.com/receipt_473.jpg', NOW(), NOW());
INSERT INTO receipts (id, user_id, transaction_id, merchant, total_amount, date, image_url, created_at, updated_at) VALUES (201, 9, 469, 'Bitso', 1814.87, '2026-03-03 20:31:24', 'https://example.com/receipt_469.jpg', NOW(), NOW());
INSERT INTO financial_snapshots (id, user_id, date, net_worth, total_assets, total_liabilities, created_at, updated_at) VALUES (417, 9, '2025-07-02', 30088.06, 36105.67, 6017.61, NOW(), NOW());
INSERT INTO financial_snapshots (id, user_id, date, net_worth, total_assets, total_liabilities, created_at, updated_at) VALUES (418, 9, '2025-07-09', 31384.67, 37661.60, 6276.93, NOW(), NOW());
INSERT INTO financial_snapshots (id, user_id, date, net_worth, total_assets, total_liabilities, created_at, updated_at) VALUES (419, 9, '2025-07-16', 31159.54, 37391.45, 6231.91, NOW(), NOW());
INSERT INTO financial_snapshots (id, user_id, date, net_worth, total_assets, total_liabilities, created_at, updated_at) VALUES (420, 9, '2025-07-23', 32397.95, 38877.54, 6479.59, NOW(), NOW());
INSERT INTO financial_snapshots (id, user_id, date, net_worth, total_assets, total_liabilities, created_at, updated_at) VALUES (421, 9, '2025-07-30', 33203.32, 39843.98, 6640.66, NOW(), NOW());
INSERT INTO financial_snapshots (id, user_id, date, net_worth, total_assets, total_liabilities, created_at, updated_at) VALUES (422, 9, '2025-08-06', 33489.48, 40187.38, 6697.90, NOW(), NOW());
INSERT INTO financial_snapshots (id, user_id, date, net_worth, total_assets, total_liabilities, created_at, updated_at) VALUES (423, 9, '2025-08-13', 33761.85, 40514.22, 6752.37, NOW(), NOW());
INSERT INTO financial_snapshots (id, user_id, date, net_worth, total_assets, total_liabilities, created_at, updated_at) VALUES (424, 9, '2025-08-20', 34439.15, 41326.98, 6887.83, NOW(), NOW());
INSERT INTO financial_snapshots (id, user_id, date, net_worth, total_assets, total_liabilities, created_at, updated_at) VALUES (425, 9, '2025-08-27', 34563.57, 41476.28, 6912.71, NOW(), NOW());
INSERT INTO financial_snapshots (id, user_id, date, net_worth, total_assets, total_liabilities, created_at, updated_at) VALUES (426, 9, '2025-09-03', 36057.23, 43268.68, 7211.45, NOW(), NOW());
INSERT INTO financial_snapshots (id, user_id, date, net_worth, total_assets, total_liabilities, created_at, updated_at) VALUES (427, 9, '2025-09-10', 36769.84, 44123.81, 7353.97, NOW(), NOW());
INSERT INTO financial_snapshots (id, user_id, date, net_worth, total_assets, total_liabilities, created_at, updated_at) VALUES (428, 9, '2025-09-17', 36578.42, 43894.10, 7315.68, NOW(), NOW());
INSERT INTO financial_snapshots (id, user_id, date, net_worth, total_assets, total_liabilities, created_at, updated_at) VALUES (429, 9, '2025-09-24', 37120.64, 44544.77, 7424.13, NOW(), NOW());
INSERT INTO financial_snapshots (id, user_id, date, net_worth, total_assets, total_liabilities, created_at, updated_at) VALUES (430, 9, '2025-10-01', 38203.45, 45844.14, 7640.69, NOW(), NOW());
INSERT INTO financial_snapshots (id, user_id, date, net_worth, total_assets, total_liabilities, created_at, updated_at) VALUES (431, 9, '2025-10-08', 38497.85, 46197.42, 7699.57, NOW(), NOW());
INSERT INTO financial_snapshots (id, user_id, date, net_worth, total_assets, total_liabilities, created_at, updated_at) VALUES (432, 9, '2025-10-15', 39923.53, 47908.24, 7984.71, NOW(), NOW());
INSERT INTO financial_snapshots (id, user_id, date, net_worth, total_assets, total_liabilities, created_at, updated_at) VALUES (433, 9, '2025-10-22', 39804.66, 47765.59, 7960.93, NOW(), NOW());
INSERT INTO financial_snapshots (id, user_id, date, net_worth, total_assets, total_liabilities, created_at, updated_at) VALUES (434, 9, '2025-10-29', 40708.34, 48850.01, 8141.67, NOW(), NOW());
INSERT INTO financial_snapshots (id, user_id, date, net_worth, total_assets, total_liabilities, created_at, updated_at) VALUES (435, 9, '2025-11-05', 41214.33, 49457.20, 8242.87, NOW(), NOW());
INSERT INTO financial_snapshots (id, user_id, date, net_worth, total_assets, total_liabilities, created_at, updated_at) VALUES (436, 9, '2025-11-12', 41743.93, 50092.72, 8348.79, NOW(), NOW());
INSERT INTO financial_snapshots (id, user_id, date, net_worth, total_assets, total_liabilities, created_at, updated_at) VALUES (437, 9, '2025-11-19', 43041.38, 51649.66, 8608.28, NOW(), NOW());
INSERT INTO financial_snapshots (id, user_id, date, net_worth, total_assets, total_liabilities, created_at, updated_at) VALUES (438, 9, '2025-11-26', 44319.67, 53183.60, 8863.93, NOW(), NOW());
INSERT INTO financial_snapshots (id, user_id, date, net_worth, total_assets, total_liabilities, created_at, updated_at) VALUES (439, 9, '2025-12-03', 44573.08, 53487.70, 8914.62, NOW(), NOW());
INSERT INTO financial_snapshots (id, user_id, date, net_worth, total_assets, total_liabilities, created_at, updated_at) VALUES (440, 9, '2025-12-10', 45528.09, 54633.71, 9105.62, NOW(), NOW());
INSERT INTO financial_snapshots (id, user_id, date, net_worth, total_assets, total_liabilities, created_at, updated_at) VALUES (441, 9, '2025-12-17', 46375.82, 55650.98, 9275.16, NOW(), NOW());
INSERT INTO financial_snapshots (id, user_id, date, net_worth, total_assets, total_liabilities, created_at, updated_at) VALUES (442, 9, '2025-12-24', 47018.17, 56421.80, 9403.63, NOW(), NOW());
INSERT INTO financial_snapshots (id, user_id, date, net_worth, total_assets, total_liabilities, created_at, updated_at) VALUES (443, 9, '2025-12-31', 46651.06, 55981.27, 9330.21, NOW(), NOW());
INSERT INTO financial_snapshots (id, user_id, date, net_worth, total_assets, total_liabilities, created_at, updated_at) VALUES (444, 9, '2026-01-07', 46777.82, 56133.38, 9355.56, NOW(), NOW());
INSERT INTO financial_snapshots (id, user_id, date, net_worth, total_assets, total_liabilities, created_at, updated_at) VALUES (445, 9, '2026-01-14', 46386.29, 55663.55, 9277.26, NOW(), NOW());
INSERT INTO financial_snapshots (id, user_id, date, net_worth, total_assets, total_liabilities, created_at, updated_at) VALUES (446, 9, '2026-01-21', 47080.39, 56496.47, 9416.08, NOW(), NOW());
INSERT INTO financial_snapshots (id, user_id, date, net_worth, total_assets, total_liabilities, created_at, updated_at) VALUES (447, 9, '2026-01-28', 47491.12, 56989.34, 9498.22, NOW(), NOW());
INSERT INTO financial_snapshots (id, user_id, date, net_worth, total_assets, total_liabilities, created_at, updated_at) VALUES (448, 9, '2026-02-04', 47879.97, 57455.96, 9575.99, NOW(), NOW());
INSERT INTO financial_snapshots (id, user_id, date, net_worth, total_assets, total_liabilities, created_at, updated_at) VALUES (449, 9, '2026-02-11', 47535.66, 57042.79, 9507.13, NOW(), NOW());
INSERT INTO financial_snapshots (id, user_id, date, net_worth, total_assets, total_liabilities, created_at, updated_at) VALUES (450, 9, '2026-02-18', 48795.56, 58554.67, 9759.11, NOW(), NOW());
INSERT INTO financial_snapshots (id, user_id, date, net_worth, total_assets, total_liabilities, created_at, updated_at) VALUES (451, 9, '2026-02-25', 48975.34, 58770.41, 9795.07, NOW(), NOW());
INSERT INTO financial_snapshots (id, user_id, date, net_worth, total_assets, total_liabilities, created_at, updated_at) VALUES (452, 9, '2026-03-04', 49201.51, 59041.81, 9840.30, NOW(), NOW());
INSERT INTO financial_snapshots (id, user_id, date, net_worth, total_assets, total_liabilities, created_at, updated_at) VALUES (453, 9, '2026-03-11', 50464.66, 60557.59, 10092.93, NOW(), NOW());
INSERT INTO financial_snapshots (id, user_id, date, net_worth, total_assets, total_liabilities, created_at, updated_at) VALUES (454, 9, '2026-03-18', 50736.54, 60883.85, 10147.31, NOW(), NOW());
INSERT INTO financial_snapshots (id, user_id, date, net_worth, total_assets, total_liabilities, created_at, updated_at) VALUES (455, 9, '2026-03-25', 50496.91, 60596.29, 10099.38, NOW(), NOW());
INSERT INTO financial_snapshots (id, user_id, date, net_worth, total_assets, total_liabilities, created_at, updated_at) VALUES (456, 9, '2026-04-01', 50888.46, 61066.15, 10177.69, NOW(), NOW());
INSERT INTO financial_snapshots (id, user_id, date, net_worth, total_assets, total_liabilities, created_at, updated_at) VALUES (457, 9, '2026-04-08', 51766.01, 62119.21, 10353.20, NOW(), NOW());
INSERT INTO financial_snapshots (id, user_id, date, net_worth, total_assets, total_liabilities, created_at, updated_at) VALUES (458, 9, '2026-04-15', 52679.70, 63215.64, 10535.94, NOW(), NOW());
INSERT INTO financial_snapshots (id, user_id, date, net_worth, total_assets, total_liabilities, created_at, updated_at) VALUES (459, 9, '2026-04-22', 53724.77, 64469.72, 10744.95, NOW(), NOW());
INSERT INTO financial_snapshots (id, user_id, date, net_worth, total_assets, total_liabilities, created_at, updated_at) VALUES (460, 9, '2026-04-29', 54057.66, 64869.19, 10811.53, NOW(), NOW());
INSERT INTO financial_snapshots (id, user_id, date, net_worth, total_assets, total_liabilities, created_at, updated_at) VALUES (461, 9, '2026-05-06', 55207.79, 66249.35, 11041.56, NOW(), NOW());
INSERT INTO financial_snapshots (id, user_id, date, net_worth, total_assets, total_liabilities, created_at, updated_at) VALUES (462, 9, '2026-05-13', 56585.46, 67902.55, 11317.09, NOW(), NOW());
INSERT INTO financial_snapshots (id, user_id, date, net_worth, total_assets, total_liabilities, created_at, updated_at) VALUES (463, 9, '2026-05-20', 56491.05, 67789.26, 11298.21, NOW(), NOW());
INSERT INTO financial_snapshots (id, user_id, date, net_worth, total_assets, total_liabilities, created_at, updated_at) VALUES (464, 9, '2026-05-27', 56440.00, 67728.00, 11288.00, NOW(), NOW());
INSERT INTO financial_snapshots (id, user_id, date, net_worth, total_assets, total_liabilities, created_at, updated_at) VALUES (465, 9, '2026-06-03', 56935.42, 68322.50, 11387.08, NOW(), NOW());
INSERT INTO financial_snapshots (id, user_id, date, net_worth, total_assets, total_liabilities, created_at, updated_at) VALUES (466, 9, '2026-06-10', 57631.34, 69157.61, 11526.27, NOW(), NOW());
INSERT INTO financial_snapshots (id, user_id, date, net_worth, total_assets, total_liabilities, created_at, updated_at) VALUES (467, 9, '2026-06-17', 58533.79, 70240.55, 11706.76, NOW(), NOW());
INSERT INTO financial_snapshots (id, user_id, date, net_worth, total_assets, total_liabilities, created_at, updated_at) VALUES (468, 9, '2026-06-24', 59450.13, 71340.16, 11890.03, NOW(), NOW());
INSERT INTO conversations (id, user_id, title, created_at, updated_at) VALUES (35, 9, '¿Cuánto puedo invertir este mes?', NOW(), NOW());
INSERT INTO messages (id, conversation_id, sender, content, created_at, updated_at) VALUES (490, 35, 'user', 'Pregunta sobre ¿Cuánto puedo invertir este mes?', '2026-06-26 06:43:37', NOW());
INSERT INTO messages (id, conversation_id, sender, content, created_at, updated_at) VALUES (491, 35, 'assistant', 'Respuesta del asistente a ¿Cuánto puedo invertir este mes? con análisis detallado.', '2026-06-26 06:45:37', NOW());
INSERT INTO messages (id, conversation_id, sender, content, created_at, updated_at) VALUES (492, 35, 'user', 'Pregunta sobre ¿Cuánto puedo invertir este mes?', '2026-06-26 06:49:37', NOW());
INSERT INTO messages (id, conversation_id, sender, content, created_at, updated_at) VALUES (493, 35, 'assistant', 'Respuesta del asistente a ¿Cuánto puedo invertir este mes? con análisis detallado.', '2026-06-26 06:57:37', NOW());
INSERT INTO messages (id, conversation_id, sender, content, created_at, updated_at) VALUES (494, 35, 'user', 'Pregunta sobre ¿Cuánto puedo invertir este mes?', '2026-06-26 06:58:37', NOW());
INSERT INTO messages (id, conversation_id, sender, content, created_at, updated_at) VALUES (495, 35, 'assistant', 'Respuesta del asistente a ¿Cuánto puedo invertir este mes? con análisis detallado.', '2026-06-26 07:03:37', NOW());
INSERT INTO messages (id, conversation_id, sender, content, created_at, updated_at) VALUES (496, 35, 'user', 'Pregunta sobre ¿Cuánto puedo invertir este mes?', '2026-06-26 07:06:37', NOW());
INSERT INTO messages (id, conversation_id, sender, content, created_at, updated_at) VALUES (497, 35, 'assistant', 'Respuesta del asistente a ¿Cuánto puedo invertir este mes? con análisis detallado.', '2026-06-26 07:14:37', NOW());
INSERT INTO conversations (id, user_id, title, created_at, updated_at) VALUES (36, 9, '¿Cuánto puedo invertir este mes?', NOW(), NOW());
INSERT INTO messages (id, conversation_id, sender, content, created_at, updated_at) VALUES (498, 36, 'user', 'Pregunta sobre ¿Cuánto puedo invertir este mes?', '2026-06-26 06:41:37', NOW());
INSERT INTO messages (id, conversation_id, sender, content, created_at, updated_at) VALUES (499, 36, 'assistant', 'Respuesta del asistente a ¿Cuánto puedo invertir este mes? con análisis detallado.', '2026-06-26 06:50:37', NOW());
INSERT INTO messages (id, conversation_id, sender, content, created_at, updated_at) VALUES (500, 36, 'user', 'Pregunta sobre ¿Cuánto puedo invertir este mes?', '2026-06-26 07:00:37', NOW());
INSERT INTO messages (id, conversation_id, sender, content, created_at, updated_at) VALUES (501, 36, 'assistant', 'Respuesta del asistente a ¿Cuánto puedo invertir este mes? con análisis detallado.', '2026-06-26 07:03:37', NOW());
INSERT INTO messages (id, conversation_id, sender, content, created_at, updated_at) VALUES (502, 36, 'user', 'Pregunta sobre ¿Cuánto puedo invertir este mes?', '2026-06-26 07:09:37', NOW());
INSERT INTO messages (id, conversation_id, sender, content, created_at, updated_at) VALUES (503, 36, 'assistant', 'Respuesta del asistente a ¿Cuánto puedo invertir este mes? con análisis detallado.', '2026-06-26 07:18:37', NOW());
INSERT INTO messages (id, conversation_id, sender, content, created_at, updated_at) VALUES (504, 36, 'user', 'Pregunta sobre ¿Cuánto puedo invertir este mes?', '2026-06-26 07:28:37', NOW());
INSERT INTO messages (id, conversation_id, sender, content, created_at, updated_at) VALUES (505, 36, 'assistant', 'Respuesta del asistente a ¿Cuánto puedo invertir este mes? con análisis detallado.', '2026-06-26 07:34:37', NOW());
INSERT INTO messages (id, conversation_id, sender, content, created_at, updated_at) VALUES (506, 36, 'user', 'Pregunta sobre ¿Cuánto puedo invertir este mes?', '2026-06-26 07:37:37', NOW());
INSERT INTO messages (id, conversation_id, sender, content, created_at, updated_at) VALUES (507, 36, 'assistant', 'Respuesta del asistente a ¿Cuánto puedo invertir este mes? con análisis detallado.', '2026-06-26 07:42:37', NOW());
INSERT INTO messages (id, conversation_id, sender, content, created_at, updated_at) VALUES (508, 36, 'user', 'Pregunta sobre ¿Cuánto puedo invertir este mes?', '2026-06-26 07:43:37', NOW());
INSERT INTO messages (id, conversation_id, sender, content, created_at, updated_at) VALUES (509, 36, 'assistant', 'Respuesta del asistente a ¿Cuánto puedo invertir este mes? con análisis detallado.', '2026-06-26 07:45:37', NOW());
INSERT INTO conversations (id, user_id, title, created_at, updated_at) VALUES (37, 9, '¿Cómo puedo ahorrar?', NOW(), NOW());
INSERT INTO messages (id, conversation_id, sender, content, created_at, updated_at) VALUES (510, 37, 'user', 'Pregunta sobre ¿Cómo puedo ahorrar?', '2026-06-26 06:44:37', NOW());
INSERT INTO messages (id, conversation_id, sender, content, created_at, updated_at) VALUES (511, 37, 'assistant', 'Respuesta del asistente a ¿Cómo puedo ahorrar? con análisis detallado.', '2026-06-26 06:52:37', NOW());
INSERT INTO messages (id, conversation_id, sender, content, created_at, updated_at) VALUES (512, 37, 'user', 'Pregunta sobre ¿Cómo puedo ahorrar?', '2026-06-26 06:56:37', NOW());
INSERT INTO messages (id, conversation_id, sender, content, created_at, updated_at) VALUES (513, 37, 'assistant', 'Respuesta del asistente a ¿Cómo puedo ahorrar? con análisis detallado.', '2026-06-26 07:06:37', NOW());
INSERT INTO messages (id, conversation_id, sender, content, created_at, updated_at) VALUES (514, 37, 'user', 'Pregunta sobre ¿Cómo puedo ahorrar?', '2026-06-26 07:11:37', NOW());
INSERT INTO messages (id, conversation_id, sender, content, created_at, updated_at) VALUES (515, 37, 'assistant', 'Respuesta del asistente a ¿Cómo puedo ahorrar? con análisis detallado.', '2026-06-26 07:19:37', NOW());
INSERT INTO messages (id, conversation_id, sender, content, created_at, updated_at) VALUES (516, 37, 'user', 'Pregunta sobre ¿Cómo puedo ahorrar?', '2026-06-26 07:29:37', NOW());
INSERT INTO messages (id, conversation_id, sender, content, created_at, updated_at) VALUES (517, 37, 'assistant', 'Respuesta del asistente a ¿Cómo puedo ahorrar? con análisis detallado.', '2026-06-26 07:30:37', NOW());
INSERT INTO messages (id, conversation_id, sender, content, created_at, updated_at) VALUES (518, 37, 'user', 'Pregunta sobre ¿Cómo puedo ahorrar?', '2026-06-26 07:31:37', NOW());
INSERT INTO messages (id, conversation_id, sender, content, created_at, updated_at) VALUES (519, 37, 'assistant', 'Respuesta del asistente a ¿Cómo puedo ahorrar? con análisis detallado.', '2026-06-26 07:32:37', NOW());
INSERT INTO messages (id, conversation_id, sender, content, created_at, updated_at) VALUES (520, 37, 'user', 'Pregunta sobre ¿Cómo puedo ahorrar?', '2026-06-26 07:39:37', NOW());
INSERT INTO messages (id, conversation_id, sender, content, created_at, updated_at) VALUES (521, 37, 'assistant', 'Respuesta del asistente a ¿Cómo puedo ahorrar? con análisis detallado.', '2026-06-26 07:40:37', NOW());
INSERT INTO messages (id, conversation_id, sender, content, created_at, updated_at) VALUES (522, 37, 'user', 'Pregunta sobre ¿Cómo puedo ahorrar?', '2026-06-26 07:48:37', NOW());
INSERT INTO conversations (id, user_id, title, created_at, updated_at) VALUES (38, 9, '¿Cuánto puedo invertir este mes?', NOW(), NOW());
INSERT INTO messages (id, conversation_id, sender, content, created_at, updated_at) VALUES (523, 38, 'user', 'Pregunta sobre ¿Cuánto puedo invertir este mes?', '2026-06-26 06:39:37', NOW());
INSERT INTO messages (id, conversation_id, sender, content, created_at, updated_at) VALUES (524, 38, 'assistant', 'Respuesta del asistente a ¿Cuánto puedo invertir este mes? con análisis detallado.', '2026-06-26 06:43:37', NOW());
INSERT INTO messages (id, conversation_id, sender, content, created_at, updated_at) VALUES (525, 38, 'user', 'Pregunta sobre ¿Cuánto puedo invertir este mes?', '2026-06-26 06:46:37', NOW());
INSERT INTO messages (id, conversation_id, sender, content, created_at, updated_at) VALUES (526, 38, 'assistant', 'Respuesta del asistente a ¿Cuánto puedo invertir este mes? con análisis detallado.', '2026-06-26 06:56:37', NOW());
INSERT INTO messages (id, conversation_id, sender, content, created_at, updated_at) VALUES (527, 38, 'user', 'Pregunta sobre ¿Cuánto puedo invertir este mes?', '2026-06-26 07:02:37', NOW());
INSERT INTO messages (id, conversation_id, sender, content, created_at, updated_at) VALUES (528, 38, 'assistant', 'Respuesta del asistente a ¿Cuánto puedo invertir este mes? con análisis detallado.', '2026-06-26 07:09:37', NOW());
INSERT INTO messages (id, conversation_id, sender, content, created_at, updated_at) VALUES (529, 38, 'user', 'Pregunta sobre ¿Cuánto puedo invertir este mes?', '2026-06-26 07:14:37', NOW());
INSERT INTO messages (id, conversation_id, sender, content, created_at, updated_at) VALUES (530, 38, 'assistant', 'Respuesta del asistente a ¿Cuánto puedo invertir este mes? con análisis detallado.', '2026-06-26 07:19:37', NOW());
INSERT INTO messages (id, conversation_id, sender, content, created_at, updated_at) VALUES (531, 38, 'user', 'Pregunta sobre ¿Cuánto puedo invertir este mes?', '2026-06-26 07:23:37', NOW());
INSERT INTO messages (id, conversation_id, sender, content, created_at, updated_at) VALUES (532, 38, 'assistant', 'Respuesta del asistente a ¿Cuánto puedo invertir este mes? con análisis detallado.', '2026-06-26 07:30:37', NOW());
INSERT INTO messages (id, conversation_id, sender, content, created_at, updated_at) VALUES (533, 38, 'user', 'Pregunta sobre ¿Cuánto puedo invertir este mes?', '2026-06-26 07:33:37', NOW());
INSERT INTO conversations (id, user_id, title, created_at, updated_at) VALUES (39, 9, '¿Cómo puedo ahorrar?', NOW(), NOW());
INSERT INTO messages (id, conversation_id, sender, content, created_at, updated_at) VALUES (534, 39, 'user', 'Pregunta sobre ¿Cómo puedo ahorrar?', '2026-06-26 06:40:37', NOW());
INSERT INTO messages (id, conversation_id, sender, content, created_at, updated_at) VALUES (535, 39, 'assistant', 'Respuesta del asistente a ¿Cómo puedo ahorrar? con análisis detallado.', '2026-06-26 06:42:37', NOW());
INSERT INTO messages (id, conversation_id, sender, content, created_at, updated_at) VALUES (536, 39, 'user', 'Pregunta sobre ¿Cómo puedo ahorrar?', '2026-06-26 06:49:37', NOW());
INSERT INTO messages (id, conversation_id, sender, content, created_at, updated_at) VALUES (537, 39, 'assistant', 'Respuesta del asistente a ¿Cómo puedo ahorrar? con análisis detallado.', '2026-06-26 06:56:37', NOW());
INSERT INTO messages (id, conversation_id, sender, content, created_at, updated_at) VALUES (538, 39, 'user', 'Pregunta sobre ¿Cómo puedo ahorrar?', '2026-06-26 07:05:37', NOW());
INSERT INTO messages (id, conversation_id, sender, content, created_at, updated_at) VALUES (539, 39, 'assistant', 'Respuesta del asistente a ¿Cómo puedo ahorrar? con análisis detallado.', '2026-06-26 07:10:37', NOW());
INSERT INTO messages (id, conversation_id, sender, content, created_at, updated_at) VALUES (540, 39, 'user', 'Pregunta sobre ¿Cómo puedo ahorrar?', '2026-06-26 07:11:37', NOW());
INSERT INTO messages (id, conversation_id, sender, content, created_at, updated_at) VALUES (541, 39, 'assistant', 'Respuesta del asistente a ¿Cómo puedo ahorrar? con análisis detallado.', '2026-06-26 07:14:37', NOW());
INSERT INTO messages (id, conversation_id, sender, content, created_at, updated_at) VALUES (542, 39, 'user', 'Pregunta sobre ¿Cómo puedo ahorrar?', '2026-06-26 07:18:37', NOW());
INSERT INTO messages (id, conversation_id, sender, content, created_at, updated_at) VALUES (543, 39, 'assistant', 'Respuesta del asistente a ¿Cómo puedo ahorrar? con análisis detallado.', '2026-06-26 07:25:37', NOW());
INSERT INTO messages (id, conversation_id, sender, content, created_at, updated_at) VALUES (544, 39, 'user', 'Pregunta sobre ¿Cómo puedo ahorrar?', '2026-06-26 07:28:37', NOW());
INSERT INTO messages (id, conversation_id, sender, content, created_at, updated_at) VALUES (545, 39, 'assistant', 'Respuesta del asistente a ¿Cómo puedo ahorrar? con análisis detallado.', '2026-06-26 07:35:37', NOW());
INSERT INTO messages (id, conversation_id, sender, content, created_at, updated_at) VALUES (546, 39, 'user', 'Pregunta sobre ¿Cómo puedo ahorrar?', '2026-06-26 07:38:37', NOW());
INSERT INTO messages (id, conversation_id, sender, content, created_at, updated_at) VALUES (547, 39, 'assistant', 'Respuesta del asistente a ¿Cómo puedo ahorrar? con análisis detallado.', '2026-06-26 07:39:37', NOW());
INSERT INTO messages (id, conversation_id, sender, content, created_at, updated_at) VALUES (548, 39, 'user', 'Pregunta sobre ¿Cómo puedo ahorrar?', '2026-06-26 07:44:37', NOW());
INSERT INTO messages (id, conversation_id, sender, content, created_at, updated_at) VALUES (549, 39, 'assistant', 'Respuesta del asistente a ¿Cómo puedo ahorrar? con análisis detallado.', '2026-06-26 07:54:37', NOW());
INSERT INTO messages (id, conversation_id, sender, content, created_at, updated_at) VALUES (550, 39, 'user', 'Pregunta sobre ¿Cómo puedo ahorrar?', '2026-06-26 08:03:37', NOW());
INSERT INTO messages (id, conversation_id, sender, content, created_at, updated_at) VALUES (551, 39, 'assistant', 'Respuesta del asistente a ¿Cómo puedo ahorrar? con análisis detallado.', '2026-06-26 08:09:37', NOW());
INSERT INTO messages (id, conversation_id, sender, content, created_at, updated_at) VALUES (552, 39, 'user', 'Pregunta sobre ¿Cómo puedo ahorrar?', '2026-06-26 08:19:37', NOW());
INSERT INTO messages (id, conversation_id, sender, content, created_at, updated_at) VALUES (553, 39, 'assistant', 'Respuesta del asistente a ¿Cómo puedo ahorrar? con análisis detallado.', '2026-06-26 08:26:37', NOW());
INSERT INTO conversations (id, user_id, title, created_at, updated_at) VALUES (40, 9, '¿En qué gasto más?', NOW(), NOW());
INSERT INTO messages (id, conversation_id, sender, content, created_at, updated_at) VALUES (554, 40, 'user', 'Pregunta sobre ¿En qué gasto más?', '2026-06-26 06:41:37', NOW());
INSERT INTO messages (id, conversation_id, sender, content, created_at, updated_at) VALUES (555, 40, 'assistant', 'Respuesta del asistente a ¿En qué gasto más? con análisis detallado.', '2026-06-26 06:42:37', NOW());
INSERT INTO messages (id, conversation_id, sender, content, created_at, updated_at) VALUES (556, 40, 'user', 'Pregunta sobre ¿En qué gasto más?', '2026-06-26 06:43:37', NOW());
INSERT INTO messages (id, conversation_id, sender, content, created_at, updated_at) VALUES (557, 40, 'assistant', 'Respuesta del asistente a ¿En qué gasto más? con análisis detallado.', '2026-06-26 06:48:37', NOW());
INSERT INTO messages (id, conversation_id, sender, content, created_at, updated_at) VALUES (558, 40, 'user', 'Pregunta sobre ¿En qué gasto más?', '2026-06-26 06:54:37', NOW());
INSERT INTO messages (id, conversation_id, sender, content, created_at, updated_at) VALUES (559, 40, 'assistant', 'Respuesta del asistente a ¿En qué gasto más? con análisis detallado.', '2026-06-26 06:56:37', NOW());
INSERT INTO messages (id, conversation_id, sender, content, created_at, updated_at) VALUES (560, 40, 'user', 'Pregunta sobre ¿En qué gasto más?', '2026-06-26 07:06:37', NOW());
INSERT INTO messages (id, conversation_id, sender, content, created_at, updated_at) VALUES (561, 40, 'assistant', 'Respuesta del asistente a ¿En qué gasto más? con análisis detallado.', '2026-06-26 07:09:37', NOW());
INSERT INTO messages (id, conversation_id, sender, content, created_at, updated_at) VALUES (562, 40, 'user', 'Pregunta sobre ¿En qué gasto más?', '2026-06-26 07:11:37', NOW());
INSERT INTO messages (id, conversation_id, sender, content, created_at, updated_at) VALUES (563, 40, 'assistant', 'Respuesta del asistente a ¿En qué gasto más? con análisis detallado.', '2026-06-26 07:19:37', NOW());
INSERT INTO messages (id, conversation_id, sender, content, created_at, updated_at) VALUES (564, 40, 'user', 'Pregunta sobre ¿En qué gasto más?', '2026-06-26 07:23:37', NOW());
INSERT INTO messages (id, conversation_id, sender, content, created_at, updated_at) VALUES (565, 40, 'assistant', 'Respuesta del asistente a ¿En qué gasto más? con análisis detallado.', '2026-06-26 07:27:37', NOW());
INSERT INTO users (id, name, last_name, email, password, created_at, updated_at) VALUES (10, 'Diego', 'Torres', 'diego.torres10@example.com', 'password', NOW(), NOW());
INSERT INTO settings (user_id, currency, language, theme, monthly_income, payday, ai_enabled, created_at, updated_at) VALUES (10, 'USD', 'en', 'dark', 40103.80, 3, true, NOW(), NOW());
INSERT INTO accounts (id, user_id, name, balance, color, icon, type, currency, created_at, updated_at) VALUES (43, 10, 'GBM', 49046.29, '#d717d8', 'icon-cash', 'cash', 'MXN', NOW(), NOW());
INSERT INTO accounts (id, user_id, name, balance, color, icon, type, currency, created_at, updated_at) VALUES (44, 10, 'Binance', 22295.24, '#ab01ab', 'icon-investment', 'investment', 'MXN', NOW(), NOW());
INSERT INTO accounts (id, user_id, name, balance, color, icon, type, currency, created_at, updated_at) VALUES (45, 10, 'Santander', 32607.90, '#970436', 'icon-credit', 'credit', 'MXN', NOW(), NOW());
INSERT INTO accounts (id, user_id, name, balance, color, icon, type, currency, created_at, updated_at) VALUES (46, 10, 'Mercado Pago', 16711.83, '#d82830', 'icon-credit', 'credit', 'MXN', NOW(), NOW());
INSERT INTO accounts (id, user_id, name, balance, color, icon, type, currency, created_at, updated_at) VALUES (47, 10, 'Banorte', 15573.90, '#c10d9', 'icon-wallet', 'wallet', 'MXN', NOW(), NOW());
INSERT INTO funds (id, user_id, name, balance, color, icon, created_at, updated_at) VALUES (55, 10, 'Gastos necesarios', 13137.33, '#1e6a23', 'icon-fund', NOW(), NOW());
INSERT INTO fund_allocations (id, fund_id, category_id, created_at, updated_at) VALUES (229, 55, 5, NOW(), NOW());
INSERT INTO fund_allocations (id, fund_id, category_id, created_at, updated_at) VALUES (230, 55, 18, NOW(), NOW());
INSERT INTO fund_allocations (id, fund_id, category_id, created_at, updated_at) VALUES (231, 55, 17, NOW(), NOW());
INSERT INTO funds (id, user_id, name, balance, color, icon, created_at, updated_at) VALUES (56, 10, 'Gastos personales', 1457.35, '#9e866', 'icon-fund', NOW(), NOW());
INSERT INTO fund_allocations (id, fund_id, category_id, created_at, updated_at) VALUES (232, 56, 9, NOW(), NOW());
INSERT INTO fund_allocations (id, fund_id, category_id, created_at, updated_at) VALUES (233, 56, 20, NOW(), NOW());
INSERT INTO fund_allocations (id, fund_id, category_id, created_at, updated_at) VALUES (234, 56, 12, NOW(), NOW());
INSERT INTO fund_allocations (id, fund_id, category_id, created_at, updated_at) VALUES (235, 56, 24, NOW(), NOW());
INSERT INTO fund_allocations (id, fund_id, category_id, created_at, updated_at) VALUES (236, 56, 11, NOW(), NOW());
INSERT INTO fund_allocations (id, fund_id, category_id, created_at, updated_at) VALUES (237, 56, 29, NOW(), NOW());
INSERT INTO funds (id, user_id, name, balance, color, icon, created_at, updated_at) VALUES (57, 10, 'Ahorro', 18965.08, '#4c533c', 'icon-fund', NOW(), NOW());
INSERT INTO fund_allocations (id, fund_id, category_id, created_at, updated_at) VALUES (238, 57, 9, NOW(), NOW());
INSERT INTO fund_allocations (id, fund_id, category_id, created_at, updated_at) VALUES (239, 57, 30, NOW(), NOW());
INSERT INTO fund_allocations (id, fund_id, category_id, created_at, updated_at) VALUES (240, 57, 14, NOW(), NOW());
INSERT INTO fund_allocations (id, fund_id, category_id, created_at, updated_at) VALUES (241, 57, 2, NOW(), NOW());
INSERT INTO fund_allocations (id, fund_id, category_id, created_at, updated_at) VALUES (242, 57, 3, NOW(), NOW());
INSERT INTO funds (id, user_id, name, balance, color, icon, created_at, updated_at) VALUES (58, 10, 'Inversión', 1492.40, '#2cf493', 'icon-fund', NOW(), NOW());
INSERT INTO fund_allocations (id, fund_id, category_id, created_at, updated_at) VALUES (243, 58, 14, NOW(), NOW());
INSERT INTO fund_allocations (id, fund_id, category_id, created_at, updated_at) VALUES (244, 58, 8, NOW(), NOW());
INSERT INTO funds (id, user_id, name, balance, color, icon, created_at, updated_at) VALUES (59, 10, 'Fondo de emergencia', 4998.77, '#b76346', 'icon-fund', NOW(), NOW());
INSERT INTO fund_allocations (id, fund_id, category_id, created_at, updated_at) VALUES (245, 59, 27, NOW(), NOW());
INSERT INTO fund_allocations (id, fund_id, category_id, created_at, updated_at) VALUES (246, 59, 25, NOW(), NOW());
INSERT INTO fund_allocations (id, fund_id, category_id, created_at, updated_at) VALUES (247, 59, 10, NOW(), NOW());
INSERT INTO fund_allocations (id, fund_id, category_id, created_at, updated_at) VALUES (248, 59, 11, NOW(), NOW());
INSERT INTO funds (id, user_id, name, balance, color, icon, created_at, updated_at) VALUES (60, 10, 'Vacaciones', 17163.94, '#ed5390', 'icon-fund', NOW(), NOW());
INSERT INTO fund_allocations (id, fund_id, category_id, created_at, updated_at) VALUES (249, 60, 6, NOW(), NOW());
INSERT INTO fund_allocations (id, fund_id, category_id, created_at, updated_at) VALUES (250, 60, 3, NOW(), NOW());
INSERT INTO transactions (id, user_id, account_id, category_id, type, amount, description, notes, date, created_at, updated_at) VALUES (485, 10, 47, 16, 'expense', 2214.01, 'Spotify', 'Nota de prueba', '2025-12-21 03:05:54', NOW(), NOW());
INSERT INTO transactions (id, user_id, account_id, category_id, type, amount, description, notes, date, created_at, updated_at) VALUES (486, 10, 47, 17, 'expense', 1143.58, 'Mercado Libre', 'Nota de prueba', '2026-06-30 01:07:23', NOW(), NOW());
INSERT INTO transactions (id, user_id, account_id, category_id, type, amount, description, notes, date, created_at, updated_at) VALUES (487, 10, 43, 26, 'expense', 3069.83, 'Spotify', 'Nota de prueba', '2025-10-31 22:45:48', NOW(), NOW());
INSERT INTO transactions (id, user_id, account_id, category_id, type, amount, description, notes, date, created_at, updated_at) VALUES (488, 10, 45, 17, 'expense', 1419.63, 'Gasolinera Pemex', 'Nota de prueba', '2025-08-21 11:23:11', NOW(), NOW());
INSERT INTO transactions (id, user_id, account_id, category_id, type, amount, description, notes, date, created_at, updated_at) VALUES (489, 10, 44, 6, 'expense', 548.80, 'Mercado Libre', 'Nota de prueba', '2025-10-21 17:35:23', NOW(), NOW());
INSERT INTO transactions (id, user_id, account_id, category_id, type, amount, description, notes, date, created_at, updated_at) VALUES (490, 10, 47, 28, 'investment', 527.11, 'Interactive Brokers', 'Nota de prueba', '2026-01-27 18:29:08', NOW(), NOW());
INSERT INTO transactions (id, user_id, account_id, category_id, type, amount, description, notes, date, created_at, updated_at) VALUES (491, 10, 47, 10, 'expense', 4691.89, 'McDonald''s', 'Nota de prueba', '2025-10-23 02:43:23', NOW(), NOW());
INSERT INTO transactions (id, user_id, account_id, category_id, type, amount, description, notes, date, created_at, updated_at) VALUES (492, 10, 46, 1, 'income', 791.00, 'Fiverr', 'Nota de prueba', '2025-10-29 22:24:22', NOW(), NOW());
INSERT INTO transactions (id, user_id, account_id, category_id, type, amount, description, notes, date, created_at, updated_at) VALUES (493, 10, 46, 13, 'expense', 4534.62, 'Didi', 'Nota de prueba', '2025-11-17 16:06:00', NOW(), NOW());
INSERT INTO transactions (id, user_id, account_id, category_id, type, amount, description, notes, date, created_at, updated_at) VALUES (494, 10, 44, 2, 'income', 2850.91, 'SAT Reembolso', 'Nota de prueba', '2025-08-30 21:30:13', NOW(), NOW());
INSERT INTO transactions (id, user_id, account_id, category_id, type, amount, description, notes, date, created_at, updated_at) VALUES (495, 10, 43, 4, 'income', 1475.32, 'Empresa S.A. de C.V.', 'Nota de prueba', '2025-08-02 09:58:23', NOW(), NOW());
INSERT INTO transactions (id, user_id, account_id, category_id, type, amount, description, notes, date, created_at, updated_at) VALUES (496, 10, 45, 23, 'expense', 3251.25, 'Didi', 'Nota de prueba', '2025-10-14 05:17:23', NOW(), NOW());
INSERT INTO transactions (id, user_id, account_id, category_id, type, amount, description, notes, date, created_at, updated_at) VALUES (497, 10, 47, 26, 'expense', 4162.33, 'Gasolinera Pemex', 'Nota de prueba', '2026-06-02 10:47:44', NOW(), NOW());
INSERT INTO transactions (id, user_id, account_id, category_id, type, amount, description, notes, date, created_at, updated_at) VALUES (498, 10, 43, 14, 'expense', 4324.25, 'Cinépolis', 'Nota de prueba', '2025-08-12 18:51:02', NOW(), NOW());
INSERT INTO transactions (id, user_id, account_id, category_id, type, amount, description, notes, date, created_at, updated_at) VALUES (499, 10, 47, 21, 'expense', 884.00, 'Uber', 'Nota de prueba', '2025-12-18 16:05:53', NOW(), NOW());
INSERT INTO transactions (id, user_id, account_id, category_id, type, amount, description, notes, date, created_at, updated_at) VALUES (500, 10, 46, 13, 'expense', 3133.91, 'Soriana', 'Nota de prueba', '2026-01-27 15:57:38', NOW(), NOW());
INSERT INTO transactions (id, user_id, account_id, category_id, type, amount, description, notes, date, created_at, updated_at) VALUES (501, 10, 45, 28, 'investment', 2680.83, 'Interactive Brokers', 'Nota de prueba', '2026-05-20 11:47:25', NOW(), NOW());
INSERT INTO transactions (id, user_id, account_id, category_id, type, amount, description, notes, date, created_at, updated_at) VALUES (502, 10, 47, 20, 'expense', 1443.24, 'Telcel', 'Nota de prueba', '2026-03-28 16:11:47', NOW(), NOW());
INSERT INTO transactions (id, user_id, account_id, category_id, type, amount, description, notes, date, created_at, updated_at) VALUES (503, 10, 45, 4, 'income', 4327.56, 'SAT Reembolso', 'Nota de prueba', '2025-12-05 15:44:02', NOW(), NOW());
INSERT INTO transactions (id, user_id, account_id, category_id, type, amount, description, notes, date, created_at, updated_at) VALUES (504, 10, 43, 4, 'income', 3544.52, 'Dividendos GBM', 'Nota de prueba', '2025-08-04 05:44:45', NOW(), NOW());
INSERT INTO transactions (id, user_id, account_id, category_id, type, amount, description, notes, date, created_at, updated_at) VALUES (505, 10, 47, 1, 'income', 3805.14, 'Empresa S.A. de C.V.', 'Nota de prueba', '2025-10-15 14:11:42', NOW(), NOW());
INSERT INTO transactions (id, user_id, account_id, category_id, type, amount, description, notes, date, created_at, updated_at) VALUES (506, 10, 43, 16, 'expense', 2930.25, 'Gasolinera Pemex', 'Nota de prueba', '2025-08-19 05:51:06', NOW(), NOW());
INSERT INTO transactions (id, user_id, account_id, category_id, type, amount, description, notes, date, created_at, updated_at) VALUES (507, 10, 46, 23, 'expense', 3923.22, 'Starbucks', 'Nota de prueba', '2026-05-27 05:59:17', NOW(), NOW());
INSERT INTO transactions (id, user_id, account_id, category_id, type, amount, description, notes, date, created_at, updated_at) VALUES (508, 10, 46, 17, 'expense', 4479.57, 'Costco', 'Nota de prueba', '2026-03-09 18:14:16', NOW(), NOW());
INSERT INTO transactions (id, user_id, account_id, category_id, type, amount, description, notes, date, created_at, updated_at) VALUES (509, 10, 44, 23, 'expense', 1315.05, 'Cinépolis', 'Nota de prueba', '2026-04-22 03:48:22', NOW(), NOW());
INSERT INTO transactions (id, user_id, account_id, category_id, type, amount, description, notes, date, created_at, updated_at) VALUES (510, 10, 44, 23, 'expense', 3581.98, 'CFE', 'Nota de prueba', '2026-04-13 09:15:57', NOW(), NOW());
INSERT INTO transactions (id, user_id, account_id, category_id, type, amount, description, notes, date, created_at, updated_at) VALUES (511, 10, 44, 24, 'expense', 3641.83, 'Spotify', 'Nota de prueba', '2025-12-15 09:21:25', NOW(), NOW());
INSERT INTO transactions (id, user_id, account_id, category_id, type, amount, description, notes, date, created_at, updated_at) VALUES (512, 10, 46, 25, 'expense', 3745.59, 'Costco', 'Nota de prueba', '2025-09-17 11:51:08', NOW(), NOW());
INSERT INTO transactions (id, user_id, account_id, category_id, type, amount, description, notes, date, created_at, updated_at) VALUES (513, 10, 46, 19, 'expense', 288.77, 'Apple', 'Nota de prueba', '2025-08-11 13:57:21', NOW(), NOW());
INSERT INTO transactions (id, user_id, account_id, category_id, type, amount, description, notes, date, created_at, updated_at) VALUES (514, 10, 47, 24, 'expense', 2548.23, 'Izzi', 'Nota de prueba', '2026-02-12 13:15:38', NOW(), NOW());
INSERT INTO transactions (id, user_id, account_id, category_id, type, amount, description, notes, date, created_at, updated_at) VALUES (515, 10, 43, 29, 'investment', 989.85, 'Bitso', 'Nota de prueba', '2026-01-09 20:12:35', NOW(), NOW());
INSERT INTO transactions (id, user_id, account_id, category_id, type, amount, description, notes, date, created_at, updated_at) VALUES (516, 10, 46, 5, 'income', 4797.58, 'Dividendos GBM', 'Nota de prueba', '2026-04-17 18:28:44', NOW(), NOW());
INSERT INTO transactions (id, user_id, account_id, category_id, type, amount, description, notes, date, created_at, updated_at) VALUES (517, 10, 46, 15, 'expense', 4921.66, 'Telcel', 'Nota de prueba', '2025-11-17 14:25:35', NOW(), NOW());
INSERT INTO transactions (id, user_id, account_id, category_id, type, amount, description, notes, date, created_at, updated_at) VALUES (518, 10, 47, 5, 'income', 4865.39, 'SAT Reembolso', 'Nota de prueba', '2026-04-07 19:00:05', NOW(), NOW());
INSERT INTO transactions (id, user_id, account_id, category_id, type, amount, description, notes, date, created_at, updated_at) VALUES (519, 10, 43, 28, 'investment', 3836.34, 'Bitso', 'Nota de prueba', '2025-10-02 07:37:29', NOW(), NOW());
INSERT INTO transactions (id, user_id, account_id, category_id, type, amount, description, notes, date, created_at, updated_at) VALUES (520, 10, 43, 20, 'expense', 834.26, 'Apple', 'Nota de prueba', '2025-07-05 09:36:37', NOW(), NOW());
INSERT INTO transactions (id, user_id, account_id, category_id, type, amount, description, notes, date, created_at, updated_at) VALUES (521, 10, 45, 24, 'expense', 2877.93, 'Apple', 'Nota de prueba', '2025-10-14 13:33:28', NOW(), NOW());
INSERT INTO transactions (id, user_id, account_id, category_id, type, amount, description, notes, date, created_at, updated_at) VALUES (522, 10, 45, 14, 'expense', 1497.07, 'Soriana', 'Nota de prueba', '2025-10-10 11:55:35', NOW(), NOW());
INSERT INTO transactions (id, user_id, account_id, category_id, type, amount, description, notes, date, created_at, updated_at) VALUES (523, 10, 45, 25, 'expense', 1328.91, 'Steam', 'Nota de prueba', '2025-12-08 02:44:23', NOW(), NOW());
INSERT INTO transactions (id, user_id, account_id, category_id, type, amount, description, notes, date, created_at, updated_at) VALUES (524, 10, 43, 12, 'expense', 3236.08, 'Apple', 'Nota de prueba', '2026-05-07 03:00:44', NOW(), NOW());
INSERT INTO transactions (id, user_id, account_id, category_id, type, amount, description, notes, date, created_at, updated_at) VALUES (525, 10, 44, 11, 'expense', 1699.03, 'Liverpool', 'Nota de prueba', '2026-01-27 20:15:27', NOW(), NOW());
INSERT INTO transactions (id, user_id, account_id, category_id, type, amount, description, notes, date, created_at, updated_at) VALUES (526, 10, 43, 14, 'expense', 4965.48, 'Izzi', 'Nota de prueba', '2025-12-29 15:14:17', NOW(), NOW());
INSERT INTO transactions (id, user_id, account_id, category_id, type, amount, description, notes, date, created_at, updated_at) VALUES (527, 10, 43, 8, 'expense', 157.16, 'Steam', 'Nota de prueba', '2026-01-29 08:36:12', NOW(), NOW());
INSERT INTO transactions (id, user_id, account_id, category_id, type, amount, description, notes, date, created_at, updated_at) VALUES (528, 10, 46, 17, 'expense', 3866.87, 'CFE', 'Nota de prueba', '2025-07-22 09:14:41', NOW(), NOW());
INSERT INTO transactions (id, user_id, account_id, category_id, type, amount, description, notes, date, created_at, updated_at) VALUES (529, 10, 44, 16, 'expense', 4114.62, 'Costco', 'Nota de prueba', '2026-06-02 16:10:43', NOW(), NOW());
INSERT INTO transactions (id, user_id, account_id, category_id, type, amount, description, notes, date, created_at, updated_at) VALUES (530, 10, 43, 13, 'expense', 2448.16, 'CFE', 'Nota de prueba', '2025-10-29 09:52:20', NOW(), NOW());
INSERT INTO transactions (id, user_id, account_id, category_id, type, amount, description, notes, date, created_at, updated_at) VALUES (531, 10, 44, 1, 'income', 1471.19, 'Dividendos GBM', 'Nota de prueba', '2025-09-14 21:18:32', NOW(), NOW());
INSERT INTO transactions (id, user_id, account_id, category_id, type, amount, description, notes, date, created_at, updated_at) VALUES (532, 10, 46, 1, 'income', 4932.06, 'Empresa S.A. de C.V.', 'Nota de prueba', '2025-09-18 07:55:14', NOW(), NOW());
INSERT INTO transactions (id, user_id, account_id, category_id, type, amount, description, notes, date, created_at, updated_at) VALUES (533, 10, 46, 25, 'expense', 2903.81, 'Liverpool', 'Nota de prueba', '2026-03-02 19:24:13', NOW(), NOW());
INSERT INTO transactions (id, user_id, account_id, category_id, type, amount, description, notes, date, created_at, updated_at) VALUES (534, 10, 44, 30, 'investment', 1691.84, 'Bitso', 'Nota de prueba', '2026-05-16 21:57:20', NOW(), NOW());
INSERT INTO transactions (id, user_id, account_id, category_id, type, amount, description, notes, date, created_at, updated_at) VALUES (535, 10, 43, 8, 'expense', 3146.13, 'Izzi', 'Nota de prueba', '2026-05-28 02:45:29', NOW(), NOW());
INSERT INTO transactions (id, user_id, account_id, category_id, type, amount, description, notes, date, created_at, updated_at) VALUES (536, 10, 45, 17, 'expense', 1722.48, 'OXXO', 'Nota de prueba', '2026-03-21 02:29:57', NOW(), NOW());
INSERT INTO transactions (id, user_id, account_id, category_id, type, amount, description, notes, date, created_at, updated_at) VALUES (537, 10, 46, 1, 'income', 1699.35, 'Fiverr', 'Nota de prueba', '2025-10-20 13:05:15', NOW(), NOW());
INSERT INTO transactions (id, user_id, account_id, category_id, type, amount, description, notes, date, created_at, updated_at) VALUES (538, 10, 47, 9, 'expense', 4637.49, 'McDonald''s', 'Nota de prueba', '2025-09-03 12:58:13', NOW(), NOW());
INSERT INTO transactions (id, user_id, account_id, category_id, type, amount, description, notes, date, created_at, updated_at) VALUES (539, 10, 45, 15, 'expense', 228.78, 'CFE', 'Nota de prueba', '2025-12-02 00:30:11', NOW(), NOW());
INSERT INTO transactions (id, user_id, account_id, category_id, type, amount, description, notes, date, created_at, updated_at) VALUES (540, 10, 47, 12, 'expense', 2418.92, 'Mercado Libre', 'Nota de prueba', '2026-05-22 06:02:52', NOW(), NOW());
INSERT INTO transactions (id, user_id, account_id, category_id, type, amount, description, notes, date, created_at, updated_at) VALUES (541, 10, 45, 7, 'expense', 3716.82, 'Uber', 'Nota de prueba', '2025-10-22 22:52:14', NOW(), NOW());
INSERT INTO transactions (id, user_id, account_id, category_id, type, amount, description, notes, date, created_at, updated_at) VALUES (542, 10, 45, 20, 'expense', 3038.87, 'Apple', 'Nota de prueba', '2025-08-28 05:29:46', NOW(), NOW());
INSERT INTO transactions (id, user_id, account_id, category_id, type, amount, description, notes, date, created_at, updated_at) VALUES (543, 10, 44, 7, 'expense', 1250.02, 'Didi', 'Nota de prueba', '2025-11-15 15:15:17', NOW(), NOW());
INSERT INTO transactions (id, user_id, account_id, category_id, type, amount, description, notes, date, created_at, updated_at) VALUES (544, 10, 45, 29, 'investment', 2566.61, 'Interactive Brokers', 'Nota de prueba', '2025-12-19 21:35:11', NOW(), NOW());
INSERT INTO transactions (id, user_id, account_id, category_id, type, amount, description, notes, date, created_at, updated_at) VALUES (545, 10, 47, 2, 'income', 4597.16, 'Dividendos GBM', 'Nota de prueba', '2025-12-04 04:32:02', NOW(), NOW());
INSERT INTO transactions (id, user_id, account_id, category_id, type, amount, description, notes, date, created_at, updated_at) VALUES (546, 10, 46, 14, 'expense', 996.36, 'McDonald''s', 'Nota de prueba', '2026-03-15 05:53:27', NOW(), NOW());
INSERT INTO transactions (id, user_id, account_id, category_id, type, amount, description, notes, date, created_at, updated_at) VALUES (547, 10, 45, 30, 'investment', 4795.03, 'Interactive Brokers', 'Nota de prueba', '2026-01-13 04:34:53', NOW(), NOW());
INSERT INTO transactions (id, user_id, account_id, category_id, type, amount, description, notes, date, created_at, updated_at) VALUES (548, 10, 43, 27, 'expense', 3185.23, 'CFE', 'Nota de prueba', '2025-07-12 20:09:36', NOW(), NOW());
INSERT INTO transactions (id, user_id, account_id, category_id, type, amount, description, notes, date, created_at, updated_at) VALUES (549, 10, 45, 18, 'expense', 1897.70, 'Cinépolis', 'Nota de prueba', '2026-06-02 10:51:27', NOW(), NOW());
INSERT INTO transactions (id, user_id, account_id, category_id, type, amount, description, notes, date, created_at, updated_at) VALUES (550, 10, 47, 6, 'expense', 4622.77, 'Domino''s', 'Nota de prueba', '2026-05-10 13:47:11', NOW(), NOW());
INSERT INTO transactions (id, user_id, account_id, category_id, type, amount, description, notes, date, created_at, updated_at) VALUES (551, 10, 43, 24, 'expense', 3355.39, 'Netflix', 'Nota de prueba', '2025-08-01 23:09:09', NOW(), NOW());
INSERT INTO transactions (id, user_id, account_id, category_id, type, amount, description, notes, date, created_at, updated_at) VALUES (552, 10, 47, 23, 'expense', 2853.37, 'CFE', 'Nota de prueba', '2025-09-10 09:27:45', NOW(), NOW());
INSERT INTO budgets (id, user_id, category_id, amount, month, created_at, updated_at) VALUES (46, 10, 20, 4612.94, '2026-07-01', NOW(), NOW());
INSERT INTO budgets (id, user_id, category_id, amount, month, created_at, updated_at) VALUES (47, 10, 10, 2445.35, '2026-07-01', NOW(), NOW());
INSERT INTO budgets (id, user_id, category_id, amount, month, created_at, updated_at) VALUES (48, 10, 26, 1894.96, '2026-07-01', NOW(), NOW());
INSERT INTO budgets (id, user_id, category_id, amount, month, created_at, updated_at) VALUES (49, 10, 18, 3599.55, '2026-07-01', NOW(), NOW());
INSERT INTO budgets (id, user_id, category_id, amount, month, created_at, updated_at) VALUES (50, 10, 25, 3913.35, '2026-07-01', NOW(), NOW());
INSERT INTO goals (id, user_id, name, target_amount, current_amount, status, deadline, created_at, updated_at) VALUES (41, 10, 'Casa', 87568.51, 3874.03, 'paused', '2027-03-02', NOW(), NOW());
INSERT INTO goals (id, user_id, name, target_amount, current_amount, status, deadline, created_at, updated_at) VALUES (42, 10, 'Viaje a Japón', 17690.70, 15273.74, 'completed', '2027-01-13', NOW(), NOW());
INSERT INTO goals (id, user_id, name, target_amount, current_amount, status, deadline, created_at, updated_at) VALUES (43, 10, 'Laptop nueva', 23174.30, 1154.38, 'paused', '2027-01-15', NOW(), NOW());
INSERT INTO goals (id, user_id, name, target_amount, current_amount, status, deadline, created_at, updated_at) VALUES (44, 10, 'Comprar automóvil', 79998.57, 74929.79, 'paused', '2026-08-03', NOW(), NOW());
INSERT INTO subscriptions (id, user_id, name, amount, billing_cycle, next_billing_date, category_id, account_id, created_at, updated_at) VALUES (69, 10, 'Microsoft 365', 117.07, 'monthly', '2026-07-22', 27, 45, NOW(), NOW());
INSERT INTO subscriptions (id, user_id, name, amount, billing_cycle, next_billing_date, category_id, account_id, created_at, updated_at) VALUES (70, 10, 'Spotify', 313.83, 'monthly', '2026-07-04', 23, 46, NOW(), NOW());
INSERT INTO subscriptions (id, user_id, name, amount, billing_cycle, next_billing_date, category_id, account_id, created_at, updated_at) VALUES (71, 10, 'Crunchyroll', 169.43, 'monthly', '2026-07-31', 18, 43, NOW(), NOW());
INSERT INTO subscriptions (id, user_id, name, amount, billing_cycle, next_billing_date, category_id, account_id, created_at, updated_at) VALUES (72, 10, 'YouTube Premium', 237.01, 'monthly', '2026-07-17', 24, 47, NOW(), NOW());
INSERT INTO subscriptions (id, user_id, name, amount, billing_cycle, next_billing_date, category_id, account_id, created_at, updated_at) VALUES (73, 10, 'Disney+', 240.94, 'monthly', '2026-07-30', 17, 44, NOW(), NOW());
INSERT INTO subscriptions (id, user_id, name, amount, billing_cycle, next_billing_date, category_id, account_id, created_at, updated_at) VALUES (74, 10, 'Netflix', 145.25, 'monthly', '2026-07-18', 6, 47, NOW(), NOW());
INSERT INTO investments (id, user_id, account_id, symbol, quantity, average_price, currency, type, created_at, updated_at) VALUES (28, 10, 46, 'VTI', 24.02, 137.66, 'USD', 'etf', NOW(), NOW());
INSERT INTO investment_prices (id, investment_id, price, date, created_at, updated_at) VALUES (811, 28, 144.09, '2025-07-14 06:34:37', NOW(), NOW());
INSERT INTO investment_prices (id, investment_id, price, date, created_at, updated_at) VALUES (812, 28, 150.50, '2025-07-26 06:34:37', NOW(), NOW());
INSERT INTO investment_prices (id, investment_id, price, date, created_at, updated_at) VALUES (813, 28, 151.02, '2025-08-07 06:34:37', NOW(), NOW());
INSERT INTO investment_prices (id, investment_id, price, date, created_at, updated_at) VALUES (814, 28, 151.14, '2025-08-19 06:34:37', NOW(), NOW());
INSERT INTO investment_prices (id, investment_id, price, date, created_at, updated_at) VALUES (815, 28, 152.46, '2025-08-31 06:34:37', NOW(), NOW());
INSERT INTO investment_prices (id, investment_id, price, date, created_at, updated_at) VALUES (816, 28, 158.70, '2025-09-12 06:34:37', NOW(), NOW());
INSERT INTO investment_prices (id, investment_id, price, date, created_at, updated_at) VALUES (817, 28, 163.36, '2025-09-24 06:34:37', NOW(), NOW());
INSERT INTO investment_prices (id, investment_id, price, date, created_at, updated_at) VALUES (818, 28, 169.65, '2025-10-06 06:34:37', NOW(), NOW());
INSERT INTO investment_prices (id, investment_id, price, date, created_at, updated_at) VALUES (819, 28, 178.06, '2025-10-18 06:34:37', NOW(), NOW());
INSERT INTO investment_prices (id, investment_id, price, date, created_at, updated_at) VALUES (820, 28, 176.05, '2025-10-30 06:34:37', NOW(), NOW());
INSERT INTO investment_prices (id, investment_id, price, date, created_at, updated_at) VALUES (821, 28, 181.25, '2025-11-11 06:34:37', NOW(), NOW());
INSERT INTO investment_prices (id, investment_id, price, date, created_at, updated_at) VALUES (822, 28, 175.91, '2025-11-23 06:34:37', NOW(), NOW());
INSERT INTO investment_prices (id, investment_id, price, date, created_at, updated_at) VALUES (823, 28, 180.27, '2025-12-05 06:34:37', NOW(), NOW());
INSERT INTO investment_prices (id, investment_id, price, date, created_at, updated_at) VALUES (824, 28, 182.13, '2025-12-17 06:34:37', NOW(), NOW());
INSERT INTO investment_prices (id, investment_id, price, date, created_at, updated_at) VALUES (825, 28, 192.75, '2025-12-29 06:34:37', NOW(), NOW());
INSERT INTO investment_prices (id, investment_id, price, date, created_at, updated_at) VALUES (826, 28, 192.03, '2026-01-10 06:34:37', NOW(), NOW());
INSERT INTO investment_prices (id, investment_id, price, date, created_at, updated_at) VALUES (827, 28, 190.14, '2026-01-22 06:34:37', NOW(), NOW());
INSERT INTO investment_prices (id, investment_id, price, date, created_at, updated_at) VALUES (828, 28, 200.18, '2026-02-03 06:34:37', NOW(), NOW());
INSERT INTO investment_prices (id, investment_id, price, date, created_at, updated_at) VALUES (829, 28, 208.68, '2026-02-15 06:34:37', NOW(), NOW());
INSERT INTO investment_prices (id, investment_id, price, date, created_at, updated_at) VALUES (830, 28, 206.73, '2026-02-27 06:34:37', NOW(), NOW());
INSERT INTO investment_prices (id, investment_id, price, date, created_at, updated_at) VALUES (831, 28, 208.39, '2026-03-11 06:34:37', NOW(), NOW());
INSERT INTO investment_prices (id, investment_id, price, date, created_at, updated_at) VALUES (832, 28, 204.28, '2026-03-23 06:34:37', NOW(), NOW());
INSERT INTO investment_prices (id, investment_id, price, date, created_at, updated_at) VALUES (833, 28, 202.15, '2026-04-04 06:34:37', NOW(), NOW());
INSERT INTO investment_prices (id, investment_id, price, date, created_at, updated_at) VALUES (834, 28, 200.19, '2026-04-16 06:34:37', NOW(), NOW());
INSERT INTO investment_prices (id, investment_id, price, date, created_at, updated_at) VALUES (835, 28, 200.07, '2026-04-28 06:34:37', NOW(), NOW());
INSERT INTO investment_prices (id, investment_id, price, date, created_at, updated_at) VALUES (836, 28, 204.39, '2026-05-10 06:34:37', NOW(), NOW());
INSERT INTO investment_prices (id, investment_id, price, date, created_at, updated_at) VALUES (837, 28, 201.35, '2026-05-22 06:34:37', NOW(), NOW());
INSERT INTO investment_prices (id, investment_id, price, date, created_at, updated_at) VALUES (838, 28, 205.48, '2026-06-03 06:34:37', NOW(), NOW());
INSERT INTO investment_prices (id, investment_id, price, date, created_at, updated_at) VALUES (839, 28, 208.19, '2026-06-15 06:34:37', NOW(), NOW());
INSERT INTO investment_prices (id, investment_id, price, date, created_at, updated_at) VALUES (840, 28, 209.82, '2026-06-27 06:34:37', NOW(), NOW());
INSERT INTO investments (id, user_id, account_id, symbol, quantity, average_price, currency, type, created_at, updated_at) VALUES (29, 10, 44, 'AMD', 34.79, 461.61, 'USD', 'stock', NOW(), NOW());
INSERT INTO investment_prices (id, investment_id, price, date, created_at, updated_at) VALUES (841, 29, 452.83, '2025-07-14 06:34:37', NOW(), NOW());
INSERT INTO investment_prices (id, investment_id, price, date, created_at, updated_at) VALUES (842, 29, 475.85, '2025-07-26 06:34:37', NOW(), NOW());
INSERT INTO investment_prices (id, investment_id, price, date, created_at, updated_at) VALUES (843, 29, 470.99, '2025-08-07 06:34:37', NOW(), NOW());
INSERT INTO investment_prices (id, investment_id, price, date, created_at, updated_at) VALUES (844, 29, 465.30, '2025-08-19 06:34:37', NOW(), NOW());
INSERT INTO investment_prices (id, investment_id, price, date, created_at, updated_at) VALUES (845, 29, 452.65, '2025-08-31 06:34:37', NOW(), NOW());
INSERT INTO investment_prices (id, investment_id, price, date, created_at, updated_at) VALUES (846, 29, 460.29, '2025-09-12 06:34:37', NOW(), NOW());
INSERT INTO investment_prices (id, investment_id, price, date, created_at, updated_at) VALUES (847, 29, 469.55, '2025-09-24 06:34:37', NOW(), NOW());
INSERT INTO investment_prices (id, investment_id, price, date, created_at, updated_at) VALUES (848, 29, 494.10, '2025-10-06 06:34:37', NOW(), NOW());
INSERT INTO investment_prices (id, investment_id, price, date, created_at, updated_at) VALUES (849, 29, 480.41, '2025-10-18 06:34:37', NOW(), NOW());
INSERT INTO investment_prices (id, investment_id, price, date, created_at, updated_at) VALUES (850, 29, 507.54, '2025-10-30 06:34:37', NOW(), NOW());
INSERT INTO investment_prices (id, investment_id, price, date, created_at, updated_at) VALUES (851, 29, 531.31, '2025-11-11 06:34:37', NOW(), NOW());
INSERT INTO investment_prices (id, investment_id, price, date, created_at, updated_at) VALUES (852, 29, 537.10, '2025-11-23 06:34:37', NOW(), NOW());
INSERT INTO investment_prices (id, investment_id, price, date, created_at, updated_at) VALUES (853, 29, 553.64, '2025-12-05 06:34:37', NOW(), NOW());
INSERT INTO investment_prices (id, investment_id, price, date, created_at, updated_at) VALUES (854, 29, 536.27, '2025-12-17 06:34:37', NOW(), NOW());
INSERT INTO investment_prices (id, investment_id, price, date, created_at, updated_at) VALUES (855, 29, 528.15, '2025-12-29 06:34:37', NOW(), NOW());
INSERT INTO investment_prices (id, investment_id, price, date, created_at, updated_at) VALUES (856, 29, 541.43, '2026-01-10 06:34:37', NOW(), NOW());
INSERT INTO investment_prices (id, investment_id, price, date, created_at, updated_at) VALUES (857, 29, 567.87, '2026-01-22 06:34:37', NOW(), NOW());
INSERT INTO investment_prices (id, investment_id, price, date, created_at, updated_at) VALUES (858, 29, 549.36, '2026-02-03 06:34:37', NOW(), NOW());
INSERT INTO investment_prices (id, investment_id, price, date, created_at, updated_at) VALUES (859, 29, 574.73, '2026-02-15 06:34:37', NOW(), NOW());
INSERT INTO investment_prices (id, investment_id, price, date, created_at, updated_at) VALUES (860, 29, 560.37, '2026-02-27 06:34:37', NOW(), NOW());
INSERT INTO investment_prices (id, investment_id, price, date, created_at, updated_at) VALUES (861, 29, 564.79, '2026-03-11 06:34:37', NOW(), NOW());
INSERT INTO investment_prices (id, investment_id, price, date, created_at, updated_at) VALUES (862, 29, 546.41, '2026-03-23 06:34:37', NOW(), NOW());
INSERT INTO investment_prices (id, investment_id, price, date, created_at, updated_at) VALUES (863, 29, 530.44, '2026-04-04 06:34:37', NOW(), NOW());
INSERT INTO investment_prices (id, investment_id, price, date, created_at, updated_at) VALUES (864, 29, 551.49, '2026-04-16 06:34:37', NOW(), NOW());
INSERT INTO investment_prices (id, investment_id, price, date, created_at, updated_at) VALUES (865, 29, 532.44, '2026-04-28 06:34:37', NOW(), NOW());
INSERT INTO investment_prices (id, investment_id, price, date, created_at, updated_at) VALUES (866, 29, 550.49, '2026-05-10 06:34:37', NOW(), NOW());
INSERT INTO investment_prices (id, investment_id, price, date, created_at, updated_at) VALUES (867, 29, 548.58, '2026-05-22 06:34:37', NOW(), NOW());
INSERT INTO investment_prices (id, investment_id, price, date, created_at, updated_at) VALUES (868, 29, 565.61, '2026-06-03 06:34:37', NOW(), NOW());
INSERT INTO investment_prices (id, investment_id, price, date, created_at, updated_at) VALUES (869, 29, 588.36, '2026-06-15 06:34:37', NOW(), NOW());
INSERT INTO investment_prices (id, investment_id, price, date, created_at, updated_at) VALUES (870, 29, 580.04, '2026-06-27 06:34:37', NOW(), NOW());
INSERT INTO investments (id, user_id, account_id, symbol, quantity, average_price, currency, type, created_at, updated_at) VALUES (30, 10, 43, 'SOL', 14.66, 125.11, 'USD', 'crypto', NOW(), NOW());
INSERT INTO investment_prices (id, investment_id, price, date, created_at, updated_at) VALUES (871, 30, 125.19, '2025-07-14 06:34:37', NOW(), NOW());
INSERT INTO investment_prices (id, investment_id, price, date, created_at, updated_at) VALUES (872, 30, 123.69, '2025-07-26 06:34:37', NOW(), NOW());
INSERT INTO investment_prices (id, investment_id, price, date, created_at, updated_at) VALUES (873, 30, 123.10, '2025-08-07 06:34:37', NOW(), NOW());
INSERT INTO investment_prices (id, investment_id, price, date, created_at, updated_at) VALUES (874, 30, 127.46, '2025-08-19 06:34:37', NOW(), NOW());
INSERT INTO investment_prices (id, investment_id, price, date, created_at, updated_at) VALUES (875, 30, 127.39, '2025-08-31 06:34:37', NOW(), NOW());
INSERT INTO investment_prices (id, investment_id, price, date, created_at, updated_at) VALUES (876, 30, 128.65, '2025-09-12 06:34:37', NOW(), NOW());
INSERT INTO investment_prices (id, investment_id, price, date, created_at, updated_at) VALUES (877, 30, 129.58, '2025-09-24 06:34:37', NOW(), NOW());
INSERT INTO investment_prices (id, investment_id, price, date, created_at, updated_at) VALUES (878, 30, 130.44, '2025-10-06 06:34:37', NOW(), NOW());
INSERT INTO investment_prices (id, investment_id, price, date, created_at, updated_at) VALUES (879, 30, 133.27, '2025-10-18 06:34:37', NOW(), NOW());
INSERT INTO investment_prices (id, investment_id, price, date, created_at, updated_at) VALUES (880, 30, 130.57, '2025-10-30 06:34:37', NOW(), NOW());
INSERT INTO investment_prices (id, investment_id, price, date, created_at, updated_at) VALUES (881, 30, 128.47, '2025-11-11 06:34:37', NOW(), NOW());
INSERT INTO investment_prices (id, investment_id, price, date, created_at, updated_at) VALUES (882, 30, 131.59, '2025-11-23 06:34:37', NOW(), NOW());
INSERT INTO investment_prices (id, investment_id, price, date, created_at, updated_at) VALUES (883, 30, 138.96, '2025-12-05 06:34:37', NOW(), NOW());
INSERT INTO investment_prices (id, investment_id, price, date, created_at, updated_at) VALUES (884, 30, 136.44, '2025-12-17 06:34:37', NOW(), NOW());
INSERT INTO investment_prices (id, investment_id, price, date, created_at, updated_at) VALUES (885, 30, 138.47, '2025-12-29 06:34:37', NOW(), NOW());
INSERT INTO investment_prices (id, investment_id, price, date, created_at, updated_at) VALUES (886, 30, 137.98, '2026-01-10 06:34:37', NOW(), NOW());
INSERT INTO investment_prices (id, investment_id, price, date, created_at, updated_at) VALUES (887, 30, 135.52, '2026-01-22 06:34:37', NOW(), NOW());
INSERT INTO investment_prices (id, investment_id, price, date, created_at, updated_at) VALUES (888, 30, 141.63, '2026-02-03 06:34:37', NOW(), NOW());
INSERT INTO investment_prices (id, investment_id, price, date, created_at, updated_at) VALUES (889, 30, 146.93, '2026-02-15 06:34:37', NOW(), NOW());
INSERT INTO investment_prices (id, investment_id, price, date, created_at, updated_at) VALUES (890, 30, 142.54, '2026-02-27 06:34:37', NOW(), NOW());
INSERT INTO investment_prices (id, investment_id, price, date, created_at, updated_at) VALUES (891, 30, 148.42, '2026-03-11 06:34:37', NOW(), NOW());
INSERT INTO investment_prices (id, investment_id, price, date, created_at, updated_at) VALUES (892, 30, 142.62, '2026-03-23 06:34:37', NOW(), NOW());
INSERT INTO investment_prices (id, investment_id, price, date, created_at, updated_at) VALUES (893, 30, 146.29, '2026-04-04 06:34:37', NOW(), NOW());
INSERT INTO investment_prices (id, investment_id, price, date, created_at, updated_at) VALUES (894, 30, 153.65, '2026-04-16 06:34:37', NOW(), NOW());
INSERT INTO investment_prices (id, investment_id, price, date, created_at, updated_at) VALUES (895, 30, 158.41, '2026-04-28 06:34:37', NOW(), NOW());
INSERT INTO investment_prices (id, investment_id, price, date, created_at, updated_at) VALUES (896, 30, 164.33, '2026-05-10 06:34:37', NOW(), NOW());
INSERT INTO investment_prices (id, investment_id, price, date, created_at, updated_at) VALUES (897, 30, 166.99, '2026-05-22 06:34:37', NOW(), NOW());
INSERT INTO investment_prices (id, investment_id, price, date, created_at, updated_at) VALUES (898, 30, 169.58, '2026-06-03 06:34:37', NOW(), NOW());
INSERT INTO investment_prices (id, investment_id, price, date, created_at, updated_at) VALUES (899, 30, 165.15, '2026-06-15 06:34:37', NOW(), NOW());
INSERT INTO investment_prices (id, investment_id, price, date, created_at, updated_at) VALUES (900, 30, 162.00, '2026-06-27 06:34:37', NOW(), NOW());
INSERT INTO reminders (id, user_id, title, description, due_date, status, created_at, updated_at) VALUES (58, 10, 'Comprar gasolina', 'Recordatorio generado automáticamente', '2026-08-27 17:12:38', 'completed', NOW(), NOW());
INSERT INTO reminders (id, user_id, title, description, due_date, status, created_at, updated_at) VALUES (59, 10, 'Renovar seguro', 'Recordatorio generado automáticamente', '2026-07-23 14:37:06', 'pending', NOW(), NOW());
INSERT INTO reminders (id, user_id, title, description, due_date, status, created_at, updated_at) VALUES (60, 10, 'Pagar tarjeta', 'Recordatorio generado automáticamente', '2026-07-07 05:37:53', 'pending', NOW(), NOW());
INSERT INTO reminders (id, user_id, title, description, due_date, status, created_at, updated_at) VALUES (61, 10, 'Pagar tarjeta', 'Recordatorio generado automáticamente', '2026-08-05 20:52:56', 'completed', NOW(), NOW());
INSERT INTO reminders (id, user_id, title, description, due_date, status, created_at, updated_at) VALUES (62, 10, 'Renovar seguro', 'Recordatorio generado automáticamente', '2026-07-17 15:18:03', 'pending', NOW(), NOW());
INSERT INTO reminders (id, user_id, title, description, due_date, status, created_at, updated_at) VALUES (63, 10, 'Pagar tarjeta', 'Recordatorio generado automáticamente', '2026-08-16 23:28:55', 'pending', NOW(), NOW());
INSERT INTO reminders (id, user_id, title, description, due_date, status, created_at, updated_at) VALUES (64, 10, 'Renovar seguro', 'Recordatorio generado automáticamente', '2026-07-06 05:41:00', 'pending', NOW(), NOW());
INSERT INTO reminders (id, user_id, title, description, due_date, status, created_at, updated_at) VALUES (65, 10, 'Pagar tarjeta', 'Recordatorio generado automáticamente', '2026-07-18 02:59:03', 'pending', NOW(), NOW());
INSERT INTO reminders (id, user_id, title, description, due_date, status, created_at, updated_at) VALUES (66, 10, 'Pagar tarjeta', 'Recordatorio generado automáticamente', '2026-07-26 12:15:18', 'pending', NOW(), NOW());
INSERT INTO receipts (id, user_id, transaction_id, merchant, total_amount, date, image_url, created_at, updated_at) VALUES (202, 10, 524, 'Apple', 3236.08, '2026-05-07 03:00:44', 'https://example.com/receipt_524.jpg', NOW(), NOW());
INSERT INTO receipts (id, user_id, transaction_id, merchant, total_amount, date, image_url, created_at, updated_at) VALUES (203, 10, 488, 'Gasolinera Pemex', 1419.63, '2025-08-21 11:23:11', 'https://example.com/receipt_488.jpg', NOW(), NOW());
INSERT INTO receipts (id, user_id, transaction_id, merchant, total_amount, date, image_url, created_at, updated_at) VALUES (204, 10, 532, 'Empresa S.A. de C.V.', 4932.06, '2025-09-18 07:55:14', 'https://example.com/receipt_532.jpg', NOW(), NOW());
INSERT INTO receipts (id, user_id, transaction_id, merchant, total_amount, date, image_url, created_at, updated_at) VALUES (205, 10, 516, 'Dividendos GBM', 4797.58, '2026-04-17 18:28:44', 'https://example.com/receipt_516.jpg', NOW(), NOW());
INSERT INTO receipts (id, user_id, transaction_id, merchant, total_amount, date, image_url, created_at, updated_at) VALUES (206, 10, 521, 'Apple', 2877.93, '2025-10-14 13:33:28', 'https://example.com/receipt_521.jpg', NOW(), NOW());
INSERT INTO receipts (id, user_id, transaction_id, merchant, total_amount, date, image_url, created_at, updated_at) VALUES (207, 10, 542, 'Apple', 3038.87, '2025-08-28 05:29:46', 'https://example.com/receipt_542.jpg', NOW(), NOW());
INSERT INTO receipts (id, user_id, transaction_id, merchant, total_amount, date, image_url, created_at, updated_at) VALUES (208, 10, 528, 'CFE', 3866.87, '2025-07-22 09:14:41', 'https://example.com/receipt_528.jpg', NOW(), NOW());
INSERT INTO receipts (id, user_id, transaction_id, merchant, total_amount, date, image_url, created_at, updated_at) VALUES (209, 10, 551, 'Netflix', 3355.39, '2025-08-01 23:09:09', 'https://example.com/receipt_551.jpg', NOW(), NOW());
INSERT INTO receipts (id, user_id, transaction_id, merchant, total_amount, date, image_url, created_at, updated_at) VALUES (210, 10, 501, 'Interactive Brokers', 2680.83, '2026-05-20 11:47:25', 'https://example.com/receipt_501.jpg', NOW(), NOW());
INSERT INTO receipts (id, user_id, transaction_id, merchant, total_amount, date, image_url, created_at, updated_at) VALUES (211, 10, 489, 'Mercado Libre', 548.80, '2025-10-21 17:35:23', 'https://example.com/receipt_489.jpg', NOW(), NOW());
INSERT INTO receipts (id, user_id, transaction_id, merchant, total_amount, date, image_url, created_at, updated_at) VALUES (212, 10, 548, 'CFE', 3185.23, '2025-07-12 20:09:36', 'https://example.com/receipt_548.jpg', NOW(), NOW());
INSERT INTO receipts (id, user_id, transaction_id, merchant, total_amount, date, image_url, created_at, updated_at) VALUES (213, 10, 497, 'Gasolinera Pemex', 4162.33, '2026-06-02 10:47:44', 'https://example.com/receipt_497.jpg', NOW(), NOW());
INSERT INTO receipts (id, user_id, transaction_id, merchant, total_amount, date, image_url, created_at, updated_at) VALUES (214, 10, 488, 'Gasolinera Pemex', 1419.63, '2025-08-21 11:23:11', 'https://example.com/receipt_488.jpg', NOW(), NOW());
INSERT INTO receipts (id, user_id, transaction_id, merchant, total_amount, date, image_url, created_at, updated_at) VALUES (215, 10, 528, 'CFE', 3866.87, '2025-07-22 09:14:41', 'https://example.com/receipt_528.jpg', NOW(), NOW());
INSERT INTO receipts (id, user_id, transaction_id, merchant, total_amount, date, image_url, created_at, updated_at) VALUES (216, 10, 545, 'Dividendos GBM', 4597.16, '2025-12-04 04:32:02', 'https://example.com/receipt_545.jpg', NOW(), NOW());
INSERT INTO receipts (id, user_id, transaction_id, merchant, total_amount, date, image_url, created_at, updated_at) VALUES (217, 10, 509, 'Cinépolis', 1315.05, '2026-04-22 03:48:22', 'https://example.com/receipt_509.jpg', NOW(), NOW());
INSERT INTO receipts (id, user_id, transaction_id, merchant, total_amount, date, image_url, created_at, updated_at) VALUES (218, 10, 489, 'Mercado Libre', 548.80, '2025-10-21 17:35:23', 'https://example.com/receipt_489.jpg', NOW(), NOW());
INSERT INTO receipts (id, user_id, transaction_id, merchant, total_amount, date, image_url, created_at, updated_at) VALUES (219, 10, 528, 'CFE', 3866.87, '2025-07-22 09:14:41', 'https://example.com/receipt_528.jpg', NOW(), NOW());
INSERT INTO receipts (id, user_id, transaction_id, merchant, total_amount, date, image_url, created_at, updated_at) VALUES (220, 10, 517, 'Telcel', 4921.66, '2025-11-17 14:25:35', 'https://example.com/receipt_517.jpg', NOW(), NOW());
INSERT INTO receipts (id, user_id, transaction_id, merchant, total_amount, date, image_url, created_at, updated_at) VALUES (221, 10, 535, 'Izzi', 3146.13, '2026-05-28 02:45:29', 'https://example.com/receipt_535.jpg', NOW(), NOW());
INSERT INTO receipts (id, user_id, transaction_id, merchant, total_amount, date, image_url, created_at, updated_at) VALUES (222, 10, 548, 'CFE', 3185.23, '2025-07-12 20:09:36', 'https://example.com/receipt_548.jpg', NOW(), NOW());
INSERT INTO receipts (id, user_id, transaction_id, merchant, total_amount, date, image_url, created_at, updated_at) VALUES (223, 10, 498, 'Cinépolis', 4324.25, '2025-08-12 18:51:02', 'https://example.com/receipt_498.jpg', NOW(), NOW());
INSERT INTO financial_snapshots (id, user_id, date, net_worth, total_assets, total_liabilities, created_at, updated_at) VALUES (469, 10, '2025-07-02', 32046.40, 38455.68, 6409.28, NOW(), NOW());
INSERT INTO financial_snapshots (id, user_id, date, net_worth, total_assets, total_liabilities, created_at, updated_at) VALUES (470, 10, '2025-07-09', 33018.88, 39622.66, 6603.78, NOW(), NOW());
INSERT INTO financial_snapshots (id, user_id, date, net_worth, total_assets, total_liabilities, created_at, updated_at) VALUES (471, 10, '2025-07-16', 32626.10, 39151.32, 6525.22, NOW(), NOW());
INSERT INTO financial_snapshots (id, user_id, date, net_worth, total_assets, total_liabilities, created_at, updated_at) VALUES (472, 10, '2025-07-23', 32916.94, 39500.33, 6583.39, NOW(), NOW());
INSERT INTO financial_snapshots (id, user_id, date, net_worth, total_assets, total_liabilities, created_at, updated_at) VALUES (473, 10, '2025-07-30', 33637.87, 40365.44, 6727.57, NOW(), NOW());
INSERT INTO financial_snapshots (id, user_id, date, net_worth, total_assets, total_liabilities, created_at, updated_at) VALUES (474, 10, '2025-08-06', 34892.03, 41870.44, 6978.41, NOW(), NOW());
INSERT INTO financial_snapshots (id, user_id, date, net_worth, total_assets, total_liabilities, created_at, updated_at) VALUES (475, 10, '2025-08-13', 35462.85, 42555.42, 7092.57, NOW(), NOW());
INSERT INTO financial_snapshots (id, user_id, date, net_worth, total_assets, total_liabilities, created_at, updated_at) VALUES (476, 10, '2025-08-20', 36731.89, 44078.27, 7346.38, NOW(), NOW());
INSERT INTO financial_snapshots (id, user_id, date, net_worth, total_assets, total_liabilities, created_at, updated_at) VALUES (477, 10, '2025-08-27', 36327.59, 43593.11, 7265.52, NOW(), NOW());
INSERT INTO financial_snapshots (id, user_id, date, net_worth, total_assets, total_liabilities, created_at, updated_at) VALUES (478, 10, '2025-09-03', 37615.58, 45138.70, 7523.12, NOW(), NOW());
INSERT INTO financial_snapshots (id, user_id, date, net_worth, total_assets, total_liabilities, created_at, updated_at) VALUES (479, 10, '2025-09-10', 39027.09, 46832.51, 7805.42, NOW(), NOW());
INSERT INTO financial_snapshots (id, user_id, date, net_worth, total_assets, total_liabilities, created_at, updated_at) VALUES (480, 10, '2025-09-17', 39717.21, 47660.65, 7943.44, NOW(), NOW());
INSERT INTO financial_snapshots (id, user_id, date, net_worth, total_assets, total_liabilities, created_at, updated_at) VALUES (481, 10, '2025-09-24', 40803.26, 48963.91, 8160.65, NOW(), NOW());
INSERT INTO financial_snapshots (id, user_id, date, net_worth, total_assets, total_liabilities, created_at, updated_at) VALUES (482, 10, '2025-10-01', 41636.82, 49964.18, 8327.36, NOW(), NOW());
INSERT INTO financial_snapshots (id, user_id, date, net_worth, total_assets, total_liabilities, created_at, updated_at) VALUES (483, 10, '2025-10-08', 41902.54, 50283.05, 8380.51, NOW(), NOW());
INSERT INTO financial_snapshots (id, user_id, date, net_worth, total_assets, total_liabilities, created_at, updated_at) VALUES (484, 10, '2025-10-15', 43244.12, 51892.94, 8648.82, NOW(), NOW());
INSERT INTO financial_snapshots (id, user_id, date, net_worth, total_assets, total_liabilities, created_at, updated_at) VALUES (485, 10, '2025-10-22', 44041.22, 52849.46, 8808.24, NOW(), NOW());
INSERT INTO financial_snapshots (id, user_id, date, net_worth, total_assets, total_liabilities, created_at, updated_at) VALUES (486, 10, '2025-10-29', 44269.57, 53123.48, 8853.91, NOW(), NOW());
INSERT INTO financial_snapshots (id, user_id, date, net_worth, total_assets, total_liabilities, created_at, updated_at) VALUES (487, 10, '2025-11-05', 44490.52, 53388.62, 8898.10, NOW(), NOW());
INSERT INTO financial_snapshots (id, user_id, date, net_worth, total_assets, total_liabilities, created_at, updated_at) VALUES (488, 10, '2025-11-12', 45541.88, 54650.26, 9108.38, NOW(), NOW());
INSERT INTO financial_snapshots (id, user_id, date, net_worth, total_assets, total_liabilities, created_at, updated_at) VALUES (489, 10, '2025-11-19', 45446.62, 54535.94, 9089.32, NOW(), NOW());
INSERT INTO financial_snapshots (id, user_id, date, net_worth, total_assets, total_liabilities, created_at, updated_at) VALUES (490, 10, '2025-11-26', 45670.12, 54804.14, 9134.02, NOW(), NOW());
INSERT INTO financial_snapshots (id, user_id, date, net_worth, total_assets, total_liabilities, created_at, updated_at) VALUES (491, 10, '2025-12-03', 46318.47, 55582.16, 9263.69, NOW(), NOW());
INSERT INTO financial_snapshots (id, user_id, date, net_worth, total_assets, total_liabilities, created_at, updated_at) VALUES (492, 10, '2025-12-10', 47334.43, 56801.32, 9466.89, NOW(), NOW());
INSERT INTO financial_snapshots (id, user_id, date, net_worth, total_assets, total_liabilities, created_at, updated_at) VALUES (493, 10, '2025-12-17', 48519.11, 58222.93, 9703.82, NOW(), NOW());
INSERT INTO financial_snapshots (id, user_id, date, net_worth, total_assets, total_liabilities, created_at, updated_at) VALUES (494, 10, '2025-12-24', 49708.67, 59650.40, 9941.73, NOW(), NOW());
INSERT INTO financial_snapshots (id, user_id, date, net_worth, total_assets, total_liabilities, created_at, updated_at) VALUES (495, 10, '2025-12-31', 50663.35, 60796.02, 10132.67, NOW(), NOW());
INSERT INTO financial_snapshots (id, user_id, date, net_worth, total_assets, total_liabilities, created_at, updated_at) VALUES (496, 10, '2026-01-07', 51089.05, 61306.86, 10217.81, NOW(), NOW());
INSERT INTO financial_snapshots (id, user_id, date, net_worth, total_assets, total_liabilities, created_at, updated_at) VALUES (497, 10, '2026-01-14', 51437.10, 61724.52, 10287.42, NOW(), NOW());
INSERT INTO financial_snapshots (id, user_id, date, net_worth, total_assets, total_liabilities, created_at, updated_at) VALUES (498, 10, '2026-01-21', 52445.79, 62934.95, 10489.16, NOW(), NOW());
INSERT INTO financial_snapshots (id, user_id, date, net_worth, total_assets, total_liabilities, created_at, updated_at) VALUES (499, 10, '2026-01-28', 53806.69, 64568.03, 10761.34, NOW(), NOW());
INSERT INTO financial_snapshots (id, user_id, date, net_worth, total_assets, total_liabilities, created_at, updated_at) VALUES (500, 10, '2026-02-04', 54592.31, 65510.77, 10918.46, NOW(), NOW());
INSERT INTO financial_snapshots (id, user_id, date, net_worth, total_assets, total_liabilities, created_at, updated_at) VALUES (501, 10, '2026-02-11', 55379.44, 66455.33, 11075.89, NOW(), NOW());
INSERT INTO financial_snapshots (id, user_id, date, net_worth, total_assets, total_liabilities, created_at, updated_at) VALUES (502, 10, '2026-02-18', 55489.16, 66586.99, 11097.83, NOW(), NOW());
INSERT INTO financial_snapshots (id, user_id, date, net_worth, total_assets, total_liabilities, created_at, updated_at) VALUES (503, 10, '2026-02-25', 56324.62, 67589.54, 11264.92, NOW(), NOW());
INSERT INTO financial_snapshots (id, user_id, date, net_worth, total_assets, total_liabilities, created_at, updated_at) VALUES (504, 10, '2026-03-04', 57696.73, 69236.08, 11539.35, NOW(), NOW());
INSERT INTO financial_snapshots (id, user_id, date, net_worth, total_assets, total_liabilities, created_at, updated_at) VALUES (505, 10, '2026-03-11', 57530.45, 69036.54, 11506.09, NOW(), NOW());
INSERT INTO financial_snapshots (id, user_id, date, net_worth, total_assets, total_liabilities, created_at, updated_at) VALUES (506, 10, '2026-03-18', 58665.65, 70398.78, 11733.13, NOW(), NOW());
INSERT INTO financial_snapshots (id, user_id, date, net_worth, total_assets, total_liabilities, created_at, updated_at) VALUES (507, 10, '2026-03-25', 59743.60, 71692.32, 11948.72, NOW(), NOW());
INSERT INTO financial_snapshots (id, user_id, date, net_worth, total_assets, total_liabilities, created_at, updated_at) VALUES (508, 10, '2026-04-01', 61112.93, 73335.52, 12222.59, NOW(), NOW());
INSERT INTO financial_snapshots (id, user_id, date, net_worth, total_assets, total_liabilities, created_at, updated_at) VALUES (509, 10, '2026-04-08', 61868.86, 74242.63, 12373.77, NOW(), NOW());
INSERT INTO financial_snapshots (id, user_id, date, net_worth, total_assets, total_liabilities, created_at, updated_at) VALUES (510, 10, '2026-04-15', 62472.51, 74967.01, 12494.50, NOW(), NOW());
INSERT INTO financial_snapshots (id, user_id, date, net_worth, total_assets, total_liabilities, created_at, updated_at) VALUES (511, 10, '2026-04-22', 63104.17, 75725.00, 12620.83, NOW(), NOW());
INSERT INTO financial_snapshots (id, user_id, date, net_worth, total_assets, total_liabilities, created_at, updated_at) VALUES (512, 10, '2026-04-29', 64167.63, 77001.16, 12833.53, NOW(), NOW());
INSERT INTO financial_snapshots (id, user_id, date, net_worth, total_assets, total_liabilities, created_at, updated_at) VALUES (513, 10, '2026-05-06', 65635.18, 78762.22, 13127.04, NOW(), NOW());
INSERT INTO financial_snapshots (id, user_id, date, net_worth, total_assets, total_liabilities, created_at, updated_at) VALUES (514, 10, '2026-05-13', 65463.03, 78555.64, 13092.61, NOW(), NOW());
INSERT INTO financial_snapshots (id, user_id, date, net_worth, total_assets, total_liabilities, created_at, updated_at) VALUES (515, 10, '2026-05-20', 66472.94, 79767.53, 13294.59, NOW(), NOW());
INSERT INTO financial_snapshots (id, user_id, date, net_worth, total_assets, total_liabilities, created_at, updated_at) VALUES (516, 10, '2026-05-27', 67046.13, 80455.36, 13409.23, NOW(), NOW());
INSERT INTO financial_snapshots (id, user_id, date, net_worth, total_assets, total_liabilities, created_at, updated_at) VALUES (517, 10, '2026-06-03', 67042.03, 80450.44, 13408.41, NOW(), NOW());
INSERT INTO financial_snapshots (id, user_id, date, net_worth, total_assets, total_liabilities, created_at, updated_at) VALUES (518, 10, '2026-06-10', 67623.65, 81148.38, 13524.73, NOW(), NOW());
INSERT INTO financial_snapshots (id, user_id, date, net_worth, total_assets, total_liabilities, created_at, updated_at) VALUES (519, 10, '2026-06-17', 68587.65, 82305.18, 13717.53, NOW(), NOW());
INSERT INTO financial_snapshots (id, user_id, date, net_worth, total_assets, total_liabilities, created_at, updated_at) VALUES (520, 10, '2026-06-24', 70006.84, 84008.21, 14001.37, NOW(), NOW());
INSERT INTO conversations (id, user_id, title, created_at, updated_at) VALUES (41, 10, 'Analiza mi portafolio', NOW(), NOW());
INSERT INTO messages (id, conversation_id, sender, content, created_at, updated_at) VALUES (566, 41, 'user', 'Pregunta sobre Analiza mi portafolio', '2026-06-29 06:41:37', NOW());
INSERT INTO messages (id, conversation_id, sender, content, created_at, updated_at) VALUES (567, 41, 'assistant', 'Respuesta del asistente a Analiza mi portafolio con análisis detallado.', '2026-06-29 06:48:37', NOW());
INSERT INTO messages (id, conversation_id, sender, content, created_at, updated_at) VALUES (568, 41, 'user', 'Pregunta sobre Analiza mi portafolio', '2026-06-29 06:53:37', NOW());
INSERT INTO messages (id, conversation_id, sender, content, created_at, updated_at) VALUES (569, 41, 'assistant', 'Respuesta del asistente a Analiza mi portafolio con análisis detallado.', '2026-06-29 07:03:37', NOW());
INSERT INTO messages (id, conversation_id, sender, content, created_at, updated_at) VALUES (570, 41, 'user', 'Pregunta sobre Analiza mi portafolio', '2026-06-29 07:07:37', NOW());
INSERT INTO messages (id, conversation_id, sender, content, created_at, updated_at) VALUES (571, 41, 'assistant', 'Respuesta del asistente a Analiza mi portafolio con análisis detallado.', '2026-06-29 07:16:37', NOW());
INSERT INTO messages (id, conversation_id, sender, content, created_at, updated_at) VALUES (572, 41, 'user', 'Pregunta sobre Analiza mi portafolio', '2026-06-29 07:21:37', NOW());
INSERT INTO messages (id, conversation_id, sender, content, created_at, updated_at) VALUES (573, 41, 'assistant', 'Respuesta del asistente a Analiza mi portafolio con análisis detallado.', '2026-06-29 07:22:37', NOW());
INSERT INTO messages (id, conversation_id, sender, content, created_at, updated_at) VALUES (574, 41, 'user', 'Pregunta sobre Analiza mi portafolio', '2026-06-29 07:24:37', NOW());
INSERT INTO messages (id, conversation_id, sender, content, created_at, updated_at) VALUES (575, 41, 'assistant', 'Respuesta del asistente a Analiza mi portafolio con análisis detallado.', '2026-06-29 07:34:37', NOW());
INSERT INTO messages (id, conversation_id, sender, content, created_at, updated_at) VALUES (576, 41, 'user', 'Pregunta sobre Analiza mi portafolio', '2026-06-29 07:44:37', NOW());
INSERT INTO messages (id, conversation_id, sender, content, created_at, updated_at) VALUES (577, 41, 'assistant', 'Respuesta del asistente a Analiza mi portafolio con análisis detallado.', '2026-06-29 07:54:37', NOW());
INSERT INTO messages (id, conversation_id, sender, content, created_at, updated_at) VALUES (578, 41, 'user', 'Pregunta sobre Analiza mi portafolio', '2026-06-29 08:02:37', NOW());
INSERT INTO messages (id, conversation_id, sender, content, created_at, updated_at) VALUES (579, 41, 'assistant', 'Respuesta del asistente a Analiza mi portafolio con análisis detallado.', '2026-06-29 08:06:37', NOW());
INSERT INTO messages (id, conversation_id, sender, content, created_at, updated_at) VALUES (580, 41, 'user', 'Pregunta sobre Analiza mi portafolio', '2026-06-29 08:10:37', NOW());
INSERT INTO conversations (id, user_id, title, created_at, updated_at) VALUES (42, 10, '¿Cómo puedo ahorrar?', NOW(), NOW());
INSERT INTO messages (id, conversation_id, sender, content, created_at, updated_at) VALUES (581, 42, 'user', 'Pregunta sobre ¿Cómo puedo ahorrar?', '2026-06-29 06:42:37', NOW());
INSERT INTO messages (id, conversation_id, sender, content, created_at, updated_at) VALUES (582, 42, 'assistant', 'Respuesta del asistente a ¿Cómo puedo ahorrar? con análisis detallado.', '2026-06-29 06:45:37', NOW());
INSERT INTO messages (id, conversation_id, sender, content, created_at, updated_at) VALUES (583, 42, 'user', 'Pregunta sobre ¿Cómo puedo ahorrar?', '2026-06-29 06:54:37', NOW());
INSERT INTO messages (id, conversation_id, sender, content, created_at, updated_at) VALUES (584, 42, 'assistant', 'Respuesta del asistente a ¿Cómo puedo ahorrar? con análisis detallado.', '2026-06-29 07:01:37', NOW());
INSERT INTO messages (id, conversation_id, sender, content, created_at, updated_at) VALUES (585, 42, 'user', 'Pregunta sobre ¿Cómo puedo ahorrar?', '2026-06-29 07:02:37', NOW());
INSERT INTO messages (id, conversation_id, sender, content, created_at, updated_at) VALUES (586, 42, 'assistant', 'Respuesta del asistente a ¿Cómo puedo ahorrar? con análisis detallado.', '2026-06-29 07:12:37', NOW());
INSERT INTO messages (id, conversation_id, sender, content, created_at, updated_at) VALUES (587, 42, 'user', 'Pregunta sobre ¿Cómo puedo ahorrar?', '2026-06-29 07:19:37', NOW());
INSERT INTO messages (id, conversation_id, sender, content, created_at, updated_at) VALUES (588, 42, 'assistant', 'Respuesta del asistente a ¿Cómo puedo ahorrar? con análisis detallado.', '2026-06-29 07:25:37', NOW());
INSERT INTO messages (id, conversation_id, sender, content, created_at, updated_at) VALUES (589, 42, 'user', 'Pregunta sobre ¿Cómo puedo ahorrar?', '2026-06-29 07:27:37', NOW());
INSERT INTO messages (id, conversation_id, sender, content, created_at, updated_at) VALUES (590, 42, 'assistant', 'Respuesta del asistente a ¿Cómo puedo ahorrar? con análisis detallado.', '2026-06-29 07:28:37', NOW());
INSERT INTO messages (id, conversation_id, sender, content, created_at, updated_at) VALUES (591, 42, 'user', 'Pregunta sobre ¿Cómo puedo ahorrar?', '2026-06-29 07:31:37', NOW());
INSERT INTO conversations (id, user_id, title, created_at, updated_at) VALUES (43, 10, '¿En qué gasto más?', NOW(), NOW());
INSERT INTO messages (id, conversation_id, sender, content, created_at, updated_at) VALUES (592, 43, 'user', 'Pregunta sobre ¿En qué gasto más?', '2026-06-29 06:42:37', NOW());
INSERT INTO messages (id, conversation_id, sender, content, created_at, updated_at) VALUES (593, 43, 'assistant', 'Respuesta del asistente a ¿En qué gasto más? con análisis detallado.', '2026-06-29 06:45:37', NOW());
INSERT INTO messages (id, conversation_id, sender, content, created_at, updated_at) VALUES (594, 43, 'user', 'Pregunta sobre ¿En qué gasto más?', '2026-06-29 06:54:37', NOW());
INSERT INTO messages (id, conversation_id, sender, content, created_at, updated_at) VALUES (595, 43, 'assistant', 'Respuesta del asistente a ¿En qué gasto más? con análisis detallado.', '2026-06-29 07:01:37', NOW());
INSERT INTO messages (id, conversation_id, sender, content, created_at, updated_at) VALUES (596, 43, 'user', 'Pregunta sobre ¿En qué gasto más?', '2026-06-29 07:08:37', NOW());
INSERT INTO messages (id, conversation_id, sender, content, created_at, updated_at) VALUES (597, 43, 'assistant', 'Respuesta del asistente a ¿En qué gasto más? con análisis detallado.', '2026-06-29 07:18:37', NOW());
INSERT INTO messages (id, conversation_id, sender, content, created_at, updated_at) VALUES (598, 43, 'user', 'Pregunta sobre ¿En qué gasto más?', '2026-06-29 07:25:37', NOW());
INSERT INTO messages (id, conversation_id, sender, content, created_at, updated_at) VALUES (599, 43, 'assistant', 'Respuesta del asistente a ¿En qué gasto más? con análisis detallado.', '2026-06-29 07:28:37', NOW());
INSERT INTO messages (id, conversation_id, sender, content, created_at, updated_at) VALUES (600, 43, 'user', 'Pregunta sobre ¿En qué gasto más?', '2026-06-29 07:29:37', NOW());
INSERT INTO messages (id, conversation_id, sender, content, created_at, updated_at) VALUES (601, 43, 'assistant', 'Respuesta del asistente a ¿En qué gasto más? con análisis detallado.', '2026-06-29 07:34:37', NOW());
INSERT INTO messages (id, conversation_id, sender, content, created_at, updated_at) VALUES (602, 43, 'user', 'Pregunta sobre ¿En qué gasto más?', '2026-06-29 07:44:37', NOW());
INSERT INTO messages (id, conversation_id, sender, content, created_at, updated_at) VALUES (603, 43, 'assistant', 'Respuesta del asistente a ¿En qué gasto más? con análisis detallado.', '2026-06-29 07:51:37', NOW());
SELECT setval('users_id_seq', 11);
SELECT setval('accounts_id_seq', 48);
SELECT setval('funds_id_seq', 61);
SELECT setval('fund_allocations_id_seq', 251);
SELECT setval('transactions_id_seq', 553);
SELECT setval('budgets_id_seq', 51);
SELECT setval('goals_id_seq', 45);
SELECT setval('subscriptions_id_seq', 75);
SELECT setval('investments_id_seq', 31);
SELECT setval('investment_prices_id_seq', 901);
SELECT setval('reminders_id_seq', 67);
SELECT setval('receipts_id_seq', 224);
SELECT setval('financial_snapshots_id_seq', 521);
SELECT setval('conversations_id_seq', 44);
SELECT setval('messages_id_seq', 604);
COMMIT;
